IO buffer OPT target,Weight buffer OPT target,Weight buffer Tech,IO Area (mm^2),Weight Area (mm^2),Systolic Array Area (mm^2),weight buffer carbon (g),io buffer carbon (g),systolic array carbon (g),total carbon (g)
Area,Area,HZO3,1.944,0.807463197,1.23904,11.788438,25.831872,16.464364,54.084673
Area,Area,HZO5,1.944,0.807463197,1.23904,11.915249,25.831872,16.464364,54.211485
Area,Area,SRAM-Best,1.944,3.874,1.23904,51.477712,25.831872,16.464364,93.773948
Area,ReadDynamicEnergy,HZO3,1.944,0.80947804,1.23904,11.815214,25.831872,16.464364,54.111449
Area,ReadDynamicEnergy,HZO5,1.944,0.80947804,1.23904,11.942026,25.831872,16.464364,54.238261
Area,ReadDynamicEnergy,SRAM-Best,1.944,4.098,1.23904,54.454224,25.831872,16.464364,96.75046
Area,ReadEDP,HZO3,1.944,0.982724629,1.23904,14.117309,25.831872,16.464364,56.413545
Area,ReadEDP,HZO5,1.944,0.982724629,1.23904,14.244121,25.831872,16.464364,56.540356
Area,ReadEDP,SRAM-Best,1.944,4.324,1.23904,57.457312,25.831872,16.464364,99.753548
Area,ReadLatency,HZO3,1.944,1.146,1.23904,16.287292,25.831872,16.464364,58.583527
Area,ReadLatency,HZO5,1.944,1.146,1.23904,16.414148,25.831872,16.464364,58.710384
Area,ReadLatency,SRAM-Best,1.944,4.112,1.23904,54.640256,25.831872,16.464364,96.936492
Area,WriteDynamicEnergy,HZO3,1.944,2.187,1.23904,30.119814,25.831872,16.464364,72.416049
Area,WriteDynamicEnergy,HZO5,1.944,2.187,1.23904,30.246636,25.831872,16.464364,72.542872
Area,WriteDynamicEnergy,SRAM-Best,1.944,4.229,1.23904,56.194952,25.831872,16.464364,98.491188
Area,WriteEDP,HZO3,1.944,1.348,1.23904,18.971183,25.831872,16.464364,61.267419
Area,WriteEDP,HZO5,1.944,1.348,1.23904,19.098006,25.831872,16.464364,61.394242
Area,WriteEDP,SRAM-Best,1.944,4.456,1.23904,59.211328,25.831872,16.464364,101.507564
Area,WriteLatency,HZO3,1.944,1.523,1.23904,21.296743,25.831872,16.464364,63.592978
Area,WriteLatency,HZO5,1.944,1.523,1.23904,21.423584,25.831872,16.464364,63.71982
Area,WriteLatency,SRAM-Best,1.944,4.112,1.23904,54.640256,25.831872,16.464364,96.936492
ReadDynamicEnergy,Area,HZO3,2.109,0.807463197,1.23904,11.788438,28.024392,16.464364,56.277193
ReadDynamicEnergy,Area,HZO5,2.109,0.807463197,1.23904,11.915249,28.024392,16.464364,56.404005
ReadDynamicEnergy,Area,SRAM-Best,2.109,3.874,1.23904,51.477712,28.024392,16.464364,95.966468
ReadDynamicEnergy,ReadDynamicEnergy,HZO3,2.109,0.80947804,1.23904,11.815214,28.024392,16.464364,56.303969
ReadDynamicEnergy,ReadDynamicEnergy,HZO5,2.109,0.80947804,1.23904,11.942026,28.024392,16.464364,56.430781
ReadDynamicEnergy,ReadDynamicEnergy,SRAM-Best,2.109,4.098,1.23904,54.454224,28.024392,16.464364,98.94298
ReadDynamicEnergy,ReadEDP,HZO3,2.109,0.982724629,1.23904,14.117309,28.024392,16.464364,58.606065
ReadDynamicEnergy,ReadEDP,HZO5,2.109,0.982724629,1.23904,14.244121,28.024392,16.464364,58.732876
ReadDynamicEnergy,ReadEDP,SRAM-Best,2.109,4.324,1.23904,57.457312,28.024392,16.464364,101.946068
ReadDynamicEnergy,ReadLatency,HZO3,2.109,1.146,1.23904,16.287292,28.024392,16.464364,60.776047
ReadDynamicEnergy,ReadLatency,HZO5,2.109,1.146,1.23904,16.414148,28.024392,16.464364,60.902904
ReadDynamicEnergy,ReadLatency,SRAM-Best,2.109,4.112,1.23904,54.640256,28.024392,16.464364,99.129012
ReadDynamicEnergy,WriteDynamicEnergy,HZO3,2.109,2.187,1.23904,30.119814,28.024392,16.464364,74.608569
ReadDynamicEnergy,WriteDynamicEnergy,HZO5,2.109,2.187,1.23904,30.246636,28.024392,16.464364,74.735392
ReadDynamicEnergy,WriteDynamicEnergy,SRAM-Best,2.109,4.229,1.23904,56.194952,28.024392,16.464364,100.683708
ReadDynamicEnergy,WriteEDP,HZO3,2.109,1.348,1.23904,18.971183,28.024392,16.464364,63.459939
ReadDynamicEnergy,WriteEDP,HZO5,2.109,1.348,1.23904,19.098006,28.024392,16.464364,63.586762
ReadDynamicEnergy,WriteEDP,SRAM-Best,2.109,4.456,1.23904,59.211328,28.024392,16.464364,103.700084
ReadDynamicEnergy,WriteLatency,HZO3,2.109,1.523,1.23904,21.296743,28.024392,16.464364,65.785498
ReadDynamicEnergy,WriteLatency,HZO5,2.109,1.523,1.23904,21.423584,28.024392,16.464364,65.91234
ReadDynamicEnergy,WriteLatency,SRAM-Best,2.109,4.112,1.23904,54.640256,28.024392,16.464364,99.129012
ReadEDP,Area,HZO3,2.109,0.807463197,1.23904,11.788438,28.024392,16.464364,56.277193
ReadEDP,Area,HZO5,2.109,0.807463197,1.23904,11.915249,28.024392,16.464364,56.404005
ReadEDP,Area,SRAM-Best,2.109,3.874,1.23904,51.477712,28.024392,16.464364,95.966468
ReadEDP,ReadDynamicEnergy,HZO3,2.109,0.80947804,1.23904,11.815214,28.024392,16.464364,56.303969
ReadEDP,ReadDynamicEnergy,HZO5,2.109,0.80947804,1.23904,11.942026,28.024392,16.464364,56.430781
ReadEDP,ReadDynamicEnergy,SRAM-Best,2.109,4.098,1.23904,54.454224,28.024392,16.464364,98.94298
ReadEDP,ReadEDP,HZO3,2.109,0.982724629,1.23904,14.117309,28.024392,16.464364,58.606065
ReadEDP,ReadEDP,HZO5,2.109,0.982724629,1.23904,14.244121,28.024392,16.464364,58.732876
ReadEDP,ReadEDP,SRAM-Best,2.109,4.324,1.23904,57.457312,28.024392,16.464364,101.946068
ReadEDP,ReadLatency,HZO3,2.109,1.146,1.23904,16.287292,28.024392,16.464364,60.776047
ReadEDP,ReadLatency,HZO5,2.109,1.146,1.23904,16.414148,28.024392,16.464364,60.902904
ReadEDP,ReadLatency,SRAM-Best,2.109,4.112,1.23904,54.640256,28.024392,16.464364,99.129012
ReadEDP,WriteDynamicEnergy,HZO3,2.109,2.187,1.23904,30.119814,28.024392,16.464364,74.608569
ReadEDP,WriteDynamicEnergy,HZO5,2.109,2.187,1.23904,30.246636,28.024392,16.464364,74.735392
ReadEDP,WriteDynamicEnergy,SRAM-Best,2.109,4.229,1.23904,56.194952,28.024392,16.464364,100.683708
ReadEDP,WriteEDP,HZO3,2.109,1.348,1.23904,18.971183,28.024392,16.464364,63.459939
ReadEDP,WriteEDP,HZO5,2.109,1.348,1.23904,19.098006,28.024392,16.464364,63.586762
ReadEDP,WriteEDP,SRAM-Best,2.109,4.456,1.23904,59.211328,28.024392,16.464364,103.700084
ReadEDP,WriteLatency,HZO3,2.109,1.523,1.23904,21.296743,28.024392,16.464364,65.785498
ReadEDP,WriteLatency,HZO5,2.109,1.523,1.23904,21.423584,28.024392,16.464364,65.91234
ReadEDP,WriteLatency,SRAM-Best,2.109,4.112,1.23904,54.640256,28.024392,16.464364,99.129012
ReadLatency,Area,HZO3,2.083,0.807463197,1.23904,11.788438,27.678904,16.464364,55.931705
ReadLatency,Area,HZO5,2.083,0.807463197,1.23904,11.915249,27.678904,16.464364,56.058517
ReadLatency,Area,SRAM-Best,2.083,3.874,1.23904,51.477712,27.678904,16.464364,95.62098
ReadLatency,ReadDynamicEnergy,HZO3,2.083,0.80947804,1.23904,11.815214,27.678904,16.464364,55.958481
ReadLatency,ReadDynamicEnergy,HZO5,2.083,0.80947804,1.23904,11.942026,27.678904,16.464364,56.085293
ReadLatency,ReadDynamicEnergy,SRAM-Best,2.083,4.098,1.23904,54.454224,27.678904,16.464364,98.597492
ReadLatency,ReadEDP,HZO3,2.083,0.982724629,1.23904,14.117309,27.678904,16.464364,58.260577
ReadLatency,ReadEDP,HZO5,2.083,0.982724629,1.23904,14.244121,27.678904,16.464364,58.387388
ReadLatency,ReadEDP,SRAM-Best,2.083,4.324,1.23904,57.457312,27.678904,16.464364,101.60058
ReadLatency,ReadLatency,HZO3,2.083,1.146,1.23904,16.287292,27.678904,16.464364,60.430559
ReadLatency,ReadLatency,HZO5,2.083,1.146,1.23904,16.414148,27.678904,16.464364,60.557416
ReadLatency,ReadLatency,SRAM-Best,2.083,4.112,1.23904,54.640256,27.678904,16.464364,98.783524
ReadLatency,WriteDynamicEnergy,HZO3,2.083,2.187,1.23904,30.119814,27.678904,16.464364,74.263081
ReadLatency,WriteDynamicEnergy,HZO5,2.083,2.187,1.23904,30.246636,27.678904,16.464364,74.389904
ReadLatency,WriteDynamicEnergy,SRAM-Best,2.083,4.229,1.23904,56.194952,27.678904,16.464364,100.33822
ReadLatency,WriteEDP,HZO3,2.083,1.348,1.23904,18.971183,27.678904,16.464364,63.114451
ReadLatency,WriteEDP,HZO5,2.083,1.348,1.23904,19.098006,27.678904,16.464364,63.241274
ReadLatency,WriteEDP,SRAM-Best,2.083,4.456,1.23904,59.211328,27.678904,16.464364,103.354596
ReadLatency,WriteLatency,HZO3,2.083,1.523,1.23904,21.296743,27.678904,16.464364,65.44001
ReadLatency,WriteLatency,HZO5,2.083,1.523,1.23904,21.423584,27.678904,16.464364,65.566852
ReadLatency,WriteLatency,SRAM-Best,2.083,4.112,1.23904,54.640256,27.678904,16.464364,98.783524
WriteDynamicEnergy,Area,HZO3,2.114,0.807463197,1.23904,11.788438,28.090832,16.464364,56.343633
WriteDynamicEnergy,Area,HZO5,2.114,0.807463197,1.23904,11.915249,28.090832,16.464364,56.470445
WriteDynamicEnergy,Area,SRAM-Best,2.114,3.874,1.23904,51.477712,28.090832,16.464364,96.032908
WriteDynamicEnergy,ReadDynamicEnergy,HZO3,2.114,0.80947804,1.23904,11.815214,28.090832,16.464364,56.370409
WriteDynamicEnergy,ReadDynamicEnergy,HZO5,2.114,0.80947804,1.23904,11.942026,28.090832,16.464364,56.497221
WriteDynamicEnergy,ReadDynamicEnergy,SRAM-Best,2.114,4.098,1.23904,54.454224,28.090832,16.464364,99.00942
WriteDynamicEnergy,ReadEDP,HZO3,2.114,0.982724629,1.23904,14.117309,28.090832,16.464364,58.672505
WriteDynamicEnergy,ReadEDP,HZO5,2.114,0.982724629,1.23904,14.244121,28.090832,16.464364,58.799316
WriteDynamicEnergy,ReadEDP,SRAM-Best,2.114,4.324,1.23904,57.457312,28.090832,16.464364,102.012508
WriteDynamicEnergy,ReadLatency,HZO3,2.114,1.146,1.23904,16.287292,28.090832,16.464364,60.842487
WriteDynamicEnergy,ReadLatency,HZO5,2.114,1.146,1.23904,16.414148,28.090832,16.464364,60.969344
WriteDynamicEnergy,ReadLatency,SRAM-Best,2.114,4.112,1.23904,54.640256,28.090832,16.464364,99.195452
WriteDynamicEnergy,WriteDynamicEnergy,HZO3,2.114,2.187,1.23904,30.119814,28.090832,16.464364,74.675009
WriteDynamicEnergy,WriteDynamicEnergy,HZO5,2.114,2.187,1.23904,30.246636,28.090832,16.464364,74.801832
WriteDynamicEnergy,WriteDynamicEnergy,SRAM-Best,2.114,4.229,1.23904,56.194952,28.090832,16.464364,100.750148
WriteDynamicEnergy,WriteEDP,HZO3,2.114,1.348,1.23904,18.971183,28.090832,16.464364,63.526379
WriteDynamicEnergy,WriteEDP,HZO5,2.114,1.348,1.23904,19.098006,28.090832,16.464364,63.653202
WriteDynamicEnergy,WriteEDP,SRAM-Best,2.114,4.456,1.23904,59.211328,28.090832,16.464364,103.766524
WriteDynamicEnergy,WriteLatency,HZO3,2.114,1.523,1.23904,21.296743,28.090832,16.464364,65.851938
WriteDynamicEnergy,WriteLatency,HZO5,2.114,1.523,1.23904,21.423584,28.090832,16.464364,65.97878
WriteDynamicEnergy,WriteLatency,SRAM-Best,2.114,4.112,1.23904,54.640256,28.090832,16.464364,99.195452
WriteEDP,Area,HZO3,2.227,0.807463197,1.23904,11.788438,29.592376,16.464364,57.845177
WriteEDP,Area,HZO5,2.227,0.807463197,1.23904,11.915249,29.592376,16.464364,57.971989
WriteEDP,Area,SRAM-Best,2.227,3.874,1.23904,51.477712,29.592376,16.464364,97.534452
WriteEDP,ReadDynamicEnergy,HZO3,2.227,0.80947804,1.23904,11.815214,29.592376,16.464364,57.871953
WriteEDP,ReadDynamicEnergy,HZO5,2.227,0.80947804,1.23904,11.942026,29.592376,16.464364,57.998765
WriteEDP,ReadDynamicEnergy,SRAM-Best,2.227,4.098,1.23904,54.454224,29.592376,16.464364,100.510964
WriteEDP,ReadEDP,HZO3,2.227,0.982724629,1.23904,14.117309,29.592376,16.464364,60.174049
WriteEDP,ReadEDP,HZO5,2.227,0.982724629,1.23904,14.244121,29.592376,16.464364,60.30086
WriteEDP,ReadEDP,SRAM-Best,2.227,4.324,1.23904,57.457312,29.592376,16.464364,103.514052
WriteEDP,ReadLatency,HZO3,2.227,1.146,1.23904,16.287292,29.592376,16.464364,62.344031
WriteEDP,ReadLatency,HZO5,2.227,1.146,1.23904,16.414148,29.592376,16.464364,62.470888
WriteEDP,ReadLatency,SRAM-Best,2.227,4.112,1.23904,54.640256,29.592376,16.464364,100.696996
WriteEDP,WriteDynamicEnergy,HZO3,2.227,2.187,1.23904,30.119814,29.592376,16.464364,76.176553
WriteEDP,WriteDynamicEnergy,HZO5,2.227,2.187,1.23904,30.246636,29.592376,16.464364,76.303376
WriteEDP,WriteDynamicEnergy,SRAM-Best,2.227,4.229,1.23904,56.194952,29.592376,16.464364,102.251692
WriteEDP,WriteEDP,HZO3,2.227,1.348,1.23904,18.971183,29.592376,16.464364,65.027923
WriteEDP,WriteEDP,HZO5,2.227,1.348,1.23904,19.098006,29.592376,16.464364,65.154746
WriteEDP,WriteEDP,SRAM-Best,2.227,4.456,1.23904,59.211328,29.592376,16.464364,105.268068
WriteEDP,WriteLatency,HZO3,2.227,1.523,1.23904,21.296743,29.592376,16.464364,67.353482
WriteEDP,WriteLatency,HZO5,2.227,1.523,1.23904,21.423584,29.592376,16.464364,67.480324
WriteEDP,WriteLatency,SRAM-Best,2.227,4.112,1.23904,54.640256,29.592376,16.464364,100.696996
WriteLatency,Area,HZO3,2.083,0.807463197,1.23904,11.788438,27.678904,16.464364,55.931705
WriteLatency,Area,HZO5,2.083,0.807463197,1.23904,11.915249,27.678904,16.464364,56.058517
WriteLatency,Area,SRAM-Best,2.083,3.874,1.23904,51.477712,27.678904,16.464364,95.62098
WriteLatency,ReadDynamicEnergy,HZO3,2.083,0.80947804,1.23904,11.815214,27.678904,16.464364,55.958481
WriteLatency,ReadDynamicEnergy,HZO5,2.083,0.80947804,1.23904,11.942026,27.678904,16.464364,56.085293
WriteLatency,ReadDynamicEnergy,SRAM-Best,2.083,4.098,1.23904,54.454224,27.678904,16.464364,98.597492
WriteLatency,ReadEDP,HZO3,2.083,0.982724629,1.23904,14.117309,27.678904,16.464364,58.260577
WriteLatency,ReadEDP,HZO5,2.083,0.982724629,1.23904,14.244121,27.678904,16.464364,58.387388
WriteLatency,ReadEDP,SRAM-Best,2.083,4.324,1.23904,57.457312,27.678904,16.464364,101.60058
WriteLatency,ReadLatency,HZO3,2.083,1.146,1.23904,16.287292,27.678904,16.464364,60.430559
WriteLatency,ReadLatency,HZO5,2.083,1.146,1.23904,16.414148,27.678904,16.464364,60.557416
WriteLatency,ReadLatency,SRAM-Best,2.083,4.112,1.23904,54.640256,27.678904,16.464364,98.783524
WriteLatency,WriteDynamicEnergy,HZO3,2.083,2.187,1.23904,30.119814,27.678904,16.464364,74.263081
WriteLatency,WriteDynamicEnergy,HZO5,2.083,2.187,1.23904,30.246636,27.678904,16.464364,74.389904
WriteLatency,WriteDynamicEnergy,SRAM-Best,2.083,4.229,1.23904,56.194952,27.678904,16.464364,100.33822
WriteLatency,WriteEDP,HZO3,2.083,1.348,1.23904,18.971183,27.678904,16.464364,63.114451
WriteLatency,WriteEDP,HZO5,2.083,1.348,1.23904,19.098006,27.678904,16.464364,63.241274
WriteLatency,WriteEDP,SRAM-Best,2.083,4.456,1.23904,59.211328,27.678904,16.464364,103.354596
WriteLatency,WriteLatency,HZO3,2.083,1.523,1.23904,21.296743,27.678904,16.464364,65.44001
WriteLatency,WriteLatency,HZO5,2.083,1.523,1.23904,21.423584,27.678904,16.464364,65.566852
WriteLatency,WriteLatency,SRAM-Best,2.083,4.112,1.23904,54.640256,27.678904,16.464364,98.783524
