IO OPT target,Weight OPT target,Weight Tech,IO Dyn Read (mJ),IO Dyn Write (mJ),IO Static (mJ),Weight Dyn Read (mJ),Weight Static (mJ),Total Energy per Inference (mJ)
Area,Area,HZO3,7433.321839104,462.58732593199994,285.52026494282495,25.882025088,0.20418368449996802,8207.515638751325
Area,Area,HZO5,7433.321839104,462.58732593199994,285.52026494282495,25.882025088,0.20418368449996802,8207.515638751325
Area,Area,SRAM-Best,7433.321839104,462.58732593199994,285.52026494282495,746.374411392,47.12283572436633,8974.92667709519
Area,ReadDynamicEnergy,HZO3,7433.321839104,462.58732593199994,285.52026494282495,7.870352447999999,0.050115171524544005,8189.349897598348
Area,ReadDynamicEnergy,HZO5,7433.321839104,462.58732593199994,285.52026494282495,7.870352447999999,0.050115171524544005,8189.349897598348
Area,ReadDynamicEnergy,SRAM-Best,7433.321839104,462.58732593199994,285.52026494282495,12.472804607999999,6.675806915900161,8200.578041502726
Area,ReadEDP,HZO3,7433.321839104,462.58732593199994,285.52026494282495,88.293824448,0.02924625313901568,8269.752500679964
Area,ReadEDP,HZO5,7433.321839104,462.58732593199994,285.52026494282495,88.293824448,0.02924625313901568,8269.752500679964
Area,ReadEDP,SRAM-Best,7433.321839104,462.58732593199994,285.52026494282495,12.918716927999998,6.8563715612255995,8201.20451846805
Area,ReadLatency,HZO3,7433.321839104,462.58732593199994,285.52026494282495,114.76827590399999,0.05568847284219264,8296.253394355668
Area,ReadLatency,HZO5,7433.321839104,462.58732593199994,285.52026494282495,114.76827590399999,0.05568847284219264,8296.253394355668
Area,ReadLatency,SRAM-Best,7433.321839104,462.58732593199994,285.52026494282495,492.003728448,3.1951355002398723,8676.628293927064
Area,WriteDynamicEnergy,HZO3,7433.321839104,462.58732593199994,285.52026494282495,56.946188352,50.29535603598682,8288.670974366813
Area,WriteDynamicEnergy,HZO5,7433.321839104,462.58732593199994,285.52026494282495,56.946188352,50.29535603598682,8288.670974366813
Area,WriteDynamicEnergy,SRAM-Best,7433.321839104,462.58732593199994,285.52026494282495,48.266823552000005,5.719954722803905,8235.41620825363
Area,WriteEDP,HZO3,7433.321839104,462.58732593199994,285.52026494282495,49.072650816,11.37887994258893,8241.880960737413
Area,WriteEDP,HZO5,7433.321839104,462.58732593199994,285.52026494282495,49.072650816,11.37887994258893,8241.880960737413
Area,WriteEDP,SRAM-Best,7433.321839104,462.58732593199994,285.52026494282495,38.07772704,6.042108295444416,8225.549265314268
Area,WriteLatency,HZO3,7433.321839104,462.58732593199994,285.52026494282495,162.238827456,0.2254920741421778,8343.893749508967
Area,WriteLatency,HZO5,7433.321839104,462.58732593199994,285.52026494282495,162.238827456,0.2254920741421778,8343.893749508967
Area,WriteLatency,SRAM-Best,7433.321839104,462.58732593199994,285.52026494282495,492.003728448,3.1951355002398723,8676.628293927064
ReadDynamicEnergy,Area,HZO3,69.04896460799999,414.702275132,18.801934217805314,25.882025088,0.20418368449996802,528.6393827303053
ReadDynamicEnergy,Area,HZO5,69.04896460799999,414.702275132,18.801934217805314,25.882025088,0.20418368449996802,528.6393827303053
ReadDynamicEnergy,Area,SRAM-Best,69.04896460799999,414.702275132,18.801934217805314,746.374411392,47.12283572436633,1296.0504210741715
ReadDynamicEnergy,ReadDynamicEnergy,HZO3,69.04896460799999,414.702275132,18.801934217805314,7.870352447999999,0.050115171524544005,510.4736415773299
ReadDynamicEnergy,ReadDynamicEnergy,HZO5,69.04896460799999,414.702275132,18.801934217805314,7.870352447999999,0.050115171524544005,510.4736415773299
ReadDynamicEnergy,ReadDynamicEnergy,SRAM-Best,69.04896460799999,414.702275132,18.801934217805314,12.472804607999999,6.675806915900161,521.7017854817054
ReadDynamicEnergy,ReadEDP,HZO3,69.04896460799999,414.702275132,18.801934217805314,88.293824448,0.02924625313901568,590.8762446589443
ReadDynamicEnergy,ReadEDP,HZO5,69.04896460799999,414.702275132,18.801934217805314,88.293824448,0.02924625313901568,590.8762446589443
ReadDynamicEnergy,ReadEDP,SRAM-Best,69.04896460799999,414.702275132,18.801934217805314,12.918716927999998,6.8563715612255995,522.328262447031
ReadDynamicEnergy,ReadLatency,HZO3,69.04896460799999,414.702275132,18.801934217805314,114.76827590399999,0.05568847284219264,617.3771383346475
ReadDynamicEnergy,ReadLatency,HZO5,69.04896460799999,414.702275132,18.801934217805314,114.76827590399999,0.05568847284219264,617.3771383346475
ReadDynamicEnergy,ReadLatency,SRAM-Best,69.04896460799999,414.702275132,18.801934217805314,492.003728448,3.1951355002398723,997.7520379060452
ReadDynamicEnergy,WriteDynamicEnergy,HZO3,69.04896460799999,414.702275132,18.801934217805314,56.946188352,50.29535603598682,609.7947183457921
ReadDynamicEnergy,WriteDynamicEnergy,HZO5,69.04896460799999,414.702275132,18.801934217805314,56.946188352,50.29535603598682,609.7947183457921
ReadDynamicEnergy,WriteDynamicEnergy,SRAM-Best,69.04896460799999,414.702275132,18.801934217805314,48.266823552000005,5.719954722803905,556.5399522326092
ReadDynamicEnergy,WriteEDP,HZO3,69.04896460799999,414.702275132,18.801934217805314,49.072650816,11.37887994258893,563.0047047163943
ReadDynamicEnergy,WriteEDP,HZO5,69.04896460799999,414.702275132,18.801934217805314,49.072650816,11.37887994258893,563.0047047163943
ReadDynamicEnergy,WriteEDP,SRAM-Best,69.04896460799999,414.702275132,18.801934217805314,38.07772704,6.042108295444416,546.6730092932497
ReadDynamicEnergy,WriteLatency,HZO3,69.04896460799999,414.702275132,18.801934217805314,162.238827456,0.2254920741421778,665.0174934879475
ReadDynamicEnergy,WriteLatency,HZO5,69.04896460799999,414.702275132,18.801934217805314,162.238827456,0.2254920741421778,665.0174934879475
ReadDynamicEnergy,WriteLatency,SRAM-Best,69.04896460799999,414.702275132,18.801934217805314,492.003728448,3.1951355002398723,997.7520379060452
ReadEDP,Area,HZO3,69.04896460799999,414.702275132,18.801934217805314,25.882025088,0.20418368449996802,528.6393827303053
ReadEDP,Area,HZO5,69.04896460799999,414.702275132,18.801934217805314,25.882025088,0.20418368449996802,528.6393827303053
ReadEDP,Area,SRAM-Best,69.04896460799999,414.702275132,18.801934217805314,746.374411392,47.12283572436633,1296.0504210741715
ReadEDP,ReadDynamicEnergy,HZO3,69.04896460799999,414.702275132,18.801934217805314,7.870352447999999,0.050115171524544005,510.4736415773299
ReadEDP,ReadDynamicEnergy,HZO5,69.04896460799999,414.702275132,18.801934217805314,7.870352447999999,0.050115171524544005,510.4736415773299
ReadEDP,ReadDynamicEnergy,SRAM-Best,69.04896460799999,414.702275132,18.801934217805314,12.472804607999999,6.675806915900161,521.7017854817054
ReadEDP,ReadEDP,HZO3,69.04896460799999,414.702275132,18.801934217805314,88.293824448,0.02924625313901568,590.8762446589443
ReadEDP,ReadEDP,HZO5,69.04896460799999,414.702275132,18.801934217805314,88.293824448,0.02924625313901568,590.8762446589443
ReadEDP,ReadEDP,SRAM-Best,69.04896460799999,414.702275132,18.801934217805314,12.918716927999998,6.8563715612255995,522.328262447031
ReadEDP,ReadLatency,HZO3,69.04896460799999,414.702275132,18.801934217805314,114.76827590399999,0.05568847284219264,617.3771383346475
ReadEDP,ReadLatency,HZO5,69.04896460799999,414.702275132,18.801934217805314,114.76827590399999,0.05568847284219264,617.3771383346475
ReadEDP,ReadLatency,SRAM-Best,69.04896460799999,414.702275132,18.801934217805314,492.003728448,3.1951355002398723,997.7520379060452
ReadEDP,WriteDynamicEnergy,HZO3,69.04896460799999,414.702275132,18.801934217805314,56.946188352,50.29535603598682,609.7947183457921
ReadEDP,WriteDynamicEnergy,HZO5,69.04896460799999,414.702275132,18.801934217805314,56.946188352,50.29535603598682,609.7947183457921
ReadEDP,WriteDynamicEnergy,SRAM-Best,69.04896460799999,414.702275132,18.801934217805314,48.266823552000005,5.719954722803905,556.5399522326092
ReadEDP,WriteEDP,HZO3,69.04896460799999,414.702275132,18.801934217805314,49.072650816,11.37887994258893,563.0047047163943
ReadEDP,WriteEDP,HZO5,69.04896460799999,414.702275132,18.801934217805314,49.072650816,11.37887994258893,563.0047047163943
ReadEDP,WriteEDP,SRAM-Best,69.04896460799999,414.702275132,18.801934217805314,38.07772704,6.042108295444416,546.6730092932497
ReadEDP,WriteLatency,HZO3,69.04896460799999,414.702275132,18.801934217805314,162.238827456,0.2254920741421778,665.0174934879475
ReadEDP,WriteLatency,HZO5,69.04896460799999,414.702275132,18.801934217805314,162.238827456,0.2254920741421778,665.0174934879475
ReadEDP,WriteLatency,SRAM-Best,69.04896460799999,414.702275132,18.801934217805314,492.003728448,3.1951355002398723,997.7520379060452
ReadLatency,Area,HZO3,2409.4914727679998,235.59444993600002,9.263239103361023,25.882025088,0.20418368449996802,2680.435370579861
ReadLatency,Area,HZO5,2409.4914727679998,235.59444993600002,9.263239103361023,25.882025088,0.20418368449996802,2680.435370579861
ReadLatency,Area,SRAM-Best,2409.4914727679998,235.59444993600002,9.263239103361023,746.374411392,47.12283572436633,3447.846408923727
ReadLatency,ReadDynamicEnergy,HZO3,2409.4914727679998,235.59444993600002,9.263239103361023,7.870352447999999,0.050115171524544005,2662.2696294268853
ReadLatency,ReadDynamicEnergy,HZO5,2409.4914727679998,235.59444993600002,9.263239103361023,7.870352447999999,0.050115171524544005,2662.2696294268853
ReadLatency,ReadDynamicEnergy,SRAM-Best,2409.4914727679998,235.59444993600002,9.263239103361023,12.472804607999999,6.675806915900161,2673.4977733312608
ReadLatency,ReadEDP,HZO3,2409.4914727679998,235.59444993600002,9.263239103361023,88.293824448,0.02924625313901568,2742.6722325084997
ReadLatency,ReadEDP,HZO5,2409.4914727679998,235.59444993600002,9.263239103361023,88.293824448,0.02924625313901568,2742.6722325084997
ReadLatency,ReadEDP,SRAM-Best,2409.4914727679998,235.59444993600002,9.263239103361023,12.918716927999998,6.8563715612255995,2674.124250296586
ReadLatency,ReadLatency,HZO3,2409.4914727679998,235.59444993600002,9.263239103361023,114.76827590399999,0.05568847284219264,2769.173126184203
ReadLatency,ReadLatency,HZO5,2409.4914727679998,235.59444993600002,9.263239103361023,114.76827590399999,0.05568847284219264,2769.173126184203
ReadLatency,ReadLatency,SRAM-Best,2409.4914727679998,235.59444993600002,9.263239103361023,492.003728448,3.1951355002398723,3149.5480257556005
ReadLatency,WriteDynamicEnergy,HZO3,2409.4914727679998,235.59444993600002,9.263239103361023,56.946188352,50.29535603598682,2761.5907061953476
ReadLatency,WriteDynamicEnergy,HZO5,2409.4914727679998,235.59444993600002,9.263239103361023,56.946188352,50.29535603598682,2761.5907061953476
ReadLatency,WriteDynamicEnergy,SRAM-Best,2409.4914727679998,235.59444993600002,9.263239103361023,48.266823552000005,5.719954722803905,2708.3359400821646
ReadLatency,WriteEDP,HZO3,2409.4914727679998,235.59444993600002,9.263239103361023,49.072650816,11.37887994258893,2714.8006925659497
ReadLatency,WriteEDP,HZO5,2409.4914727679998,235.59444993600002,9.263239103361023,49.072650816,11.37887994258893,2714.8006925659497
ReadLatency,WriteEDP,SRAM-Best,2409.4914727679998,235.59444993600002,9.263239103361023,38.07772704,6.042108295444416,2698.468997142805
ReadLatency,WriteLatency,HZO3,2409.4914727679998,235.59444993600002,9.263239103361023,162.238827456,0.2254920741421778,2816.8134813375027
ReadLatency,WriteLatency,HZO5,2409.4914727679998,235.59444993600002,9.263239103361023,162.238827456,0.2254920741421778,2816.8134813375027
ReadLatency,WriteLatency,SRAM-Best,2409.4914727679998,235.59444993600002,9.263239103361023,492.003728448,3.1951355002398723,3149.5480257556005
WriteDynamicEnergy,Area,HZO3,241.865697792,80.94347105599999,16.182875639662083,25.882025088,0.20418368449996802,365.07825326016206
WriteDynamicEnergy,Area,HZO5,241.865697792,80.94347105599999,16.182875639662083,25.882025088,0.20418368449996802,365.07825326016206
WriteDynamicEnergy,Area,SRAM-Best,241.865697792,80.94347105599999,16.182875639662083,746.374411392,47.12283572436633,1132.4892916040283
WriteDynamicEnergy,ReadDynamicEnergy,HZO3,241.865697792,80.94347105599999,16.182875639662083,7.870352447999999,0.050115171524544005,346.91251210718667
WriteDynamicEnergy,ReadDynamicEnergy,HZO5,241.865697792,80.94347105599999,16.182875639662083,7.870352447999999,0.050115171524544005,346.91251210718667
WriteDynamicEnergy,ReadDynamicEnergy,SRAM-Best,241.865697792,80.94347105599999,16.182875639662083,12.472804607999999,6.675806915900161,358.14065601156227
WriteDynamicEnergy,ReadEDP,HZO3,241.865697792,80.94347105599999,16.182875639662083,88.293824448,0.02924625313901568,427.31511518880114
WriteDynamicEnergy,ReadEDP,HZO5,241.865697792,80.94347105599999,16.182875639662083,88.293824448,0.02924625313901568,427.31511518880114
WriteDynamicEnergy,ReadEDP,SRAM-Best,241.865697792,80.94347105599999,16.182875639662083,12.918716927999998,6.8563715612255995,358.7671329768877
WriteDynamicEnergy,ReadLatency,HZO3,241.865697792,80.94347105599999,16.182875639662083,114.76827590399999,0.05568847284219264,453.8160088645043
WriteDynamicEnergy,ReadLatency,HZO5,241.865697792,80.94347105599999,16.182875639662083,114.76827590399999,0.05568847284219264,453.8160088645043
WriteDynamicEnergy,ReadLatency,SRAM-Best,241.865697792,80.94347105599999,16.182875639662083,492.003728448,3.1951355002398723,834.190908435902
WriteDynamicEnergy,WriteDynamicEnergy,HZO3,241.865697792,80.94347105599999,16.182875639662083,56.946188352,50.29535603598682,446.2335888756489
WriteDynamicEnergy,WriteDynamicEnergy,HZO5,241.865697792,80.94347105599999,16.182875639662083,56.946188352,50.29535603598682,446.2335888756489
WriteDynamicEnergy,WriteDynamicEnergy,SRAM-Best,241.865697792,80.94347105599999,16.182875639662083,48.266823552000005,5.719954722803905,392.978822762466
WriteDynamicEnergy,WriteEDP,HZO3,241.865697792,80.94347105599999,16.182875639662083,49.072650816,11.37887994258893,399.44357524625104
WriteDynamicEnergy,WriteEDP,HZO5,241.865697792,80.94347105599999,16.182875639662083,49.072650816,11.37887994258893,399.44357524625104
WriteDynamicEnergy,WriteEDP,SRAM-Best,241.865697792,80.94347105599999,16.182875639662083,38.07772704,6.042108295444416,383.1118798231065
WriteDynamicEnergy,WriteLatency,HZO3,241.865697792,80.94347105599999,16.182875639662083,162.238827456,0.2254920741421778,501.4563640178043
WriteDynamicEnergy,WriteLatency,HZO5,241.865697792,80.94347105599999,16.182875639662083,162.238827456,0.2254920741421778,501.4563640178043
WriteDynamicEnergy,WriteLatency,SRAM-Best,241.865697792,80.94347105599999,16.182875639662083,492.003728448,3.1951355002398723,834.190908435902
WriteEDP,Area,HZO3,189.884652672,82.344552172,16.92243280137984,25.882025088,0.20418368449996802,315.2378464178798
WriteEDP,Area,HZO5,189.884652672,82.344552172,16.92243280137984,25.882025088,0.20418368449996802,315.2378464178798
WriteEDP,Area,SRAM-Best,189.884652672,82.344552172,16.92243280137984,746.374411392,47.12283572436633,1082.648884761746
WriteEDP,ReadDynamicEnergy,HZO3,189.884652672,82.344552172,16.92243280137984,7.870352447999999,0.050115171524544005,297.0721052649044
WriteEDP,ReadDynamicEnergy,HZO5,189.884652672,82.344552172,16.92243280137984,7.870352447999999,0.050115171524544005,297.0721052649044
WriteEDP,ReadDynamicEnergy,SRAM-Best,189.884652672,82.344552172,16.92243280137984,12.472804607999999,6.675806915900161,308.30024916928
WriteEDP,ReadEDP,HZO3,189.884652672,82.344552172,16.92243280137984,88.293824448,0.02924625313901568,377.47470834651887
WriteEDP,ReadEDP,HZO5,189.884652672,82.344552172,16.92243280137984,88.293824448,0.02924625313901568,377.47470834651887
WriteEDP,ReadEDP,SRAM-Best,189.884652672,82.344552172,16.92243280137984,12.918716927999998,6.8563715612255995,308.9267261346054
WriteEDP,ReadLatency,HZO3,189.884652672,82.344552172,16.92243280137984,114.76827590399999,0.05568847284219264,403.975602022222
WriteEDP,ReadLatency,HZO5,189.884652672,82.344552172,16.92243280137984,114.76827590399999,0.05568847284219264,403.975602022222
WriteEDP,ReadLatency,SRAM-Best,189.884652672,82.344552172,16.92243280137984,492.003728448,3.1951355002398723,784.3505015936197
WriteEDP,WriteDynamicEnergy,HZO3,189.884652672,82.344552172,16.92243280137984,56.946188352,50.29535603598682,396.3931820333666
WriteEDP,WriteDynamicEnergy,HZO5,189.884652672,82.344552172,16.92243280137984,56.946188352,50.29535603598682,396.3931820333666
WriteEDP,WriteDynamicEnergy,SRAM-Best,189.884652672,82.344552172,16.92243280137984,48.266823552000005,5.719954722803905,343.1384159201837
WriteEDP,WriteEDP,HZO3,189.884652672,82.344552172,16.92243280137984,49.072650816,11.37887994258893,349.60316840396877
WriteEDP,WriteEDP,HZO5,189.884652672,82.344552172,16.92243280137984,49.072650816,11.37887994258893,349.60316840396877
WriteEDP,WriteEDP,SRAM-Best,189.884652672,82.344552172,16.92243280137984,38.07772704,6.042108295444416,333.2714729808242
WriteEDP,WriteLatency,HZO3,189.884652672,82.344552172,16.92243280137984,162.238827456,0.2254920741421778,451.615957175522
WriteEDP,WriteLatency,HZO5,189.884652672,82.344552172,16.92243280137984,162.238827456,0.2254920741421778,451.615957175522
WriteEDP,WriteLatency,SRAM-Best,189.884652672,82.344552172,16.92243280137984,492.003728448,3.1951355002398723,784.3505015936197
WriteLatency,Area,HZO3,2409.4914727679998,235.59444993600002,9.263239103361023,25.882025088,0.20418368449996802,2680.435370579861
WriteLatency,Area,HZO5,2409.4914727679998,235.59444993600002,9.263239103361023,25.882025088,0.20418368449996802,2680.435370579861
WriteLatency,Area,SRAM-Best,2409.4914727679998,235.59444993600002,9.263239103361023,746.374411392,47.12283572436633,3447.846408923727
WriteLatency,ReadDynamicEnergy,HZO3,2409.4914727679998,235.59444993600002,9.263239103361023,7.870352447999999,0.050115171524544005,2662.2696294268853
WriteLatency,ReadDynamicEnergy,HZO5,2409.4914727679998,235.59444993600002,9.263239103361023,7.870352447999999,0.050115171524544005,2662.2696294268853
WriteLatency,ReadDynamicEnergy,SRAM-Best,2409.4914727679998,235.59444993600002,9.263239103361023,12.472804607999999,6.675806915900161,2673.4977733312608
WriteLatency,ReadEDP,HZO3,2409.4914727679998,235.59444993600002,9.263239103361023,88.293824448,0.02924625313901568,2742.6722325084997
WriteLatency,ReadEDP,HZO5,2409.4914727679998,235.59444993600002,9.263239103361023,88.293824448,0.02924625313901568,2742.6722325084997
WriteLatency,ReadEDP,SRAM-Best,2409.4914727679998,235.59444993600002,9.263239103361023,12.918716927999998,6.8563715612255995,2674.124250296586
WriteLatency,ReadLatency,HZO3,2409.4914727679998,235.59444993600002,9.263239103361023,114.76827590399999,0.05568847284219264,2769.173126184203
WriteLatency,ReadLatency,HZO5,2409.4914727679998,235.59444993600002,9.263239103361023,114.76827590399999,0.05568847284219264,2769.173126184203
WriteLatency,ReadLatency,SRAM-Best,2409.4914727679998,235.59444993600002,9.263239103361023,492.003728448,3.1951355002398723,3149.5480257556005
WriteLatency,WriteDynamicEnergy,HZO3,2409.4914727679998,235.59444993600002,9.263239103361023,56.946188352,50.29535603598682,2761.5907061953476
WriteLatency,WriteDynamicEnergy,HZO5,2409.4914727679998,235.59444993600002,9.263239103361023,56.946188352,50.29535603598682,2761.5907061953476
WriteLatency,WriteDynamicEnergy,SRAM-Best,2409.4914727679998,235.59444993600002,9.263239103361023,48.266823552000005,5.719954722803905,2708.3359400821646
WriteLatency,WriteEDP,HZO3,2409.4914727679998,235.59444993600002,9.263239103361023,49.072650816,11.37887994258893,2714.8006925659497
WriteLatency,WriteEDP,HZO5,2409.4914727679998,235.59444993600002,9.263239103361023,49.072650816,11.37887994258893,2714.8006925659497
WriteLatency,WriteEDP,SRAM-Best,2409.4914727679998,235.59444993600002,9.263239103361023,38.07772704,6.042108295444416,2698.468997142805
WriteLatency,WriteLatency,HZO3,2409.4914727679998,235.59444993600002,9.263239103361023,162.238827456,0.2254920741421778,2816.8134813375027
WriteLatency,WriteLatency,HZO5,2409.4914727679998,235.59444993600002,9.263239103361023,162.238827456,0.2254920741421778,2816.8134813375027
WriteLatency,WriteLatency,SRAM-Best,2409.4914727679998,235.59444993600002,9.263239103361023,492.003728448,3.1951355002398723,3149.5480257556005
