d0,d1,d2,size,log2_size,latency_us,kernel_us,wall_us,host_us
1,1,11,11,3.459432,1.445820,1.445820,133.699970,132.254150
1,1,33,33,5.044394,1.435501,1.435501,126.920000,125.484499
1,1,48,48,5.584963,1.445430,1.445430,133.120047,131.674618
1,1,66,66,6.044394,1.437617,1.437617,141.939963,140.502346
1,1,75,75,6.228819,1.461367,1.461367,141.659984,140.198617
1,1,111,111,6.794416,1.459453,1.459453,141.330005,139.870552
1,1,797,797,9.638436,1.018991,1.018991,139.679993,138.661002
1,1,931,931,9.862637,1.102617,1.102617,135.070004,133.967387
1,1,1006,1006,9.974415,1.071061,1.071061,141.980010,140.908949
1,1,1446,1446,10.497852,1.101152,1.101152,138.689997,137.588844
1,1,1695,1695,10.727070,1.093125,1.093125,135.140028,134.046903
1,1,21218,21218,14.373001,1.482930,1.482930,137.769966,136.287037
1,1,49863,49863,15.605682,2.019017,2.019017,137.569965,135.550948
1,8,16,128,7.000000,1.029616,1.029616,136.749994,135.720378
1,8,36,288,8.169925,1.057506,1.057506,136.760005,135.702499
1,8,42,336,8.392317,1.052415,1.052415,137.199997,136.147582
1,8,85,680,9.409391,1.034154,1.034154,139.659969,138.625815
1,8,90,720,9.491853,1.054713,1.054713,133.789959,132.735246
1,8,185,1480,10.531381,1.041803,1.041803,133.790018,132.748214
1,8,250,2000,10.965784,1.039687,1.039687,135.359995,134.320307
1,8,300,2400,11.228819,1.092975,1.092975,137.609954,136.516978
1,8,490,3920,11.936638,1.045104,1.045104,139.119977,138.074872
1,8,527,4216,12.041659,1.087552,1.087552,138.289994,137.202442
1,8,846,6768,12.724514,1.111894,1.111894,140.631048,139.519153
1,8,3222,25776,14.653741,1.215983,1.215983,134.280010,133.064027
1,8,7511,60088,15.874789,1.441836,1.441836,138.500007,137.058171
1,8,7749,61992,15.919794,1.465228,1.465228,138.510019,137.044791
1,8,9317,74536,16.185650,1.552598,1.552598,141.490018,139.937420
1,8,45294,362352,18.467032,2.837773,2.837773,145.149999,142.312226
1,16,49,784,9.614710,1.034180,1.034180,133.709982,132.675802
1,16,112,1792,10.807355,1.088665,1.088665,133.399968,132.311303
1,16,159,2544,11.312883,1.049499,1.049499,132.179994,131.130495
1,16,192,3072,11.584963,1.061875,1.061875,131.319975,130.258100
1,16,298,4768,12.219169,1.071282,1.071282,135.630020,134.558737
1,16,331,5296,12.370687,1.068333,1.068333,132.710033,131.641699
1,16,392,6272,12.614710,1.101068,1.101068,129.900000,128.798932
1,16,693,11088,13.436712,1.158691,1.158691,132.819987,131.661296
1,16,1532,24512,14.581201,1.242480,1.242480,135.040027,133.797547
1,16,6413,102608,16.646784,1.638340,1.638340,135.300041,133.661701
1,16,9046,144736,17.143064,1.856543,1.856543,134.709990,132.853447
1,16,17040,272640,18.056638,2.477728,2.477728,138.270028,135.792301
1,16,25594,409504,18.643518,3.069076,3.069076,137.919968,134.850892
1,16,42689,683024,19.381577,4.342285,4.342285,138.839998,134.497713
1,16,44560,712960,19.443462,4.499733,4.499733,138.439995,133.940262
1,64,11,704,9.459432,1.041478,1.041478,129.670021,128.628543
1,64,15,960,9.906891,1.023978,1.023978,127.189967,126.165989
1,64,60,3840,11.906891,1.126986,1.126986,133.969996,132.843010
1,64,98,6272,12.614710,1.100547,1.100547,128.470012,127.369465
1,64,580,37120,15.179909,1.303522,1.303522,128.790038,127.486516
1,64,1028,65792,16.005625,1.548789,1.548789,131.929992,130.381203
1,64,1665,106560,16.701306,1.709649,1.709649,134.319998,132.610350
1,64,6135,392640,18.582848,3.114466,3.114466,140.639953,137.525487
1,64,6254,400256,18.610564,3.028568,3.028568,130.420027,127.391459
1,64,10279,657856,19.327412,4.307708,4.307708,133.690017,129.382308
1,64,16044,1026816,19.969746,5.988463,5.988463,138.429983,132.441520
1,64,19234,1230976,20.231371,6.959622,6.959622,135.780021,128.820399
1,64,24209,1549376,20.563256,8.483568,8.483568,137.180032,128.696464
1,64,31062,1987968,20.922863,10.552188,10.552188,132.949965,122.397777
1,64,35567,2276288,21.118252,11.251803,11.251803,138.210016,126.958213
1,128,9,1152,10.169925,1.032064,1.032064,125.440012,124.407948
1,128,27,3456,11.754888,1.098112,1.098112,129.710010,128.611898
1,128,147,18816,14.199672,1.212741,1.212741,126.949977,125.737236
1,128,207,26496,14.693487,1.232767,1.232767,128.880027,127.647260
1,128,271,34688,15.082149,1.275762,1.275762,126.149971,124.874209
1,128,1550,198400,17.598053,2.103034,2.103034,138.929987,136.826953
1,128,2443,312704,18.254438,2.653132,2.653132,138.089992,135.436861
1,128,13624,1743872,20.733863,8.719902,8.719902,137.700001,128.980098
1,128,28196,3609088,21.783203,16.761172,16.761172,142.420002,125.658830
1,128,44731,5725568,22.448987,25.636771,25.636771,150.749984,125.113213
1,256,10,2560,11.321928,1.070098,1.070098,127.359992,126.289894
1,256,22,5632,12.459432,1.094635,1.094635,124.750019,123.655383
1,256,25,6400,12.643856,1.122122,1.122122,133.889960,132.767838
1,256,44,11264,13.459432,1.122448,1.122448,130.409957,129.287509
1,256,59,15104,13.882643,1.159160,1.159160,126.580009,125.420849
1,256,135,34560,15.076816,1.255553,1.255553,132.099958,130.844405
1,256,167,42752,15.383704,1.341081,1.341081,127.659994,126.318914
1,256,291,74496,16.184875,1.551640,1.551640,131.490000,129.938360
1,256,356,91136,16.475733,1.611282,1.611282,129.589986,127.978703
1,256,455,116480,16.829723,1.713535,1.713535,134.349975,132.636440
1,256,496,126976,16.954196,1.786061,1.786061,135.709997,133.923936
1,512,11,5632,12.459432,1.155866,1.155866,126.419996,125.264131
1,512,14,7168,12.807355,1.165221,1.165221,129.170017,128.004796
1,512,46,23552,14.523562,1.234375,1.234375,130.239991,129.005616
1,512,110,56320,15.781360,1.430755,1.430755,134.550035,133.119280
1,512,267,136704,17.060696,1.878119,1.878119,134.200032,132.321914
1,512,1306,668672,19.350939,4.416237,4.416237,137.330033,132.913796
1,512,2250,1152000,20.135709,6.676999,6.676999,135.700044,129.023045
1,512,8656,4431872,22.079485,20.013216,20.013216,144.940044,124.926828
1,512,12121,6205952,22.565221,27.676660,27.676660,158.419949,130.743289
1,512,14592,7471104,22.832890,32.711556,32.711556,155.880000,123.168444
1,512,35856,18358272,24.129927,78.411478,78.411478,207.509962,129.098484
1,1024,11,11264,13.459432,1.144713,1.144713,127.320003,126.175290
1,1024,18,18432,14.169925,1.242422,1.242422,126.550032,125.307610
1,1024,21,21504,14.392317,1.215020,1.215020,133.840018,132.624998
1,1024,75,76800,16.228819,1.574629,1.574629,132.790010,131.215381
1,1024,110,112640,16.781360,1.738548,1.738548,136.109942,134.371394
1,1024,169,173056,17.400879,2.037109,2.037109,139.899959,137.862850
1,1024,346,354304,18.434628,2.925085,2.925085,140.850025,137.924940
1,1024,504,516096,18.977280,3.783437,3.783437,136.429968,132.646530
1,1024,1354,1386496,20.403012,8.528620,8.528620,137.689989,129.161369
1,1024,5224,5349376,22.350939,24.338476,24.338476,148.880004,124.541528
1,1024,5745,5882880,22.488091,26.496849,26.496849,153.229979,126.733130
1,1024,5876,6017024,22.520619,26.924395,26.924395,157.579954,130.655560
1,1024,9437,9663488,23.204113,42.687480,42.687480,169.469975,126.782494
1,1024,37999,38910976,25.213674,164.148398,164.148398,295.340025,131.191627
2,1,116,232,7.857981,1.440026,1.440026,133.219990,131.779964
2,1,126,252,7.977280,1.429896,1.429896,134.469999,133.040104
2,1,179,358,8.483816,0.970859,0.970859,134.430011,133.459151
2,1,2494,4988,12.284246,1.108333,1.108333,141.190016,140.081682
2,1,4226,8452,13.045077,1.178060,1.178060,132.530986,131.352926
2,1,7883,15766,13.944529,1.229101,1.229101,133.930007,132.700905
2,1,10111,20222,14.303638,1.253535,1.253535,134.610047,133.356512
2,8,11,176,7.459432,1.022819,1.022819,135.520007,134.497188
2,8,244,3904,11.930737,1.080631,1.080631,138.050003,136.969372
2,8,617,9872,13.269127,1.149590,1.149590,137.560011,136.410422
2,8,741,11856,13.533330,1.183763,1.183763,138.460018,137.276255
2,8,5525,88400,16.431759,1.586126,1.586126,141.590019,140.003892
2,16,20,640,9.321928,1.059460,1.059460,135.630020,134.570560
2,16,94,3008,11.554589,1.039394,1.039394,139.890006,138.850611
2,64,9,1152,10.169925,1.043991,1.043991,136.869960,135.825969
2,64,14,1792,10.807355,1.118887,1.118887,134.130009,133.011122
2,64,8964,1147392,20.129927,6.617383,6.617383,141.650031,135.032648
2,64,19978,2557184,21.286125,12.542409,12.542409,145.269965,132.727556
2,128,40,10240,13.321928,1.150260,1.150260,138.170028,137.019767
2,128,162,41472,15.339850,1.453197,1.453197,135.380018,133.926821
2,128,862,220672,17.751544,2.806061,2.806061,142.559991,139.753930
2,256,82,41984,15.357552,1.432956,1.432956,136.299990,134.867034
2,256,150,76800,16.228819,1.725749,1.725749,141.610042,139.884294
2,256,15094,7728128,22.881688,34.234297,34.234297,166.159996,131.925699
2,512,93,95232,16.539159,1.892617,1.892617,139.659969,137.767352
2,512,1048,1073152,20.033423,6.309486,6.309486,139.209966,132.900480
2,1024,43,88064,16.426265,1.823060,1.823060,138.439995,136.616935
2,1024,181,370688,18.499846,3.873314,3.873314,137.140043,133.266729
2,1024,1694,3469312,21.726218,16.203301,16.203301,149.600033,133.396732
4,1,9097,36388,15.151175,1.297728,1.297728,133.329944,132.032216
4,1,11333,45332,15.468242,1.360658,1.360658,138.489995,137.129338
4,8,1474,47168,15.525521,1.350612,1.350612,142.909994,141.559382
4,8,3806,121792,16.894060,1.730117,1.730117,139.259966,137.529849
4,8,6618,211776,17.692180,2.191875,2.191875,144.599995,142.408120
4,16,19,1216,10.247928,1.130163,1.130163,139.440002,138.309840
4,16,215,13760,13.748193,1.180410,1.180410,134.409987,133.229577
4,16,326,20864,14.348728,1.220944,1.220944,136.060000,134.839056
4,16,347,22208,14.438792,1.234557,1.234557,136.329967,135.095410
4,16,396,25344,14.629357,1.270644,1.270644,136.389979,135.119335
4,16,14332,917248,19.806952,5.479739,5.479739,145.400001,139.920262
4,64,27,6912,12.754888,1.156035,1.156035,135.880022,134.723987
4,64,2169,555264,19.082814,3.795540,3.795540,141.999975,138.204435
4,64,4001,1024256,19.966145,6.153431,6.153431,145.020022,138.866591
4,128,61,31232,14.930737,1.257201,1.257201,137.230032,135.972832
4,128,123,62976,15.942515,1.493848,1.493848,134.940026,133.446179
4,128,382,195584,17.577429,2.268105,2.268105,136.350049,134.081943
4,128,752,385024,18.554589,2.992624,2.992624,134.369009,131.376386
4,128,849,434688,18.729621,3.621458,3.621458,136.650051,133.028593
4,128,28861,14776832,23.816834,63.290078,63.290078,195.780012,132.489934
4,256,17,17408,14.087463,1.206367,1.206367,133.590016,132.383649
4,256,95,97280,16.569856,1.726282,1.726282,135.029957,133.303675
4,256,252,258048,17.977280,2.637689,2.637689,136.330025,133.692336
4,256,362,370688,18.499846,3.237604,3.237604,137.179974,133.942369
4,256,2007,2055168,20.970825,10.366992,10.366992,138.179981,127.812989
4,256,3313,3392512,21.693922,17.708646,17.708646,143.590034,125.881388
4,256,31326,32077824,24.935073,135.740078,135.740078,262.390007,126.649929
4,512,230,471040,18.845490,3.875879,3.875879,138.060015,134.184136
4,1024,15,61440,15.906891,1.506823,1.506823,133.880007,132.373184
4,1024,18,73728,16.169925,1.604512,1.604512,131.260022,129.655510
4,1024,183,749568,19.515700,5.352793,5.352793,141.050026,135.697233
8,1,932,7456,12.864186,1.157728,1.157728,125.709979,124.552251
8,1,30081,240648,17.876565,2.324316,2.324316,134.269998,131.945682
8,8,11,704,9.459432,1.117200,1.117200,137.470022,136.352822
8,8,14,896,9.807355,1.130143,1.130143,124.920043,123.789900
8,8,136,8704,13.087463,1.164811,1.164811,136.230025,135.065213
8,8,154,9856,13.266787,1.155026,1.155026,134.259986,133.104960
8,8,527,33728,15.041659,1.300208,1.300208,128.180021,126.879813
8,8,10455,669120,19.351905,4.303457,4.303457,138.939999,134.636542
8,8,38295,2450880,21.224868,11.902689,11.902689,145.480037,133.577348
8,16,65,8320,13.022368,1.174987,1.174987,128.799991,127.625004
8,16,146,18688,14.189825,1.295853,1.295853,128.380023,127.084170
8,16,1953,249984,17.931476,2.431654,2.431654,135.740032,133.308379
8,16,4164,532992,19.023754,3.742226,3.742226,142.080011,138.337784
8,16,24781,3171968,21.596947,14.994219,14.994219,145.049999,130.055780
8,64,63,32256,14.977280,1.434199,1.434199,134.130009,132.695809
8,64,67,34304,15.066089,1.457923,1.457923,134.419999,132.962076
8,64,209,107008,16.707359,1.760098,1.760098,136.249990,134.489892
8,64,4733,2423296,21.208539,11.971589,11.971589,141.880009,129.908421
8,64,12060,6174720,22.557942,27.753138,27.753138,157.130009,129.376871
8,64,45202,23143424,24.464099,98.673138,98.673138,233.099971,134.426833
8,128,16,16384,14.000000,1.205117,1.205117,133.669993,132.464876
8,128,25,25600,14.643856,1.233997,1.233997,131.890003,130.656006
8,128,300,307200,18.228819,2.629167,2.629167,135.930022,133.300856
8,256,11,22528,14.459432,1.203268,1.203268,134.130009,132.926740
8,256,1334,2732032,21.381543,13.084642,13.084642,141.930010,128.845368
8,512,20,81920,16.321928,1.565853,1.565853,133.219990,131.654137
8,512,26,106496,16.700440,1.660443,1.660443,140.859978,139.199536
8,512,439,1798144,20.778077,9.784928,9.784928,138.330040,128.545112
8,1024,21,172032,17.392317,1.987598,1.987598,138.180039,136.192442
8,1024,48,393216,18.584963,3.066777,3.066777,133.640016,130.573239
8,1024,429,3514368,21.744834,16.734935,16.734935,146.750011,130.015077
12,1,33,396,8.629357,1.054499,1.054499,132.000016,130.945517
12,1,188,2256,11.139551,1.050091,1.050091,136.990042,135.939951
12,1,614,7368,12.847057,1.173106,1.173106,134.289963,133.116858
12,1,1682,20184,14.300924,1.237109,1.237109,133.319991,132.082881
12,1,13039,156468,17.255508,2.139492,2.139492,134.540023,132.400531
12,8,10,960,9.906891,1.179707,1.179707,135.670009,134.490302
12,8,3702,355392,18.439052,2.836790,2.836790,138.829986,135.993196
12,16,144,27648,14.754888,1.387721,1.387721,134.209986,132.822265
12,16,399,76608,16.225207,1.605840,1.605840,134.319998,132.714158
12,16,1402,269184,18.038233,2.452298,2.452298,134.720001,132.267703
12,16,4901,940992,19.843823,5.648470,5.648470,139.290001,133.641531
12,64,54,41472,15.339850,1.577298,1.577298,135.580020,134.002721
12,64,516,396288,18.596190,3.470332,3.470332,136.889983,133.419651
12,64,967,742656,19.502335,5.201706,5.201706,135.041017,129.839311
12,64,8376,6432768,22.617008,28.770430,28.770430,159.180025,130.409595
12,64,10523,8081664,22.946221,35.779661,35.779661,160.530035,124.750374
12,128,31,47616,15.539159,1.364694,1.364694,134.559989,133.195295
12,128,541,830976,19.664447,5.147682,5.147682,137.789990,132.642307
12,128,2325,3571200,21.767978,16.591400,16.591400,148.729945,132.138545
12,512,11,67584,16.044394,1.575117,1.575117,132.879999,131.304882
12,512,37,227328,17.794416,2.341862,2.341862,136.039976,133.698114
12,512,127,780288,19.573647,4.896999,4.896999,140.199962,135.302963
12,512,5217,32053248,24.933967,136.412975,136.412975,268.850010,132.437035
12,1024,206,2531328,21.271463,12.442500,12.442500,140.520046,128.077546
12,1024,448,5505024,22.392317,24.821667,24.821667,152.181019,127.359352
12,1024,3032,37257216,25.151017,157.281947,157.281947,287.040020,129.758074
14,1,9422,131908,17.009173,1.882643,1.882643,136.629969,134.747326
14,1,18121,253694,17.952730,2.575221,2.575221,139.229989,136.654768
14,1,18677,261478,17.996330,2.575241,2.575241,140.850025,138.274784
14,8,3002,336224,18.359063,2.772298,2.772298,137.810013,135.037715
14,8,8701,974512,19.894320,5.688047,5.688047,141.619996,135.931949
14,8,14884,1667008,20.668830,9.042148,9.042148,138.660020,129.617871
14,8,17714,1983968,20.919957,10.616563,10.616563,135.729962,125.113400
14,16,9,2016,10.977280,1.179655,1.179655,130.159955,128.980300
14,16,1065,238560,17.863993,2.411055,2.411055,134.049973,131.638918
14,16,1106,247744,17.918491,2.395352,2.395352,134.620001,132.224649
14,64,63,56448,15.784635,1.718320,1.718320,134.009984,132.291664
14,64,323,289408,18.142745,2.777936,2.777936,135.380018,132.602082
14,64,1347,1206912,20.202889,7.084069,7.084069,138.370029,131.285960
14,64,28023,25108608,24.581679,106.615111,106.615111,237.060012,130.444902
14,128,1296,2322432,21.147205,11.312031,11.312031,143.270008,131.957977
14,128,3766,6748672,22.686172,29.822975,29.822975,160.179974,130.356999
14,256,75,268800,18.036174,2.533665,2.533665,135.949987,133.416322
14,256,122,437248,18.738092,3.345436,3.345436,136.729970,133.384534
14,256,1656,5935104,22.500842,26.717721,26.717721,152.629975,125.912253
14,256,2095,7508480,22.840089,33.394421,33.394421,158.139970,124.745550
14,256,3769,13508096,23.687321,58.280449,58.280449,185.340003,127.059553
14,512,11,78848,16.266787,1.603887,1.603887,133.319991,131.716104
14,512,27,193536,17.562242,2.234271,2.234271,136.210001,133.975730
14,512,40,286720,18.129283,2.583835,2.583835,140.079996,137.496161
14,512,189,1354752,20.369597,7.733021,7.733021,138.439995,130.706974
14,512,207,1483776,20.500842,8.302168,8.302168,138.489995,130.187827
14,512,1617,11590656,23.466459,50.504069,50.504069,182.060001,131.555932
14,512,3976,28499968,24.764457,120.690612,120.690612,251.989986,131.299374
14,1024,9,129024,16.977280,1.859915,1.859915,133.559981,131.700066
14,1024,12,172032,17.392317,2.125365,2.125365,138.239993,136.114629
14,1024,868,12443648,23.568906,54.113320,54.113320,180.709991,126.596670
14,1024,2566,36786176,25.132660,154.659023,154.659023,283.089990,128.430967
16,1,14,224,7.807355,1.012285,1.012285,133.660040,132.647755
16,1,18,288,8.169925,1.006055,1.006055,127.559993,126.553939
16,1,42,672,9.392317,1.030423,1.030423,134.749978,133.719555
16,1,215,3440,11.748193,1.060501,1.060501,139.579992,138.519490
16,1,1206,19296,14.236014,1.206803,1.206803,129.349995,128.143192
16,8,9,1152,10.169925,1.134466,1.134466,132.479996,131.345530
16,8,10,1280,10.321928,1.154518,1.154518,135.789975,134.635456
16,8,5476,700928,19.418907,4.485495,4.485495,136.719958,132.234464
16,16,49,12544,13.614710,1.287031,1.287031,131.120032,129.833001
16,16,104,26624,14.700440,1.299499,1.299499,135.670009,134.370510
16,16,120,30720,14.906891,1.266406,1.266406,131.269975,130.003569
16,16,8381,2145536,21.032907,10.795638,10.795638,139.629992,128.834354
16,64,36451,37325824,25.153671,157.698737,157.698737,285.049959,127.351222
16,128,55,112640,16.781360,1.696439,1.696439,134.979957,133.283518
16,128,403,825344,19.654636,5.085625,5.085625,135.380018,130.294393
16,128,765,1566720,20.579316,8.631699,8.631699,138.070027,129.438328
16,128,3847,7878656,22.909518,34.762454,34.762454,160.120020,125.357566
16,128,6782,13889536,23.727495,59.748229,59.748229,192.690000,132.941771
16,256,40,163840,17.321928,1.934323,1.934323,139.850017,137.915694
16,256,593,2428928,21.211888,11.796549,11.796549,145.500002,133.703452
16,512,390,3194880,21.607330,15.568346,15.568346,146.319973,130.751627
16,512,673,5513216,22.394463,24.834277,24.834277,151.969958,127.135681
16,512,1283,10510336,23.325305,46.169095,46.169095,172.590022,126.420927
16,1024,276,4521984,22.108524,20.729375,20.729375,147.149956,126.420581
32,1,11,352,8.459432,1.032995,1.032995,134.930015,133.897020
32,1,4818,154176,17.234219,1.885820,1.885820,139.519980,137.634159
32,1,13055,417760,18.672315,3.097305,3.097305,134.419999,131.322694
32,8,1602,410112,18.645658,3.184043,3.184043,134.880014,131.695971
32,8,2883,738048,19.493355,4.682370,4.682370,136.830029,132.147659
32,8,3792,970752,19.888743,5.726510,5.726510,137.839990,132.113480
32,8,11915,3050240,21.540491,14.688359,14.688359,142.220000,127.531641
32,16,32,16384,14.000000,1.461042,1.461042,133.610039,132.148998
32,16,1970,1008640,19.943980,6.359707,6.359707,136.970019,130.610312
32,16,3560,1822720,20.797662,10.001693,10.001693,137.769966,127.768274
32,64,832,1703936,20.700440,10.225729,10.225729,139.360025,129.134296
32,64,14602,29904896,24.833878,129.021074,129.021074,256.930012,127.908938
32,64,16572,33939456,25.016460,143.465755,143.465755,270.220044,126.754288
32,128,9,36864,15.169925,1.262819,1.262819,130.869972,129.607153
32,128,43,176128,17.426265,2.017305,2.017305,132.420042,130.402737
32,128,147,602112,19.199672,4.024297,4.024297,134.670001,130.645704
32,128,391,1601536,20.611025,8.839382,8.839382,141.630007,132.790626
32,128,7878,32268288,24.943614,135.867943,135.867943,265.399984,129.532041
32,512,11,180224,17.459432,2.053906,2.053906,139.870041,137.816134
32,512,128,2097152,21.000000,10.495977,10.495977,140.390010,129.894033
32,512,1269,20791296,24.309476,89.119349,89.119349,218.650035,129.530686
32,1024,235,7700480,22.876517,34.493613,34.493613,160.309020,125.815407
