d0,d1,d2,size,log2_size,latency_us
1,1,11,11,3.459432,1.531539
1,1,16,16,4.000000,1.531547
1,1,20,20,4.321928,1.532587
1,1,22,22,4.459432,1.532142
1,1,33,33,5.044394,1.531960
1,1,46,46,5.523562,1.531043
1,1,48,48,5.584963,1.531772
1,1,49,49,5.614710,1.531910
1,1,59,59,5.882643,1.531245
1,1,66,66,6.044394,1.531632
1,1,75,75,6.228819,1.531186
1,1,87,87,6.442943,1.532053
1,1,111,111,6.794416,1.530881
1,1,149,149,7.219169,1.531989
1,1,227,227,7.826548,1.531782
1,1,636,636,9.312883,1.537605
1,1,698,698,9.447083,1.536985
1,1,797,797,9.638436,1.537051
1,1,931,931,9.862637,1.537105
1,1,1006,1006,9.974415,1.537928
1,1,1115,1115,10.122828,1.565802
1,1,1437,1437,10.488844,1.539518
1,1,1446,1446,10.497852,1.565650
1,1,1619,1619,10.660887,1.565645
1,1,1695,1695,10.727070,1.565351
1,1,2434,2434,11.249113,1.565859
1,1,4739,4739,12.210367,1.565305
1,1,10690,10690,13.383974,1.565734
1,1,14019,14019,13.775096,1.589436
1,1,20704,20704,14.337622,1.630749
1,1,21218,21218,14.373001,1.629342
1,1,35734,35734,15.125010,1.678489
1,1,49863,49863,15.605682,1.750696
1,8,10,80,6.321928,1.531534
1,8,16,128,7.000000,1.525723
1,8,19,152,7.247928,1.532297
1,8,27,216,7.754888,1.531451
1,8,28,224,7.807355,1.526433
1,8,36,288,8.169925,1.565588
1,8,39,312,8.285402,1.565072
1,8,42,336,8.392317,1.566082
1,8,71,568,9.149747,1.565168
1,8,81,648,9.339850,1.564794
1,8,85,680,9.409391,1.565292
1,8,90,720,9.491853,1.531643
1,8,116,928,9.857981,1.531594
1,8,126,1008,9.977280,1.530987
1,8,148,1184,10.209453,1.531202
1,8,155,1240,10.276124,1.531789
1,8,165,1320,10.366322,1.530511
1,8,185,1480,10.531381,1.526597
1,8,208,1664,10.700440,1.566247
1,8,250,2000,10.965784,1.531151
1,8,267,2136,11.060696,1.531260
1,8,283,2264,11.144658,1.533446
1,8,300,2400,11.228819,1.534187
1,8,312,2496,11.285402,1.533512
1,8,336,2688,11.392317,1.533995
1,8,490,3920,11.936638,1.533170
1,8,527,4216,12.041659,1.532752
1,8,602,4816,12.233620,1.565738
1,8,705,5640,12.461479,1.565378
1,8,846,6768,12.724514,1.564407
1,8,1235,9880,13.270295,1.564915
1,8,1619,12952,13.660887,1.542278
1,8,2567,20536,14.325868,1.565577
1,8,2582,20656,14.334273,1.564921
1,8,3222,25776,14.653741,1.564654
1,8,3726,29808,14.863412,1.564950
1,8,3811,30488,14.895954,1.566115
1,8,4292,34336,15.067434,1.566103
1,8,7511,60088,15.874789,1.567309
1,8,7749,61992,15.919794,1.567054
1,8,9317,74536,16.185650,1.564461
1,8,10422,83376,16.347345,1.565146
1,8,12212,97696,16.576012,1.579699
1,8,16946,135568,17.048657,1.611654
1,8,30026,240208,17.873925,1.676513
1,8,45294,362352,18.467032,1.740489
1,8,48074,384592,18.552969,1.735492
1,8,48314,386512,18.560154,1.745292
1,16,8,128,7.000000,1.564249
1,16,9,144,7.169925,1.564717
1,16,10,160,7.321928,1.565210
1,16,14,224,7.807355,1.530726
1,16,22,352,8.459432,1.533369
1,16,29,464,8.857981,1.530706
1,16,31,496,8.954196,1.530289
1,16,49,784,9.614710,1.530293
1,16,76,1216,10.247928,1.530760
1,16,112,1792,10.807355,1.530809
1,16,126,2016,10.977280,1.531026
1,16,128,2048,11.000000,1.531141
1,16,159,2544,11.312883,1.531361
1,16,183,2928,11.515700,1.530528
1,16,192,3072,11.584963,1.531175
1,16,219,3504,11.774787,1.530611
1,16,273,4368,12.092757,1.536567
1,16,274,4384,12.098032,1.536895
1,16,298,4768,12.219169,1.536535
1,16,331,5296,12.370687,1.536768
1,16,392,6272,12.614710,1.536526
1,16,693,11088,13.436712,1.537166
1,16,828,13248,13.693487,1.541218
1,16,994,15904,13.957102,1.540985
1,16,1152,18432,14.169925,1.562494
1,16,1347,21552,14.395534,1.564269
1,16,1393,22288,14.443980,1.565075
1,16,1532,24512,14.581201,1.565242
1,16,1567,25072,14.613789,1.564678
1,16,3936,62976,15.942515,1.564864
1,16,4087,65392,15.996827,1.566105
1,16,4167,66672,16.024793,1.565511
1,16,4879,78064,16.252370,1.564120
1,16,5281,84496,16.366595,1.566456
1,16,6413,102608,16.646784,1.585295
1,16,7203,115248,16.814382,1.590124
1,16,7612,121792,16.894060,1.593438
1,16,9046,144736,17.143064,1.613847
1,16,17040,272640,18.056638,1.678473
1,16,17371,277936,18.084393,1.678355
1,16,22221,355536,18.439636,1.744395
1,16,24311,388976,18.569322,1.744818
1,16,25594,409504,18.643518,1.756854
1,16,27190,435040,18.730789,1.788121
1,16,33635,538160,19.037676,1.836199
1,16,35340,565440,19.109014,1.858152
1,16,42689,683024,19.381577,1.948332
1,16,44560,712960,19.443462,1.954121
1,64,11,704,9.459432,1.530431
1,64,15,960,9.906891,1.530721
1,64,34,2176,11.087463,1.537653
1,64,58,3712,11.857981,1.534114
1,64,60,3840,11.906891,1.565456
1,64,98,6272,12.614710,1.564465
1,64,99,6336,12.629357,1.564526
1,64,174,11136,13.442943,1.541562
1,64,385,24640,14.588715,1.565041
1,64,568,36352,15.149747,1.564641
1,64,580,37120,15.179909,1.565726
1,64,632,40448,15.303781,1.564924
1,64,1028,65792,16.005625,1.565230
1,64,1211,77504,16.241983,1.565318
1,64,1371,87744,16.421013,1.576727
1,64,1665,106560,16.701306,1.590209
1,64,1711,109504,16.740624,1.594152
1,64,1986,127104,16.955650,1.596619
1,64,2314,148096,17.176173,1.632366
1,64,5188,332032,18.340963,1.749947
1,64,6135,392640,18.582848,1.744030
1,64,6254,400256,18.610564,1.763705
1,64,8624,551936,19.074141,1.838169
1,64,10045,642880,19.294190,1.970618
1,64,10279,657856,19.327412,1.964060
1,64,10432,667648,19.348728,1.968458
1,64,11325,724800,19.467223,1.942371
1,64,14864,951296,19.859535,2.051522
1,64,16044,1026816,19.969746,2.099292
1,64,16421,1050944,20.003254,2.128288
1,64,17085,1093440,20.060443,2.130594
1,64,19234,1230976,20.231371,2.224817
1,64,24209,1549376,20.563256,2.396575
1,64,29478,1886592,20.847351,2.583310
1,64,30422,1947008,20.892827,2.617100
1,64,31062,1987968,20.922863,2.645388
1,64,35567,2276288,21.118252,2.814315
1,128,8,1024,10.000000,1.564893
1,128,9,1152,10.169925,1.564210
1,128,10,1280,10.321928,1.531335
1,128,12,1536,10.584963,1.564963
1,128,16,2048,11.000000,1.531001
1,128,18,2304,11.169925,1.531268
1,128,19,2432,11.247928,1.533542
1,128,20,2560,11.321928,1.564686
1,128,27,3456,11.754888,1.564650
1,128,47,6016,12.554589,1.564485
1,128,147,18816,14.199672,1.564802
1,128,157,20096,14.294621,1.564880
1,128,181,23168,14.499846,1.565302
1,128,202,25856,14.658211,1.564891
1,128,207,26496,14.693487,1.564732
1,128,271,34688,15.082149,1.565189
1,128,279,35712,15.124121,1.564797
1,128,317,40576,15.308339,1.566027
1,128,991,126848,16.952741,1.596709
1,128,1171,149888,17.193525,1.615752
1,128,1550,198400,17.598053,1.630608
1,128,1728,221184,17.754888,1.643327
1,128,2407,308096,18.233020,1.700183
1,128,2443,312704,18.254438,1.707370
1,128,3069,392832,18.583553,1.732363
1,128,5175,662400,19.337343,1.957318
1,128,5626,720128,19.457894,1.962977
1,128,8463,1083264,20.046953,2.148128
1,128,8964,1147392,20.129927,2.150137
1,128,13624,1743872,20.733863,2.497854
1,128,28105,3597440,21.778539,3.583265
1,128,28196,3609088,21.783203,3.571644
1,128,30968,3963904,21.918491,3.908151
1,128,35196,4505088,22.103124,4.091393
1,128,35968,4603904,22.134426,4.105317
1,128,41615,5326720,22.344816,4.562192
1,128,41633,5329024,22.345440,4.589589
1,128,44731,5725568,22.448987,4.761941
1,256,8,2048,11.000000,1.530673
1,256,9,2304,11.169925,1.532125
1,256,10,2560,11.321928,1.533539
1,256,11,2816,11.459432,1.533132
1,256,20,5120,12.321928,1.537693
1,256,22,5632,12.459432,1.536991
1,256,25,6400,12.643856,1.536750
1,256,31,7936,12.954196,1.531103
1,256,34,8704,13.087463,1.536537
1,256,44,11264,13.459432,1.536609
1,256,50,12800,13.643856,1.540898
1,256,59,15104,13.882643,1.541037
1,256,67,17152,14.066089,1.561665
1,256,135,34560,15.076816,1.565299
1,256,164,41984,15.357552,1.565665
1,256,167,42752,15.383704,1.565387
1,256,247,63232,15.948367,1.564051
1,256,291,74496,16.184875,1.567526
1,256,356,91136,16.475733,1.570354
1,256,432,110592,16.754888,1.583584
1,256,455,116480,16.829723,1.594185
1,256,496,126976,16.954196,1.602888
1,256,685,175360,17.419960,1.632737
1,256,692,177152,17.434628,1.629713
1,256,790,202240,17.625709,1.675792
1,256,1587,406272,18.632086,1.752925
1,256,2719,696064,19.408860,1.954086
1,256,10171,2603776,21.312174,2.995662
1,256,13038,3337728,21.670435,3.407146
1,256,18450,4723200,22.171333,4.214384
1,256,21544,5515264,22.394999,4.648699
1,512,11,5632,12.459432,1.564531
1,512,13,6656,12.700440,1.564009
1,512,14,7168,12.807355,1.536715
1,512,23,11776,13.523562,1.541238
1,512,30,15360,13.906891,1.541156
1,512,36,18432,14.169925,1.564278
1,512,46,23552,14.523562,1.565235
1,512,49,25088,14.614710,1.564948
1,512,50,25600,14.643856,1.565239
1,512,79,40448,15.303781,1.563991
1,512,81,41472,15.339850,1.565766
1,512,84,43008,15.392317,1.566703
1,512,110,56320,15.781360,1.566151
1,512,149,76288,16.219169,1.568323
1,512,153,78336,16.257388,1.566722
1,512,165,84480,16.366322,1.570521
1,512,192,98304,16.584963,1.580609
1,512,211,108032,16.721099,1.593792
1,512,267,136704,17.060696,1.613588
1,512,310,158720,17.276124,1.615245
1,512,648,331776,18.339850,1.711274
1,512,937,479744,18.871905,1.779780
1,512,1306,668672,19.350939,1.957829
1,512,1629,834048,19.669771,1.992419
1,512,2054,1051648,20.004220,2.110068
1,512,2088,1069056,20.027906,2.132808
1,512,2250,1152000,20.135709,2.153973
1,512,2442,1250304,20.253847,2.258493
1,512,4269,2185728,21.059682,2.751575
1,512,4763,2438656,21.217655,2.921119
1,512,8028,4110336,21.970825,3.897215
1,512,8656,4431872,22.079485,3.979703
1,512,12121,6205952,22.565221,5.029817
1,512,14592,7471104,22.832890,5.702694
1,512,25869,13244928,23.658937,9.011370
1,512,33434,17118208,24.029028,11.174018
1,512,33831,17321472,24.046058,11.289543
1,512,34812,17823744,24.087297,11.717991
1,512,35856,18358272,24.129927,11.860228
1,512,38631,19779072,24.237471,12.714749
1,512,43682,22365184,24.414751,14.157534
1,1024,9,9216,13.169925,1.564551
1,1024,10,10240,13.321928,1.564854
1,1024,11,11264,13.459432,1.567515
1,1024,18,18432,14.169925,1.564317
1,1024,21,21504,14.392317,1.565385
1,1024,25,25600,14.643856,1.564896
1,1024,28,28672,14.807355,1.564509
1,1024,71,72704,16.149747,1.567019
1,1024,75,76800,16.228819,1.563992
1,1024,83,84992,16.375039,1.581294
1,1024,110,112640,16.781360,1.589887
1,1024,127,130048,16.988685,1.597661
1,1024,133,136192,17.055282,1.609331
1,1024,169,173056,17.400879,1.628841
1,1024,249,254976,17.960002,1.678420
1,1024,253,259072,17.982994,1.677423
1,1024,265,271360,18.049849,1.677319
1,1024,276,282624,18.108524,1.686919
1,1024,298,305152,18.219169,1.693215
1,1024,346,354304,18.434628,1.745538
1,1024,504,516096,18.977280,1.808064
1,1024,886,907264,19.791163,2.068634
1,1024,1064,1089536,20.055282,2.141507
1,1024,1354,1386496,20.403012,2.291553
1,1024,1951,1997824,20.929998,2.672443
1,1024,2518,2578432,21.298063,2.978288
1,1024,3805,3896320,21.893681,3.730023
1,1024,4689,4801536,22.195065,4.175776
1,1024,5224,5349376,22.350939,4.525137
1,1024,5745,5882880,22.488091,4.799795
1,1024,5876,6017024,22.520619,4.886073
1,1024,6787,6949888,22.728558,5.426669
1,1024,7471,7650304,22.867086,5.849315
1,1024,7976,8167424,22.961450,6.112009
1,1024,8890,9103360,23.117968,6.684680
1,1024,9027,9243648,23.140031,6.765822
1,1024,9437,9663488,23.204113,6.974772
1,1024,21746,22267904,24.408462,14.546826
1,1024,22750,23296000,24.473579,14.741849
1,1024,23340,23900160,24.510517,15.007854
1,1024,24010,24586240,24.551348,15.411073
1,1024,28901,29594624,24.818832,18.338402
1,1024,37849,38757376,25.207968,23.456575
1,1024,37999,38910976,25.213674,23.482146
2,1,11,22,4.459432,1.564012
2,1,12,24,4.584963,1.563683
2,1,13,26,4.700440,1.564126
2,1,28,56,5.807355,1.564565
2,1,58,116,6.857981,1.569167
2,1,116,232,7.857981,1.529971
2,1,126,252,7.977280,1.531209
2,1,154,308,8.266787,1.531319
2,1,179,358,8.483816,1.530784
2,1,190,380,8.569856,1.530953
2,1,293,586,9.194757,1.565059
2,1,298,596,9.219169,1.565537
2,1,309,618,9.271463,1.565167
2,1,1958,3916,11.935165,1.542039
2,1,2206,4412,12.107217,1.553630
2,1,2494,4988,12.284246,1.565179
2,1,4226,8452,13.045077,1.564488
2,1,4528,9056,13.144658,1.564645
2,1,7883,15766,13.944529,1.565210
2,1,10111,20222,14.303638,1.564812
2,1,19840,39680,15.276124,1.633503
2,1,40088,80176,16.290883,1.714387
2,8,11,176,7.459432,1.539330
2,8,30,480,8.906891,1.533139
2,8,82,1312,10.357552,1.531351
2,8,107,1712,10.741467,1.533463
2,8,244,3904,11.930737,1.532842
2,8,283,4528,12.144658,1.535947
2,8,308,4928,12.266787,1.536751
2,8,337,5392,12.396605,1.538040
2,8,617,9872,13.269127,1.537348
2,8,741,11856,13.533330,1.536944
2,8,1420,22720,14.471675,1.563643
2,8,2829,45264,15.466076,1.565303
2,8,3159,50544,15.625252,1.565671
2,8,5525,88400,16.431759,1.568311
2,8,5705,91280,16.478011,1.573228
2,8,30060,480960,18.875557,1.808967
2,16,20,640,9.321928,1.565320
2,16,25,800,9.643856,1.564651
2,16,41,1312,10.357552,1.564906
2,16,59,1888,10.882643,1.564680
2,16,69,2208,11.108524,1.565339
2,16,77,2464,11.266787,1.564888
2,16,94,3008,11.554589,1.565076
2,16,208,6656,12.700440,1.564933
2,16,1084,34688,15.082149,1.566698
2,16,2232,71424,16.124121,1.565590
2,16,13117,419744,18.679150,1.779664
2,64,9,1152,10.169925,1.531538
2,64,14,1792,10.807355,1.564994
2,64,15,1920,10.906891,1.564500
2,64,18,2304,11.169925,1.564643
2,64,88,11264,13.459432,1.572083
2,64,620,79360,16.276124,1.573095
2,64,8964,1147392,20.129927,2.180299
2,64,19978,2557184,21.286125,2.979064
2,64,47737,6110336,22.542820,4.954429
2,128,14,3584,11.807355,1.540613
2,128,15,3840,11.906891,1.540924
2,128,40,10240,13.321928,1.565494
2,128,141,36096,15.139551,1.610538
2,128,162,41472,15.339850,1.630256
2,128,441,112896,16.784635,1.780106
2,128,553,141568,17.111136,1.846612
2,128,611,156416,17.255029,1.958877
2,128,717,183552,17.485829,1.956346
2,128,862,220672,17.751544,2.023562
2,128,935,239360,17.868823,2.053142
2,256,26,13312,13.700440,1.564198
2,256,32,16384,14.000000,1.565027
2,256,58,29696,14.857981,1.592591
2,256,82,41984,15.357552,1.632002
2,256,150,76800,16.228819,1.701273
2,256,234,119808,16.870365,1.792081
2,256,289,147968,17.174926,1.613081
2,256,1869,956928,19.868051,3.693304
2,256,3769,1929728,20.879966,5.877740
2,256,12794,6550528,22.643180,16.368356
2,256,15094,7728128,22.881688,19.023126
2,256,17753,9089536,23.115775,22.183653
2,256,30196,15460352,23.882070,36.525614
2,512,14,14336,13.807355,1.564616
2,512,47,48128,15.554589,1.631802
2,512,93,95232,16.539159,1.740189
2,512,155,158720,17.276124,1.961723
2,512,410,419840,18.679480,2.468119
2,512,1048,1073152,20.033423,3.923881
2,512,1937,1983488,20.919608,2.634543
2,512,2096,2146304,21.033423,2.740571
2,512,2885,2954240,21.494356,8.219703
2,512,8083,8276992,22.980675,20.309726
2,512,10663,10918912,23.380326,26.176208
2,512,16925,17331200,24.046868,40.687671
2,1024,18,36864,15.169925,1.618034
2,1024,43,88064,16.426265,1.722818
2,1024,70,143360,17.129283,1.855514
2,1024,95,194560,17.569856,1.959657
2,1024,131,268288,18.033423,2.126174
2,1024,181,370688,18.499846,2.347424
2,1024,257,526336,19.005625,1.815596
2,1024,297,608256,19.214319,2.906333
2,1024,359,735232,19.487840,3.139612
2,1024,1694,3469312,21.726218,9.373242
2,1024,2561,5244928,22.322492,4.462877
2,1024,3900,7987200,22.929258,19.583858
2,1024,5283,10819584,23.367142,25.927100
2,1024,15200,31129600,24.891784,19.274475
2,1024,16877,34564096,25.042771,79.526756
4,1,8,32,5.000000,1.564041
4,1,10,40,5.321928,1.565497
4,1,33,132,7.044394,1.530346
4,1,39,156,7.285402,1.530434
4,1,1668,6672,12.703904,1.541438
4,1,2306,9224,13.171177,1.565137
4,1,7522,30088,14.876901,1.564834
4,1,9097,36388,15.151175,1.565737
4,1,11333,45332,15.468242,1.573708
4,8,84,2688,11.392317,1.537083
4,8,392,12544,13.614710,1.541031
4,8,394,12608,13.622052,1.541573
4,8,530,16960,14.049849,1.564503
4,8,1432,45824,15.483816,1.566066
4,8,1474,47168,15.525521,1.567348
4,8,1717,54944,15.745674,1.563580
4,8,2507,80224,16.291746,1.565017
4,8,3096,99072,16.596190,1.586612
4,8,3806,121792,16.894060,1.596476
4,8,6618,211776,17.692180,1.642857
4,8,20580,658560,19.328955,1.950723
4,8,48178,1541696,20.556087,2.427443
4,16,10,640,9.321928,1.539579
4,16,19,1216,10.247928,1.565209
4,16,111,7104,12.794416,1.538241
4,16,215,13760,13.748193,1.564919
4,16,259,16576,14.016808,1.563253
4,16,326,20864,14.348728,1.564285
4,16,347,22208,14.438792,1.564219
4,16,374,23936,14.546894,1.564306
4,16,396,25344,14.629357,1.565678
4,16,439,28096,14.778077,1.565357
4,16,870,55680,15.764872,1.565349
4,16,4459,285376,18.122504,1.687997
4,16,4908,314112,18.260920,1.711594
4,16,6857,438848,18.743362,1.782808
4,16,14332,917248,19.806952,2.040587
4,64,10,2560,11.321928,1.540426
4,64,15,3840,11.906891,1.542535
4,64,16,4096,12.000000,1.536891
4,64,19,4864,12.247928,1.564402
4,64,22,5632,12.459432,1.565489
4,64,27,6912,12.754888,1.564578
4,64,51,13056,13.672425,1.564658
4,64,227,58112,15.826548,1.566312
4,64,2169,555264,19.082814,1.868680
4,64,2465,631040,19.267372,1.954156
4,64,4001,1024256,19.966145,2.104954
4,64,4537,1161472,20.147523,2.178767
4,64,6265,1603840,20.613099,2.465068
4,64,8769,2244864,21.098197,2.829132
4,64,27125,6944000,22.727336,5.432509
4,128,17,8704,13.087463,1.530852
4,128,57,29184,14.832890,1.563612
4,128,61,31232,14.930737,1.564339
4,128,73,37376,15.189825,1.564648
4,128,97,49664,15.599913,1.565996
4,128,123,62976,15.942515,1.600836
4,128,244,124928,16.930737,1.676185
4,128,246,125952,16.942515,1.675782
4,128,365,186880,17.511753,1.738543
4,128,382,195584,17.577429,1.734649
4,128,737,377344,18.525521,1.744991
4,128,752,385024,18.554589,1.731567
4,128,849,434688,18.729621,1.776971
4,128,3720,1904640,20.861087,3.672831
4,128,10130,5186560,22.306347,7.392671
4,128,28861,14776832,23.816834,18.243904
4,256,17,17408,14.087463,1.565060
4,256,27,27648,14.754888,1.565020
4,256,39,39936,15.285402,1.565587
4,256,42,43008,15.392317,1.565096
4,256,76,77824,16.247928,1.630059
4,256,95,97280,16.569856,1.671741
4,256,169,173056,17.400879,1.739866
4,256,252,258048,17.977280,1.812897
4,256,362,370688,18.499846,1.953552
4,256,597,611328,19.221587,2.216420
4,256,605,619520,19.240791,2.221372
4,256,916,937984,19.839204,2.605418
4,256,1746,1787904,20.769838,3.497308
4,256,2007,2055168,20.970825,3.902945
4,256,3313,3392512,21.693922,3.425434
4,256,3645,3732480,21.831703,5.763973
4,256,5080,5201920,22.310613,7.380822
4,256,10552,10805248,23.365229,13.711370
4,256,31326,32077824,24.935073,37.754087
4,512,16,32768,15.000000,1.564631
4,512,22,45056,15.459432,1.570374
4,512,58,118784,16.857981,1.678710
4,512,87,178176,17.442943,1.728432
4,512,112,229376,17.807355,1.661489
4,512,230,471040,18.845490,2.029709
4,512,243,497664,18.924813,2.091286
4,512,275,563200,19.103288,2.177027
4,512,348,712704,19.442943,2.350130
4,512,405,829440,19.661778,2.450152
4,512,479,980992,19.903882,2.613520
4,512,1624,3325952,21.665336,5.251233
4,1024,15,61440,15.906891,1.588804
4,1024,18,73728,16.169925,1.613298
4,1024,27,110592,16.754888,1.647010
4,1024,31,126976,16.954196,1.673425
4,1024,51,208896,17.672425,1.760764
4,1024,145,593920,19.179909,1.844918
4,1024,158,647168,19.303781,2.254053
4,1024,183,749568,19.515700,2.372243
4,1024,314,1286144,20.294621,2.973721
4,1024,349,1429504,20.447083,3.126986
4,1024,509,2084864,20.991522,3.919384
4,1024,729,2985984,21.509775,4.895776
4,1024,2151,8810496,23.070792,11.514110
4,1024,9676,39632896,25.240195,46.355548
8,1,11,88,6.459432,1.531354
8,1,12,96,6.584963,1.530264
8,1,17,136,7.087463,1.530725
8,1,18,144,7.169925,1.531023
8,1,45,360,8.491853,1.530448
8,1,62,496,8.954196,1.531630
8,1,932,7456,12.864186,1.536704
8,1,9750,78000,16.251187,1.566748
8,1,30081,240648,17.876565,1.676309
8,1,38056,304448,18.215836,1.696624
8,8,11,704,9.459432,1.564613
8,8,14,896,9.807355,1.564059
8,8,27,1728,10.754888,1.565042
8,8,136,8704,13.087463,1.565146
8,8,154,9856,13.266787,1.565496
8,8,527,33728,15.041659,1.565235
8,8,3207,205248,17.647009,1.646449
8,8,8903,569792,19.120076,1.851159
8,8,10455,669120,19.351905,1.966651
8,8,38295,2450880,21.224868,2.934178
8,16,22,2816,11.459432,1.564655
8,16,65,8320,13.022368,1.564741
8,16,90,11520,13.491853,1.564596
8,16,127,16256,13.988685,1.565170
8,16,143,18304,14.159871,1.565161
8,16,146,18688,14.189825,1.565181
8,16,157,20096,14.294621,1.563390
8,16,1111,142208,17.117643,1.618017
8,16,1953,249984,17.931476,1.678074
8,16,4164,532992,19.023754,1.833642
8,16,24781,3171968,21.596947,3.298402
8,16,25291,3237248,21.626336,3.358721
8,64,12,6144,12.584963,1.565319
8,64,53,27136,14.727920,1.564825
8,64,63,32256,14.977280,1.565820
8,64,67,34304,15.066089,1.565569
8,64,209,107008,16.707359,1.598887
8,64,215,110080,16.748193,1.602979
8,64,251,128512,16.971544,1.601175
8,64,1343,687616,19.391244,1.925887
8,64,4121,2109952,21.008779,2.813950
8,64,4477,2292224,21.128317,2.824909
8,64,4733,2423296,21.208539,2.876416
8,64,5305,2716160,21.373137,3.065320
8,64,12060,6174720,22.557942,5.042169
8,64,45202,23143424,24.464099,14.571096
8,128,9,9216,13.169925,1.565391
8,128,16,16384,14.000000,1.565236
8,128,25,25600,14.643856,1.565947
8,128,38,38912,15.247928,1.565216
8,128,222,227328,17.794416,1.649828
8,128,230,235520,17.845490,1.674227
8,128,250,256000,17.965784,1.675805
8,128,300,307200,18.228819,1.700211
8,128,311,318464,18.280771,1.714636
8,128,642,657408,19.326429,1.924226
8,128,2852,2920448,21.477758,3.193493
8,128,4194,4294656,22.034111,3.967237
8,128,16367,16759808,23.998502,10.952740
8,256,8,16384,14.000000,1.565414
8,256,10,20480,14.321928,1.562981
8,256,11,22528,14.459432,1.562434
8,256,17,34816,15.087463,1.565314
8,256,18,36864,15.169925,1.565180
8,256,22,45056,15.459432,1.566424
8,256,46,94208,16.523562,1.573824
8,256,102,208896,17.672425,1.636017
8,256,349,714752,19.447083,1.953562
8,256,845,1730560,20.722808,2.492215
8,256,1334,2732032,21.381543,3.049224
8,256,3144,6438912,22.618386,5.202511
8,256,8153,16697344,23.993115,10.968744
8,256,11030,22589440,24.429145,14.247445
8,512,13,53248,15.700440,1.566379
8,512,20,81920,16.321928,1.562119
8,512,26,106496,16.700440,1.579993
8,512,227,929792,19.826548,2.057064
8,512,439,1798144,20.778077,2.521507
8,512,699,2863104,21.449149,3.099612
8,512,702,2875392,21.455327,3.143973
8,512,4959,20312064,24.275834,12.971484
8,512,6543,26800128,24.675737,16.689840
8,1024,14,114688,16.807355,1.585033
8,1024,21,172032,17.392317,1.635537
8,1024,48,393216,18.584963,1.761941
8,1024,59,483328,18.882643,1.798011
8,1024,129,1056768,20.011227,2.107808
8,1024,151,1236992,20.238405,2.214361
8,1024,244,1998848,20.930737,2.656461
8,1024,269,2203648,21.071462,2.724589
8,1024,291,2383872,21.184875,2.839612
8,1024,429,3514368,21.744834,3.482420
8,1024,705,5775360,22.461479,4.766279
8,1024,1835,15032320,23.841564,9.989224
8,1024,1975,16179200,23.947637,10.641005
12,1,12,144,7.169925,1.530769
12,1,22,264,8.044394,1.530595
12,1,33,396,8.629357,1.531273
12,1,188,2256,11.139551,1.535342
12,1,311,3732,11.865733,1.537079
12,1,614,7368,12.847057,1.539690
12,1,1303,15636,13.932584,1.564179
12,1,1682,20184,14.300924,1.564639
12,1,1899,22788,14.475987,1.565150
12,1,1934,23208,14.502335,1.564983
12,1,2720,32640,14.994353,1.565519
12,1,6909,82908,16.339224,1.586335
12,1,7774,93288,16.509404,1.598994
12,1,9598,115176,16.813481,1.611450
12,1,13039,156468,17.255508,1.648577
12,1,15353,184236,17.491195,1.678487
12,1,36950,443400,18.758249,1.859382
12,8,10,960,9.906891,1.565052
12,8,16,1536,10.584963,1.564666
12,8,54,5184,12.339850,1.564327
12,8,81,7776,12.924813,1.565541
12,8,855,82080,16.324743,1.577585
12,8,1199,115104,16.812578,1.585667
12,8,1813,174048,17.409126,1.681269
12,8,2658,255168,17.961088,1.676344
12,8,3143,301728,18.202889,1.704228
12,8,3616,347136,18.405141,1.735730
12,8,3702,355392,18.439052,1.735321
12,8,32902,3158592,21.590850,3.299132
12,8,33498,3215808,21.616750,3.358174
12,8,34463,3308448,21.657723,3.382763
12,16,31,5952,12.539159,1.565121
12,16,45,8640,13.076816,1.564853
12,16,64,12288,13.584963,1.564979
12,16,67,12864,13.651052,1.562590
12,16,144,27648,14.754888,1.563856
12,16,163,31296,14.933691,1.564427
12,16,399,76608,16.225207,1.578070
12,16,1071,205632,17.649705,1.677749
12,16,1402,269184,18.038233,1.686658
12,16,1618,310656,18.244958,1.713714
12,16,3222,618624,19.238703,1.958700
12,16,4901,940992,19.843823,2.069871
12,16,6829,1311168,20.322421,2.282900
12,64,54,41472,15.339850,1.580723
12,64,130,99840,16.607330,1.631131
12,64,201,154368,17.236014,1.623231
12,64,458,351744,18.424166,1.734325
12,64,516,396288,18.596190,1.844755
12,64,967,742656,19.502335,1.950136
12,64,1307,1003776,19.937006,2.185525
12,64,8376,6432768,22.617008,5.177100
12,64,10523,8081664,22.946221,6.175751
12,64,14311,10990848,23.389799,7.845685
12,64,24066,18482688,24.139671,12.153151
12,128,10,15360,13.906891,1.562690
12,128,31,47616,15.539159,1.566061
12,128,45,69120,16.076816,1.567169
12,128,134,205824,17.651052,1.647008
12,128,541,830976,19.664447,1.953156
12,128,849,1304064,20.314583,2.272785
12,128,2325,3571200,21.767978,3.535799
12,128,2909,4468224,22.091270,3.968836
12,128,4567,7014912,22.741994,5.466963
12,128,7206,11068416,23.399945,7.833516
12,128,20721,31827456,24.923769,19.563904
12,256,11,33792,15.044394,1.564620
12,256,85,261120,17.994353,1.685952
12,256,242,743424,19.503826,1.968010
12,256,812,2494464,21.250298,2.907534
12,256,973,2989056,21.511258,3.203950
12,256,1319,4051968,21.950191,3.902626
12,256,4941,15178752,23.855550,10.092283
12,512,11,67584,16.044394,1.564487
12,512,15,92160,16.491853,1.579560
12,512,37,227328,17.794416,1.691382
12,512,38,233472,17.832890,1.678079
12,512,51,313344,18.257388,1.730072
12,512,68,417792,18.672425,1.789436
12,512,127,780288,19.573647,1.961929
12,512,460,2826240,21.430453,3.137763
12,512,465,2856960,21.446049,3.157808
12,512,507,3115008,21.570804,3.288174
12,512,904,5554176,22.405141,4.671324
12,512,915,5621760,22.422590,4.727808
12,512,4111,25257984,24.590236,15.722808
12,512,5217,32053248,24.933967,19.749201
12,1024,43,528384,19.011227,1.860678
12,1024,81,995328,19.924813,2.087866
12,1024,122,1499136,20.515700,2.420205
12,1024,191,2347008,21.162391,2.844658
12,1024,206,2531328,21.271463,2.956963
12,1024,212,2605056,21.312883,3.064406
12,1024,448,5505024,22.392317,4.603904
12,1024,462,5677056,22.436712,4.736758
12,1024,3032,37257216,25.151017,22.902829
14,1,48,672,9.392317,1.564591
14,1,124,1736,10.761551,1.565465
14,1,125,1750,10.773139,1.569802
14,1,166,2324,11.182394,1.536015
14,1,1114,15596,13.928888,1.565019
14,1,1997,27958,14.770974,1.563903
14,1,2097,29358,14.841466,1.565833
14,1,4760,66640,16.024101,1.567933
14,1,9422,131908,17.009173,1.608363
14,1,18121,253694,17.952730,1.680551
14,1,18677,261478,17.996330,1.686318
14,1,24049,336686,18.361044,1.741377
14,8,13,1456,10.507795,1.564251
14,8,72,8064,12.977280,1.564950
14,8,99,11088,13.436712,1.564877
14,8,199,22288,14.443980,1.565405
14,8,684,76608,16.225207,1.564608
14,8,3002,336224,18.359063,1.721183
14,8,7042,788704,19.589124,1.963574
14,8,8701,974512,19.894320,2.031604
14,8,14884,1667008,20.668830,2.463493
14,8,17714,1983968,20.919957,2.658242
14,16,9,2016,10.977280,1.565090
14,16,11,2464,11.266787,1.564578
14,16,34,7616,12.894818,1.564934
14,16,158,35392,15.111136,1.565452
14,16,321,71904,16.133784,1.590345
14,16,1065,238560,17.863993,1.675731
14,16,1074,240576,17.876133,1.671038
14,16,1098,245952,17.908017,1.675484
14,16,1106,247744,17.918491,1.662956
14,16,1462,327488,18.321083,1.741617
14,16,1727,386848,18.561407,1.738400
14,16,5893,1320032,20.332141,2.313881
14,16,5961,1335264,20.348694,2.301324
14,16,9189,2058336,20.973047,2.675822
14,16,11626,2604224,21.312422,3.008879
14,16,38089,8531936,23.024442,6.361393
14,64,63,56448,15.784635,1.595453
14,64,323,289408,18.142745,1.770833
14,64,341,305536,18.220983,1.780957
14,64,740,663040,19.338736,1.946864
14,64,1347,1206912,20.202889,2.291187
14,64,2936,2630656,21.326991,3.065845
14,64,4417,3957632,21.916206,3.899932
14,64,9691,8683136,23.049785,6.458447
14,64,13216,11841536,23.497353,8.530203
14,64,28023,25108608,24.581679,15.886279
14,64,29756,26661376,24.668248,16.702420
14,128,28,50176,15.614710,1.565995
14,128,163,292096,18.156083,1.716048
14,128,174,311808,18.250298,1.703656
14,128,222,397824,18.601771,1.735123
14,128,724,1297408,20.307201,2.225046
14,128,964,1727488,20.720244,2.515708
14,128,1254,2247168,21.099677,2.784863
14,128,1296,2322432,21.147205,2.835068
14,128,3227,5782784,22.463333,4.759110
14,128,3766,6748672,22.686172,5.332763
14,128,4877,8739584,23.059133,6.494635
14,256,31,111104,16.761551,1.583037
14,256,32,114688,16.807355,1.592666
14,256,37,132608,17.016808,1.607202
14,256,75,268800,18.036174,1.680608
14,256,122,437248,18.738092,1.776793
14,256,1321,4734464,22.174770,4.198196
14,256,1656,5935104,22.500842,4.887443
14,256,1692,6064128,22.531869,4.938744
14,256,2095,7508480,22.840089,5.730685
14,256,2201,7888384,22.911298,5.956781
14,256,3769,13508096,23.687321,9.151667
14,512,9,64512,15.977280,1.594199
14,512,10,71680,16.129283,1.564178
14,512,11,78848,16.266787,1.565163
14,512,12,86016,16.392317,1.575818
14,512,16,114688,16.807355,1.592703
14,512,27,193536,17.562242,1.642101
14,512,29,207872,17.665336,1.656675
14,512,40,286720,18.129283,1.716770
14,512,189,1354752,20.369597,2.301941
14,512,207,1483776,20.500842,2.343196
14,512,1617,11590656,23.466459,8.075297
14,512,2991,21439488,24.353767,13.609635
14,512,3976,28499968,24.764457,17.617032
14,1024,9,129024,16.977280,1.655692
14,1024,12,172032,17.392317,1.631301
14,1024,16,229376,17.807355,1.675155
14,1024,18,258048,17.977280,1.689445
14,1024,33,473088,18.851749,1.774600
14,1024,37,530432,19.016808,1.877661
14,1024,38,544768,19.055282,1.960411
14,1024,48,688128,19.392317,1.937893
14,1024,199,2852864,21.443980,3.168674
14,1024,864,12386304,23.562242,8.524632
14,1024,868,12443648,23.568906,8.638973
14,1024,2566,36786176,25.132660,22.512422
14,1024,2714,38907904,25.213560,23.625890
16,1,10,160,7.321928,1.530677
16,1,14,224,7.807355,1.530658
16,1,18,288,8.169925,1.531072
16,1,27,432,8.754888,1.530494
16,1,32,512,9.000000,1.531207
16,1,33,528,9.044394,1.530894
16,1,42,672,9.392317,1.530505
16,1,60,960,9.906891,1.530654
16,1,215,3440,11.748193,1.531546
16,1,1206,19296,14.236014,1.562228
16,1,5276,84416,16.365229,1.566817
16,1,7939,127024,16.954742,1.595418
16,8,9,1152,10.169925,1.553542
16,8,10,1280,10.321928,1.537447
16,8,16,2048,11.000000,1.542034
16,8,36,4608,12.169925,1.564075
16,8,41,5248,12.357552,1.564678
16,8,117,14976,13.870365,1.565107
16,8,1049,134272,17.034799,1.624254
16,8,1065,136320,17.056638,1.628660
16,8,5476,700928,19.418907,1.943990
16,8,14867,1902976,20.859826,2.600342
16,8,31242,3998976,21.931199,3.913879
16,8,40025,5123200,22.288614,4.405959
16,16,33,8448,13.044394,1.564431
16,16,35,8960,13.129283,1.565225
16,16,49,12544,13.614710,1.565583
16,16,104,26624,14.700440,1.564838
16,16,120,30720,14.906891,1.565160
16,16,2474,633344,19.272630,1.966151
16,16,3948,1010688,19.946906,2.054749
16,16,3992,1021952,19.962896,2.144705
16,16,4244,1086464,20.051209,2.160160
16,16,8376,2144256,21.032046,2.729452
16,16,8381,2145536,21.032907,2.737671
16,16,9314,2384384,21.185185,2.892466
16,16,10277,2630912,21.327132,3.053379
16,16,17681,4526336,22.109912,4.090274
16,16,29158,7464448,22.831604,5.704247
16,64,18,18432,14.169925,1.565555
16,64,167,171008,17.383704,1.678428
16,64,320,327680,18.321928,1.955205
16,64,791,809984,19.627534,2.113407
16,64,6211,6360064,22.600610,5.179795
16,64,7012,7180288,22.775610,5.631804
16,64,36451,37325824,25.153671,22.854954
16,128,14,28672,14.807355,1.564121
16,128,55,112640,16.781360,1.582804
16,128,62,126976,16.954196,1.590418
16,128,403,825344,19.654636,1.985434
16,128,563,1153024,20.136991,2.177237
16,128,765,1566720,20.579316,2.391324
16,128,983,2013184,20.941048,2.639749
16,128,1119,2291712,21.127994,2.799658
16,128,3847,7878656,22.909518,5.979155
16,128,6782,13889536,23.727495,9.371872
16,128,8600,17612800,24.070121,11.448310
16,128,18921,38750208,25.207701,23.502557
16,256,18,73728,16.169925,1.565851
16,256,25,102400,16.643856,1.579471
16,256,29,118784,16.857981,1.587950
16,256,33,135168,17.044394,1.604205
16,256,40,163840,17.321928,1.629071
16,256,47,192512,17.554589,1.630150
16,256,59,241664,17.882643,1.680519
16,256,499,2043904,20.962896,2.667489
16,256,593,2428928,21.211888,2.906461
16,512,14,114688,16.807355,1.587463
16,512,15,122880,16.906891,1.588172
16,512,132,1081344,20.044394,2.146735
16,512,390,3194880,21.607330,3.283696
16,512,673,5513216,22.394463,4.618493
16,512,744,6094848,22.539159,4.957329
16,512,1283,10510336,23.325305,7.487123
16,512,1526,12500992,23.575539,8.620479
16,512,1626,13320192,23.667112,9.040135
16,512,1705,13967360,23.735556,9.415662
16,512,2368,19398656,24.209453,12.595662
16,1024,11,180224,17.459432,1.623550
16,1024,20,327680,18.321928,1.715918
16,1024,59,966656,19.882643,2.067285
16,1024,119,1949696,20.894818,2.611941
16,1024,276,4521984,22.108524,4.055274
16,1024,357,5849088,22.479780,4.789612
16,1024,515,8437760,23.008429,6.300068
16,1024,986,16154624,23.945444,10.599610
16,1024,1031,16891904,24.009829,11.055253
32,1,11,352,8.459432,1.562903
32,1,31,992,9.954196,1.564291
32,1,172,5504,12.426265,1.524642
32,1,173,5536,12.434628,1.565259
32,1,279,8928,13.124121,1.564831
32,1,1075,34400,15.070121,1.565918
32,1,2273,72736,16.150382,1.565549
32,1,4818,154176,17.234219,1.633436
32,1,13055,417760,18.672315,1.755578
32,1,39736,1271552,20.278159,2.246735
32,8,16,4096,12.000000,1.565128
32,8,84,21504,14.392317,1.564354
32,8,468,119808,16.870365,1.602363
32,8,1602,410112,18.645658,1.778032
32,8,2883,738048,19.493355,1.962985
32,8,3116,797696,19.605480,2.007591
32,8,3534,904704,19.787086,2.060248
32,8,3792,970752,19.888743,2.064080
32,8,11881,3041536,21.536369,3.275685
32,8,11915,3050240,21.540491,3.236279
32,8,19742,5053952,22.268981,4.387123
32,8,21070,5393920,22.362903,4.567078
32,16,16,8192,13.000000,1.564991
32,16,32,16384,14.000000,1.564781
32,16,142,72704,16.149747,1.602670
32,16,166,84992,16.375039,1.600119
32,16,214,109568,16.741467,1.604240
32,16,235,120320,16.876517,1.601865
32,16,434,222208,17.761551,1.679050
32,16,485,248320,17.921841,1.670715
32,16,556,284672,18.118941,1.732765
32,16,705,360960,18.461479,1.750264
32,16,1677,858624,19.711667,2.048373
32,16,1970,1008640,19.943980,2.128767
32,16,2179,1115648,20.089450,2.172100
32,16,3560,1822720,20.797662,2.615297
32,16,5382,2755584,21.393927,3.139201
32,16,6226,3187712,21.604090,3.366986
32,16,6453,3303936,21.655754,3.449658
32,16,15254,7810048,22.896900,5.943447
32,64,12,24576,14.584963,1.564492
32,64,16,32768,15.000000,1.565048
32,64,32,65536,16.000000,1.600527
32,64,42,86016,16.392317,1.632096
32,64,73,149504,17.189825,1.688257
32,64,91,186368,17.507795,1.738262
32,64,95,194560,17.569856,1.732344
32,64,832,1703936,20.700440,2.713425
32,64,943,1931264,20.881114,2.701119
32,64,1490,3051520,21.541097,3.295731
32,64,2579,5281792,22.332596,4.754110
32,64,14602,29904896,24.833878,18.700982
32,64,16572,33939456,25.016460,20.767580
32,128,9,36864,15.169925,1.564899
32,128,43,176128,17.426265,1.628792
32,128,54,221184,17.754888,1.677477
32,128,145,593920,19.179909,1.865774
32,128,147,602112,19.199672,1.866272
32,128,391,1601536,20.611025,2.440936
32,128,485,1986560,20.921841,2.640068
32,128,6236,25542656,24.606405,15.910731
32,128,7878,32268288,24.943614,19.761895
32,128,8102,33185792,24.984062,20.267808
32,256,11,90112,16.459432,1.564476
32,256,31,253952,17.954196,1.680401
32,256,41,335872,18.357552,1.705968
32,256,47,385024,18.554589,1.738574
32,256,84,688128,19.392317,1.957044
32,256,122,999424,19.930737,2.052329
32,256,994,8142848,22.957102,6.089566
32,256,1030,8437760,23.008429,6.312785
32,256,4006,32817152,24.967947,20.132123
32,512,11,180224,17.459432,1.627508
32,512,50,819200,19.643856,1.976461
32,512,128,2097152,21.000000,2.714909
32,512,188,3080192,21.554589,3.271689
32,512,255,4177920,21.994353,3.923904
32,512,1269,20791296,24.309476,13.271781
32,512,1351,22134784,24.399812,14.105205
32,1024,14,458752,18.807355,1.783347
32,1024,79,2588672,21.303781,2.935594
32,1024,235,7700480,22.876517,5.880320
32,1024,294,9633792,23.199672,7.090023
