Benchmark Name,MemoryCellInputFile,Total Dynamic Read Energy (mJ),Total Dynamic Write Energy (mJ),Total Read Latency (ms),Total Write Latency (ms),Area (mm^2),Area Efficiency (percent),Total Power,Area Efficiency (percent),Read Latency (ns),Write Latency (ns),Read Energy (pJ),Write Energy (pJ),Leakage Power (mW),Capacity (MB),CellArea (F^2),Source,ReadEDP (mJ·ms),WriteEDP (mJ·ms),Total memory latency (ms),Read Energy per access (pJ),Write Energy per access (pJ),WriteEDP per access (nJ·ns),ReadEDP per access (nj·ns)
ResNet50_int, data/cell_cfgs/FeFET_HZO_15_1_9.cell,0.0295488,0.2598288,143.4456,24050.4,0.8167412780000001,96.628,2.7553776000000005,96.628,19.923,10021.0,4.104,108.262,2.4659999999999997, 8, 15,FeFET_8MB_ReadDynamicEnergy_1BPC-main_dnn_study.csv,4.23864534528,710.66045952,24193.8456,53.23411799999999,24820.047999999995,248721.70100799997,1.0605833329139995
ResNet50_int, data/cell_cfgs/FeFET_HZO_15_2_9.cell,0.029556000000000006,1.6031111999999998,143.4456,2450.4,0.8167412780000001,96.628,4.0986672,96.628,19.923,1021.0,4.105,667.9630000000001,2.4659999999999997, 8, 15,FeFET_8MB_ReadDynamicEnergy_1BPC-main_dnn_study.csv,4.239678153600002,72.42402240000001,2593.8456,53.235117999999986,3185.749,3252.6497289999998,1.0606032559139997
ResNet50_int, data/cell_cfgs/FeFET_HZO_15_3_9.cell,0.0295488,0.714696,143.4456,290.8128,0.8167412780000001,96.628,3.2102448000000003,96.628,19.923,121.17200000000001,4.104,297.79,2.4659999999999997, 8, 15,FeFET_8MB_ReadDynamicEnergy_1BPC-main_dnn_study.csv,4.23864534528,8.59316926464,434.2584,53.23411799999999,596.600152,72.291233618144,1.0605833329139995
ResNet50_int, data/cell_cfgs/FeFET_HZO_15_4_9.cell,0.0295488,1.0274184000000002,143.4456,290.8128,0.8167412780000001,96.628,3.5229672,96.628,19.923,121.17200000000001,4.104,428.091,2.4659999999999997, 8, 15,FeFET_8MB_ReadDynamicEnergy_1BPC-main_dnn_study.csv,4.23864534528,8.59316926464,434.2584,53.23411799999999,726.901152,88.08006639014401,1.0605833329139995
ResNet50_int, data/cell_cfgs/FeFET_HZO_15_5_9.cell,0.0295488,1.0274184000000002,143.4456,170.81279999999995,0.8167412780000001,96.628,3.5229672,96.628,19.923,71.172,4.104,428.091,2.4659999999999997, 8, 15,FeFET_8MB_ReadDynamicEnergy_1BPC-main_dnn_study.csv,4.23864534528,5.047313264639999,314.25839999999994,53.23411799999999,603.601152,42.959501190143996,1.0605833329139995
ResNet50_int, data/cell_cfgs/FeFET_HZO_15_6_9.cell,0.0295488,0.45883199999999996,143.4456,4850.4,0.8167412780000001,96.628,2.9543808000000005,96.628,19.923,2021.0,4.104,191.18,2.4659999999999997, 8, 15,FeFET_8MB_ReadDynamicEnergy_1BPC-main_dnn_study.csv,4.23864534528,143.32349951999998,4993.8456,53.23411799999999,5174.965999999999,10458.606285999998,1.0605833329139995
ResNet50_int, data/cell_cfgs/FeFET_HZO_15_7_9.cell,0.0295488,0.5796576,143.4456,2450.4,0.8167412780000001,96.628,3.0752064000000003,96.628,19.923,1021.0,4.104,241.524,2.4659999999999997, 8, 15,FeFET_8MB_ReadDynamicEnergy_1BPC-main_dnn_study.csv,4.23864534528,72.40637952,2593.8456,53.23411799999999,2759.3099999999995,2817.2555099999995,1.0605833329139995
ResNet50_int, data/cell_cfgs/FeFET_HZO_15_1_9.cell,0.027979200000000003,0.2593056,142.4592,24050.4,0.20890741599999998,94.444,0.9040118,94.444,19.785999999999998,10021.0,3.886,108.044,0.616727, 2, 15,FeFET_2MB_Area_1BPC-main_dnn_study.csv,3.9858944486400008,672.9109516800002,24192.859200000003,16.088560422,6288.265267,63014.706240607,0.318328256509692
ResNet50_int, data/cell_cfgs/FeFET_HZO_15_2_9.cell,0.0279864,1.602588,142.4592,2450.4,0.20890741599999998,94.444,2.2473014,94.444,19.785999999999998,1021.0,3.887,667.745,0.616727, 2, 15,FeFET_2MB_Area_1BPC-main_dnn_study.csv,3.9869201548800004,68.57787456000001,2592.8592,16.089560421999998,1297.4232670000001,1324.6691556070002,0.31834804250969195
ResNet50_int, data/cell_cfgs/FeFET_HZO_15_3_9.cell,0.027979200000000003,0.7141728,142.4592,290.4816,0.20890741599999998,94.444,1.358879,94.444,19.785999999999998,121.03399999999999,3.886,297.572,0.616727, 2, 15,FeFET_2MB_Area_1BPC-main_dnn_study.csv,3.9858944486400008,8.127442782720001,432.9408,16.088560422,372.216935718,45.05090459769241,0.318328256509692
ResNet50_int, data/cell_cfgs/FeFET_HZO_15_4_9.cell,0.027979200000000003,1.0268952,142.4592,290.4816,0.20890741599999998,94.444,1.6716014000000001,94.444,19.785999999999998,121.03399999999999,3.886,427.87300000000005,0.616727, 2, 15,FeFET_2MB_Area_1BPC-main_dnn_study.csv,3.9858944486400008,8.127442782720001,432.9408,16.088560422,502.51793571800005,60.821755831692414,0.318328256509692
ResNet50_int, data/cell_cfgs/FeFET_HZO_15_5_9.cell,0.027979200000000003,1.0268952,142.4592,170.4816,0.20890741599999998,94.444,1.6716014000000001,94.444,19.785999999999998,71.03399999999999,3.886,427.87300000000005,0.616727, 2, 15,FeFET_2MB_Area_1BPC-main_dnn_study.csv,3.9858944486400008,4.76993878272,312.94079999999997,16.088560422,471.68158571800006,33.50542975989241,0.318328256509692
ResNet50_int, data/cell_cfgs/FeFET_HZO_15_6_9.cell,0.027979200000000003,0.45831120000000003,142.4592,4850.4,0.20890741599999998,94.444,1.1030174,94.444,19.785999999999998,2021.0,3.886,190.963,0.616727, 2, 15,FeFET_2MB_Area_1BPC-main_dnn_study.csv,3.9858944486400008,135.71031168,4992.8592,16.088560422,1437.368267,2904.921267607,0.318328256509692
ResNet50_int, data/cell_cfgs/FeFET_HZO_15_7_9.cell,0.027979200000000003,0.5791344,142.4592,2450.4,0.20890741599999998,94.444,1.2238406,94.444,19.785999999999998,1021.0,3.886,241.30599999999998,0.616727, 2, 15,FeFET_2MB_Area_1BPC-main_dnn_study.csv,3.9858944486400008,68.56023168000002,2592.8592,16.088560422,870.984267,889.2749366070001,0.318328256509692
ResNet50_int, data/cell_cfgs/FeFET_HZO_15_1_9.cell,0.0994536,0.09736080000000001,5.8503096,24002.4,0.262371022,75.199,2.6728144,75.199,0.812543,10001.0,13.812999999999999,40.567,2.476, 2, 15,FeFET_2MB_ReadEDP_1BPC-main_dnn_study.csv,0.58183435083456,2387.1250886400003,24008.2503096,15.824856467999998,24803.042999999998,248055.233043,0.012858376349078124
ResNet50_int, data/cell_cfgs/FeFET_HZO_15_2_9.cell,0.0994536,0.4338768,5.8503096,2402.4,0.262371022,75.199,3.0093304,75.199,0.812543,1001.0,13.812999999999999,180.782,2.476, 2, 15,FeFET_2MB_ReadEDP_1BPC-main_dnn_study.csv,0.58183435083456,238.92732864,2408.2503096,15.824856467999998,2659.2580000000003,2661.9172580000004,0.012858376349078124
ResNet50_int, data/cell_cfgs/FeFET_HZO_15_3_9.cell,0.0994536,0.21131279999999997,5.8503096,242.4648,0.262371022,75.199,2.7867664,75.199,0.812543,101.027,13.812999999999999,88.04700000000001,2.476, 2, 15,FeFET_2MB_ReadEDP_1BPC-main_dnn_study.csv,0.58183435083456,24.11399723328,248.3151096,15.824856467999998,338.18985200000003,34.166306178004,0.012858376349078124
ResNet50_int, data/cell_cfgs/FeFET_HZO_15_4_9.cell,0.0994536,0.28965599999999997,5.8503096,242.4648,0.262371022,75.199,2.8651096,75.199,0.812543,101.027,13.812999999999999,120.69,2.476, 2, 15,FeFET_2MB_ReadEDP_1BPC-main_dnn_study.csv,0.58183435083456,24.11399723328,248.3151096,15.824856467999998,370.832852,37.464130539004,0.012858376349078124
ResNet50_int, data/cell_cfgs/FeFET_HZO_15_5_9.cell,0.0994536,0.28965599999999997,5.8503096,122.4648,0.262371022,75.199,2.8651096,75.199,0.812543,51.027,13.812999999999999,120.69,2.476, 2, 15,FeFET_2MB_ReadEDP_1BPC-main_dnn_study.csv,0.58183435083456,12.17956523328,128.3151096,15.824856467999998,247.032852,12.605345339004,0.012858376349078124
ResNet50_int, data/cell_cfgs/FeFET_HZO_15_6_9.cell,0.0994536,0.1472136,5.8503096,4802.4,0.262371022,75.199,2.7226672,75.199,0.812543,2001.0,13.812999999999999,61.339,2.476, 2, 15,FeFET_2MB_ReadEDP_1BPC-main_dnn_study.csv,0.58183435083456,477.61596864,4808.2503096,15.824856467999998,5015.815,10036.645815,0.012858376349078124
ResNet50_int, data/cell_cfgs/FeFET_HZO_15_7_9.cell,0.0994536,0.17748239999999996,5.8503096,2402.4,0.262371022,75.199,2.752936,75.199,0.812543,1001.0,13.812999999999999,73.95100000000001,2.476, 2, 15,FeFET_2MB_ReadEDP_1BPC-main_dnn_study.csv,0.58183435083456,238.92732864,2408.2503096,15.824856467999998,2552.427,2554.979427,0.012858376349078124
ResNet50_int, data/cell_cfgs/FeFET_HZO_15_1_9.cell,0.1372968,0.1099752,6.0994296,24002.4,0.524742045,75.199,5.199272,75.199,0.847143,10001.0,19.069000000000003,45.823,4.952, 4, 15,FeFET_4MB_ReadEDP_1BPC-main_dnn_study.csv,0.8374321659052799,3295.45271232,24008.4994296,23.264052136000004,49570.774999999994,495757.3207749999,0.019707978918647454
ResNet50_int, data/cell_cfgs/FeFET_HZO_15_2_9.cell,0.1372968,0.4464935999999999,6.0994296,2402.4,0.524742045,75.199,5.5357904,75.199,0.847143,1001.0,19.069000000000003,186.03900000000002,4.952, 4, 15,FeFET_4MB_ReadEDP_1BPC-main_dnn_study.csv,0.8374321659052799,329.84183232,2408.4994296,23.264052136000004,5142.991,5148.133991000001,0.019707978918647454
ResNet50_int, data/cell_cfgs/FeFET_HZO_15_3_9.cell,0.1372968,0.22392960000000003,6.0994296,242.5056,0.524742045,75.199,5.3132264,75.199,0.847143,101.044,19.069000000000003,93.304,4.952, 4, 15,FeFET_4MB_ReadEDP_1BPC-main_dnn_study.csv,0.8374321659052799,33.295242862079995,248.6050296,23.264052136000004,593.673888,59.987184339072,0.019707978918647454
ResNet50_int, data/cell_cfgs/FeFET_HZO_15_4_9.cell,0.1372968,0.3022704,6.0994296,242.5056,0.524742045,75.199,5.3915672,75.199,0.847143,101.044,19.069000000000003,125.946,4.952, 4, 15,FeFET_4MB_ReadEDP_1BPC-main_dnn_study.csv,0.8374321659052799,33.295242862079995,248.6050296,23.264052136000004,626.315888,63.285462587072,0.019707978918647454
ResNet50_int, data/cell_cfgs/FeFET_HZO_15_5_9.cell,0.1372968,0.3022704,6.0994296,122.5056,0.524742045,75.199,5.3915672,75.199,0.847143,51.044,19.069000000000003,125.946,4.952, 4, 15,FeFET_4MB_ReadEDP_1BPC-main_dnn_study.csv,0.8374321659052799,16.81962686208,128.6050296,23.264052136000004,378.71588799999995,19.331173787071997,0.019707978918647454
ResNet50_int, data/cell_cfgs/FeFET_HZO_15_6_9.cell,0.1372968,0.15983039999999998,6.0994296,4802.4,0.524742045,75.199,5.249127199999999,75.199,0.847143,2001.0,19.069000000000003,66.596,4.952, 4, 15,FeFET_4MB_ReadEDP_1BPC-main_dnn_study.csv,0.8374321659052799,659.3541523199999,4808.4994295999995,23.264052136000004,9975.547999999999,19961.071547999996,0.019707978918647454
ResNet50_int, data/cell_cfgs/FeFET_HZO_15_7_9.cell,0.1372968,0.1900992,6.0994296,2402.4,0.524742045,75.199,5.279395999999999,75.199,0.847143,1001.0,19.069000000000003,79.208,4.952, 4, 15,FeFET_4MB_ReadEDP_1BPC-main_dnn_study.csv,0.8374321659052799,329.84183232,2408.4994296,23.264052136000004,5036.16,5041.19616,0.019707978918647454
ResNet50_int, data/cell_cfgs/FeFET_HZO_15_1_9.cell,0.1942776,0.06881999999999999,4.4645616000000015,24000.0,0.491068967,40.178,39.728097600000005,40.178,0.620078,10000.0,26.983,28.675,39.465, 2, 15,FeFET_2MB_ReadLatency_1BPC-main_dnn_study.csv,0.8673643127001602,4662.6624,24004.4645616,51.45437827000001,394678.67500000005,3946786.7500000005,0.03190572796890507
ResNet50_int, data/cell_cfgs/FeFET_HZO_15_2_9.cell,0.1942776,0.0907224,4.4645616000000015,2400.0,0.491068967,40.178,39.75,40.178,0.620078,1000.0,26.983,37.801,39.465, 2, 15,FeFET_2MB_ReadLatency_1BPC-main_dnn_study.csv,0.8673643127001602,466.26624,2404.4645616,51.45437827000001,39502.801,39502.801,0.03190572796890507
ResNet50_int, data/cell_cfgs/FeFET_HZO_15_3_9.cell,0.1942776,0.076236,4.4645616000000015,241.0848,0.491068967,40.178,39.735513600000004,40.178,0.620078,100.45200000000001,26.983,31.765,39.465, 2, 15,FeFET_2MB_ReadLatency_1BPC-main_dnn_study.csv,0.8673643127001602,46.83737634048,245.5493616,51.45437827000001,3996.1031800000005,401.4165566373601,0.03190572796890507
ResNet50_int, data/cell_cfgs/FeFET_HZO_15_4_9.cell,0.1942776,0.08133599999999999,4.4645616000000015,241.0848,0.491068967,40.178,39.7406136,40.178,0.620078,100.45200000000001,26.983,33.89,39.465, 2, 15,FeFET_2MB_ReadLatency_1BPC-main_dnn_study.csv,0.8673643127001602,46.83737634048,245.5493616,51.45437827000001,3998.2281800000005,401.63001713736014,0.03190572796890507
ResNet50_int, data/cell_cfgs/FeFET_HZO_15_5_9.cell,0.1942776,0.08133599999999999,4.4645616000000015,121.0848,0.491068967,40.178,39.7406136,40.178,0.620078,50.452,26.983,33.89,39.465, 2, 15,FeFET_2MB_ReadLatency_1BPC-main_dnn_study.csv,0.8673643127001602,23.52406434048,125.5493616,51.45437827000001,2024.9781800000003,102.16419913736001,0.03190572796890507
ResNet50_int, data/cell_cfgs/FeFET_HZO_15_6_9.cell,0.1942776,0.07206480000000001,4.4645616000000015,4800.0,0.491068967,40.178,39.7313424,40.178,0.620078,2000.0,26.983,30.026999999999997,39.465, 2, 15,FeFET_2MB_ReadLatency_1BPC-main_dnn_study.csv,0.8673643127001602,932.53248,4804.4645616,51.45437827000001,78960.027,157920.054,0.03190572796890507
ResNet50_int, data/cell_cfgs/FeFET_HZO_15_7_9.cell,0.1942776,0.07403520000000001,4.4645616000000015,2400.0,0.491068967,40.178,39.7333128,40.178,0.620078,1000.0,26.983,30.848000000000003,39.465, 2, 15,FeFET_2MB_ReadLatency_1BPC-main_dnn_study.csv,0.8673643127001602,466.26624,2404.4645616,51.45437827000001,39495.848,39495.848,0.03190572796890507
ResNet50_int, data/cell_cfgs/FeFET_HZO_15_1_9.cell,0.23629680000000006,0.11079360000000002,6.82308,24002.4,1.116,70.734,20.115090400000003,70.734,0.94765,10001.0,32.819,46.163999999999994,19.768, 8, 15,FeFET_8MB_ReadEDP_1BPC-main_dnn_study.csv,1.6122719701440005,5671.690312320002,24009.22308,51.5521452,197745.932,1977657.065932,0.04885339039878
ResNet50_int, data/cell_cfgs/FeFET_HZO_15_2_9.cell,0.23629680000000006,0.27951600000000004,6.82308,2402.4,1.116,70.734,20.283812800000003,70.734,0.94765,1001.0,32.819,116.465,19.768, 8, 15,FeFET_8MB_ReadEDP_1BPC-main_dnn_study.csv,1.6122719701440005,567.6794323200002,2409.22308,51.5521452,19904.233,19924.137233,0.04885339039878
ResNet50_int, data/cell_cfgs/FeFET_HZO_15_3_9.cell,0.23629680000000006,0.1679256,6.82308,242.076,1.116,70.734,20.172222400000003,70.734,0.94765,100.865,32.819,69.969,19.768, 8, 15,FeFET_8MB_ReadEDP_1BPC-main_dnn_study.csv,1.6122719701440005,57.20178415680001,248.89908,51.5521452,2063.86832,208.1720780968,0.04885339039878
ResNet50_int, data/cell_cfgs/FeFET_HZO_15_4_9.cell,0.23629680000000006,0.20720639999999999,6.82308,242.076,1.116,70.734,20.211503200000003,70.734,0.94765,100.865,32.819,86.336,19.768, 8, 15,FeFET_8MB_ReadEDP_1BPC-main_dnn_study.csv,1.6122719701440005,57.20178415680001,248.89908,51.5521452,2080.23532,209.8229355518,0.04885339039878
ResNet50_int, data/cell_cfgs/FeFET_HZO_15_5_9.cell,0.23629680000000006,0.20720639999999999,6.82308,122.07600000000001,1.116,70.734,20.211503200000003,70.734,0.94765,50.865,32.819,86.336,19.768, 8, 15,FeFET_8MB_ReadEDP_1BPC-main_dnn_study.csv,1.6122719701440005,28.846168156800008,128.89908,51.5521452,1091.8353200000001,55.536203551800014,0.04885339039878
ResNet50_int, data/cell_cfgs/FeFET_HZO_15_6_9.cell,0.23629680000000006,0.13578959999999998,6.82308,4802.4,1.116,70.734,20.1400864,70.734,0.94765,2001.0,32.819,56.57899999999999,19.768, 8, 15,FeFET_8MB_ReadEDP_1BPC-main_dnn_study.csv,1.6122719701440005,1134.7917523200001,4809.22308,51.5521452,39612.347,79264.306347,0.04885339039878
ResNet50_int, data/cell_cfgs/FeFET_HZO_15_7_9.cell,0.23629680000000006,0.15096479999999998,6.82308,2402.4,1.116,70.734,20.155261600000003,70.734,0.94765,1001.0,32.819,62.902,19.768, 8, 15,FeFET_8MB_ReadEDP_1BPC-main_dnn_study.csv,1.6122719701440005,567.6794323200002,2409.22308,51.5521452,19850.67,19870.520669999998,0.04885339039878
ResNet50_int, data/cell_cfgs/FeFET_HZO_15_1_9.cell,0.2148408,0.07523039999999999,4.547484000000002,24000.0,0.48782857799999996,40.445,39.7560712,40.445,0.631595,10000.0,29.839000000000002,31.346,39.466, 2, 15,FeFET_2MB_WriteLatency_1BPC-main_dnn_study.csv,0.9769851005472003,5156.1792,24004.547484,54.765528270000004,394691.346,3946913.46,0.034589633827690654
ResNet50_int, data/cell_cfgs/FeFET_HZO_15_2_9.cell,0.2148408,0.09713279999999999,4.547484000000002,2400.0,0.48782857799999996,40.445,39.777973599999996,40.445,0.631595,1000.0,29.839000000000002,40.472,39.466, 2, 15,FeFET_2MB_WriteLatency_1BPC-main_dnn_study.csv,0.9769851005472003,515.61792,2404.547484,54.765528270000004,39506.472,39506.472,0.034589633827690654
ResNet50_int, data/cell_cfgs/FeFET_HZO_15_3_9.cell,0.2148408,0.0826464,4.547484000000002,241.0824,0.48782857799999996,40.445,39.7634872,40.445,0.631595,100.45100000000001,29.839000000000002,34.436,39.466, 2, 15,FeFET_2MB_WriteLatency_1BPC-main_dnn_study.csv,0.9769851005472003,51.79433568192,245.629884,54.765528270000004,3998.8351660000008,401.6869912598661,0.034589633827690654
ResNet50_int, data/cell_cfgs/FeFET_HZO_15_4_9.cell,0.2148408,0.08774639999999999,4.547484000000002,241.0824,0.48782857799999996,40.445,39.7685872,40.445,0.631595,100.45100000000001,29.839000000000002,36.561,39.466, 2, 15,FeFET_2MB_WriteLatency_1BPC-main_dnn_study.csv,0.9769851005472003,51.79433568192,245.629884,54.765528270000004,4000.9601660000008,401.9004496348661,0.034589633827690654
ResNet50_int, data/cell_cfgs/FeFET_HZO_15_5_9.cell,0.2148408,0.08774639999999999,4.547484000000002,121.0824,0.48782857799999996,40.445,39.7685872,40.445,0.631595,50.451,29.839000000000002,36.561,39.466, 2, 15,FeFET_2MB_WriteLatency_1BPC-main_dnn_study.csv,0.9769851005472003,26.01343968192,125.629884,54.765528270000004,2027.660166,102.29748303486599,0.034589633827690654
ResNet50_int, data/cell_cfgs/FeFET_HZO_15_6_9.cell,0.2148408,0.0784752,4.547484000000002,4800.0,0.48782857799999996,40.445,39.759316,40.445,0.631595,2000.0,29.839000000000002,32.698,39.466, 2, 15,FeFET_2MB_WriteLatency_1BPC-main_dnn_study.csv,0.9769851005472003,1031.23584,4804.547484,54.765528270000004,78964.698,157929.396,0.034589633827690654
ResNet50_int, data/cell_cfgs/FeFET_HZO_15_7_9.cell,0.2148408,0.08044559999999999,4.547484000000002,2400.0,0.48782857799999996,40.445,39.761286399999996,40.445,0.631595,1000.0,29.839000000000002,33.519,39.466, 2, 15,FeFET_2MB_WriteLatency_1BPC-main_dnn_study.csv,0.9769851005472003,515.61792,2404.547484,54.765528270000004,39499.519,39499.519,0.034589633827690654
ResNet50_int, data/cell_cfgs/FeFET_HZO_15_1_9.cell,0.051767999999999995,0.015542400000000001,135.1296,24043.2,0.299399437,65.899,39.52031040000001,65.899,18.768,10018.0,7.19,6.476,39.453, 2, 15,FeFET_2MB_WriteEDP_1BPC-main_dnn_study.csv,6.9953891328,1244.6683776,24178.3296,747.6439040000001,395246.63000000006,3959580.739340001,14.031780790272004
ResNet50_int, data/cell_cfgs/FeFET_HZO_15_2_9.cell,0.10059839999999999,0.025356,289.9512000000001,2496.0,1.092,18.068,315.7479544,18.068,40.271,1040.0,13.972000000000001,10.565,315.622, 2, 15,FeFET_2MB_WriteEDP_1BPC-main_dnn_study.csv,29.168626798080005,251.09360639999997,2785.9512,12724.385562000001,328257.445,341387.7428,512.423730967302
ResNet50_int, data/cell_cfgs/FeFET_HZO_15_3_9.cell,0.060703199999999985,0.020390400000000003,135.15120000000002,284.2992,0.398895367,49.462,78.98709360000001,49.462,18.771,118.458,8.431000000000001,8.496,78.906, 2, 15,FeFET_2MB_WriteEDP_1BPC-main_dnn_study.csv,8.204110323839998,17.257871197439997,419.4504,1489.5755260000003,9355.542948,1108.238906534184,27.96082219854601
ResNet50_int, data/cell_cfgs/FeFET_HZO_15_4_9.cell,0.077832,0.024763200000000003,135.2016,284.2872,0.5977767879999999,33.006,157.9145952,33.006,18.778,118.45299999999999,10.81,10.318,157.812, 2, 15,FeFET_2MB_WriteEDP_1BPC-main_dnn_study.csv,10.5230109312,22.1266413504,419.48879999999997,2974.203736,18703.622836,2215.500235792708,55.849597754608
ResNet50_int, data/cell_cfgs/FeFET_HZO_15_5_9.cell,0.077832,0.024763200000000003,135.2016,164.2872,0.5977767879999999,33.006,157.9145952,33.006,18.778,68.453,10.81,10.318,157.812, 2, 15,FeFET_2MB_WriteEDP_1BPC-main_dnn_study.csv,10.5230109312,12.786801350400001,299.4888,2974.203736,10813.022836,740.1838521927081,55.849597754608
ResNet50_int, data/cell_cfgs/FeFET_HZO_15_6_9.cell,0.060703199999999985,0.018216,135.15120000000002,4843.199999999999,0.398895367,49.462,78.98491920000001,49.462,18.771,2018.0,8.431000000000001,7.59,78.906, 2, 15,FeFET_2MB_WriteEDP_1BPC-main_dnn_study.csv,8.204110323839998,293.9977382399999,4978.351199999999,1489.5755260000003,159239.89800000002,321346.114164,27.96082219854601
ResNet50_int, data/cell_cfgs/FeFET_HZO_15_7_9.cell,0.060703199999999985,0.0192432,135.15120000000002,2443.2,0.398895367,49.462,78.98594640000002,49.462,18.771,1018.0,8.431000000000001,8.017999999999999,78.906, 2, 15,FeFET_2MB_WriteEDP_1BPC-main_dnn_study.csv,8.204110323839998,148.31005823999996,2578.3512,1489.5755260000003,80334.326,81780.343868,27.96082219854601
ResNet50_int, data/cell_cfgs/FeFET_HZO_15_1_9.cell,0.5277240000000001,0.2079336,12.5928,24002.4,4.463,70.734,79.86965760000001,70.734,1.749,10001.0,73.295,86.639,79.134, 32, 15,FeFET_32MB_ReadLatency_1BPC-main_dnn_study.csv,6.645522787200001,12666.642537600002,24014.9928,211.70036600000003,791505.7729999999,7915849.235772999,0.37026394013400005
ResNet50_int, data/cell_cfgs/FeFET_HZO_15_2_9.cell,0.5277240000000001,0.376656,12.5928,2402.4,4.463,70.734,80.03838,70.734,1.749,1001.0,73.295,156.94,79.134, 32, 15,FeFET_32MB_ReadLatency_1BPC-main_dnn_study.csv,6.645522787200001,1267.8041376000003,2414.9928,211.70036600000003,79370.07400000001,79449.444074,0.37026394013400005
ResNet50_int, data/cell_cfgs/FeFET_HZO_15_3_9.cell,0.5277240000000001,0.2650679999999999,12.5928,243.0336,4.463,70.734,79.926792,70.734,1.749,101.264,73.295,110.445,79.134, 32, 15,FeFET_32MB_ReadLatency_1BPC-main_dnn_study.csv,6.645522787200001,128.25466352640004,255.62640000000002,211.70036600000003,8123.870376,822.6556097552639,0.37026394013400005
ResNet50_int, data/cell_cfgs/FeFET_HZO_15_4_9.cell,0.5277240000000001,0.3043464,12.5928,243.0336,4.463,70.734,79.9660704,70.734,1.749,101.264,73.295,126.811,79.134, 32, 15,FeFET_32MB_ReadLatency_1BPC-main_dnn_study.csv,6.645522787200001,128.25466352640004,255.62640000000002,211.70036600000003,8140.236376,824.312896379264,0.37026394013400005
ResNet50_int, data/cell_cfgs/FeFET_HZO_15_5_9.cell,0.5277240000000001,0.3043464,12.5928,123.0336,4.463,70.734,79.9660704,70.734,1.749,51.263999999999996,73.295,126.811,79.134, 32, 15,FeFET_32MB_ReadLatency_1BPC-main_dnn_study.csv,6.645522787200001,64.92778352640002,135.62640000000002,211.70036600000003,4183.536376,214.464808779264,0.37026394013400005
ResNet50_int, data/cell_cfgs/FeFET_HZO_15_6_9.cell,0.5277240000000001,0.23292960000000001,12.5928,4802.4,4.463,70.734,79.89465360000001,70.734,1.749,2001.0,73.295,97.054,79.134, 32, 15,FeFET_32MB_ReadLatency_1BPC-main_dnn_study.csv,6.645522787200001,2534.3417376,4814.9928,211.70036600000003,158444.188,317046.820188,0.37026394013400005
ResNet50_int, data/cell_cfgs/FeFET_HZO_15_7_9.cell,0.5277240000000001,0.2481072,12.5928,2402.4,4.463,70.734,79.90983120000001,70.734,1.749,1001.0,73.295,103.37799999999999,79.134, 32, 15,FeFET_32MB_ReadLatency_1BPC-main_dnn_study.csv,6.645522787200001,1267.8041376000003,2414.9928,211.70036600000003,79316.512,79395.82851200001,0.37026394013400005
ResNet50_int, data/cell_cfgs/FeFET_HZO_15_1_9.cell,0.13952160000000002,0.0426072,292.5648,24096.0,1.976,79.878,157.9941288,79.878,40.634,10040.0,19.378,17.753,157.812, 16, 15,FeFET_16MB_WriteEDP_1BPC-main_dnn_study.csv,40.819108999680005,3361.9124736000003,24388.5648,6431.9108080000005,1584450.2330000002,15907880.339320002,261.354263772272
ResNet50_int, data/cell_cfgs/FeFET_HZO_15_2_9.cell,0.21060720000000002,0.053136,676.8431999999998,2623.2,4.622,34.152,1.5237432,34.152,94.006,1093.0,29.250999999999998,22.14,1.26, 16, 15,FeFET_16MB_WriteEDP_1BPC-main_dnn_study.csv,142.54805119103997,552.46480704,3300.0431999999996,147.69856,1399.3200000000002,1529.4567600000003,13.884550831359999
ResNet50_int, data/cell_cfgs/FeFET_HZO_15_3_9.cell,0.157572,0.05204400000000001,292.2984,336.19200000000006,2.361,66.864,315.83361600000006,66.864,40.597,140.08,21.885,21.685,315.624, 16, 15,FeFET_16MB_WriteEDP_1BPC-main_dnn_study.csv,46.0580434848,52.97444582400001,628.4904000000001,12835.272528000001,44234.29492000001,6196.340032393602,521.0735588192161
ResNet50_int, data/cell_cfgs/FeFET_HZO_15_4_9.cell,0.1921392,0.0606744,292.7448,336.23520000000013,3.132,50.391,631.4988136000001,50.391,40.659,140.09799999999998,26.686,25.281,631.246, 16, 15,FeFET_16MB_WriteEDP_1BPC-main_dnn_study.csv,56.24775167616,64.60396233984002,628.9800000000001,25692.517114,88461.58310799999,12393.290870264582,1044.6320533381258
ResNet50_int, data/cell_cfgs/FeFET_HZO_15_5_9.cell,0.1921392,0.0606744,292.7448,216.2352,3.132,50.391,631.4988136000001,50.391,40.659,90.098,26.686,25.281,631.246, 16, 15,FeFET_16MB_WriteEDP_1BPC-main_dnn_study.csv,56.24775167616,41.54725833984,508.98,25692.517114,56899.283108,5126.511609464584,1044.6320533381258
ResNet50_int, data/cell_cfgs/FeFET_HZO_15_6_9.cell,0.157572,0.0478704,292.2984,4896.0,2.361,66.864,315.82944240000006,66.864,40.597,2040.0,21.885,19.945999999999998,315.624, 16, 15,FeFET_16MB_WriteEDP_1BPC-main_dnn_study.csv,46.0580434848,771.4725119999999,5188.2984,12835.272528000001,643892.9060000001,1313541.5282400004,521.0735588192161
ResNet50_int, data/cell_cfgs/FeFET_HZO_15_7_9.cell,0.157572,0.049840800000000005,292.2984,2496.0,2.361,66.864,315.83141280000007,66.864,40.597,1040.0,21.885,20.767,315.624, 16, 15,FeFET_16MB_WriteEDP_1BPC-main_dnn_study.csv,46.0580434848,393.299712,2788.2984,12835.272528000001,328269.727,341400.51608000003,521.0735588192161
ResNet50_int, data/cell_cfgs/FeFET_HZO_15_1_9.cell,0.051767999999999995,0.015542400000000001,135.1296,24043.2,0.299399437,65.899,39.52031040000001,65.899,18.768,10018.0,7.19,6.476,39.453, 2, 15,FeFET_2MB_WriteDynamicEnergy_1BPC-main_dnn_study.csv,6.9953891328,1244.6683776,24178.3296,747.6439040000001,395246.63000000006,3959580.739340001,14.031780790272004
ResNet50_int, data/cell_cfgs/FeFET_HZO_15_2_9.cell,0.10059839999999999,0.025356,289.9512000000001,2496.0,1.092,18.068,315.7479544,18.068,40.271,1040.0,13.972000000000001,10.565,315.622, 2, 15,FeFET_2MB_WriteDynamicEnergy_1BPC-main_dnn_study.csv,29.168626798080005,251.09360639999997,2785.9512,12724.385562000001,328257.445,341387.7428,512.423730967302
ResNet50_int, data/cell_cfgs/FeFET_HZO_15_3_9.cell,0.060703199999999985,0.020390400000000003,135.15120000000002,284.2992,0.398895367,49.462,78.98709360000001,49.462,18.771,118.458,8.431000000000001,8.496,78.906, 2, 15,FeFET_2MB_WriteDynamicEnergy_1BPC-main_dnn_study.csv,8.204110323839998,17.257871197439997,419.4504,1489.5755260000003,9355.542948,1108.238906534184,27.96082219854601
ResNet50_int, data/cell_cfgs/FeFET_HZO_15_4_9.cell,0.10059839999999999,0.023834400000000002,289.9512000000001,336.0696,1.092,18.068,315.74643280000004,18.068,40.271,140.029,13.972000000000001,9.931000000000001,315.622, 2, 15,FeFET_2MB_WriteDynamicEnergy_1BPC-main_dnn_study.csv,29.168626798080005,33.80806404863999,626.0208,12724.385562000001,44206.164037999995,6190.144944077102,512.423730967302
ResNet50_int, data/cell_cfgs/FeFET_HZO_15_5_9.cell,0.10059839999999999,0.023834400000000002,289.9512000000001,216.0696,1.092,18.068,315.74643280000004,18.068,40.271,90.029,13.972000000000001,9.931000000000001,315.622, 2, 15,FeFET_2MB_WriteDynamicEnergy_1BPC-main_dnn_study.csv,29.168626798080005,21.736256048639998,506.0208000000001,12724.385562000001,28425.064038,2559.080090277102,512.423730967302
ResNet50_int, data/cell_cfgs/FeFET_HZO_15_6_9.cell,0.060703199999999985,0.018216,135.15120000000002,4843.199999999999,0.398895367,49.462,78.98491920000001,49.462,18.771,2018.0,8.431000000000001,7.59,78.906, 2, 15,FeFET_2MB_WriteDynamicEnergy_1BPC-main_dnn_study.csv,8.204110323839998,293.9977382399999,4978.351199999999,1489.5755260000003,159239.89800000002,321346.114164,27.96082219854601
ResNet50_int, data/cell_cfgs/FeFET_HZO_15_7_9.cell,0.060703199999999985,0.0192432,135.15120000000002,2443.2,0.398895367,49.462,78.98594640000002,49.462,18.771,1018.0,8.431000000000001,8.017999999999999,78.906, 2, 15,FeFET_2MB_WriteDynamicEnergy_1BPC-main_dnn_study.csv,8.204110323839998,148.31005823999996,2578.3512,1489.5755260000003,80334.326,81780.343868,27.96082219854601
ResNet50_int, data/cell_cfgs/FeFET_HZO_15_1_9.cell,0.299772,0.1639104,8.236799999999999,24002.4,2.086,75.666,20.2726824,75.666,1.1440000000000001,10001.0,41.635,68.296,19.809, 16, 15,FeFET_16MB_ReadEDP_1BPC-main_dnn_study.csv,2.4691620095999993,7195.2474528,24010.6368,64.296496,198178.105,1981979.228105,0.07355519142400002
ResNet50_int, data/cell_cfgs/FeFET_HZO_15_2_9.cell,0.299772,0.5004288,8.236799999999999,2402.4,2.086,75.666,20.609200800000004,75.666,1.1440000000000001,1001.0,41.635,208.512,19.809, 16, 15,FeFET_16MB_ReadEDP_1BPC-main_dnn_study.csv,2.4691620095999993,720.1722528,2410.6368,64.296496,20037.321,20057.358321,0.07355519142400002
ResNet50_int, data/cell_cfgs/FeFET_HZO_15_3_9.cell,0.299772,0.27786479999999997,8.236799999999999,242.8632,2.086,75.666,20.3866368,75.666,1.1440000000000001,101.193,41.635,115.777,19.809, 16, 15,FeFET_16MB_ReadEDP_1BPC-main_dnn_study.csv,2.4691620095999993,72.8035871904,251.1,64.296496,2120.309137,214.560442500441,0.07355519142400002
ResNet50_int, data/cell_cfgs/FeFET_HZO_15_4_9.cell,0.299772,0.356208,8.236799999999999,242.8632,2.086,75.666,20.46498,75.666,1.1440000000000001,101.193,41.635,148.42,19.809, 16, 15,FeFET_16MB_ReadEDP_1BPC-main_dnn_study.csv,2.4691620095999993,72.8035871904,251.1,64.296496,2152.952137,217.86368559944103,0.07355519142400002
ResNet50_int, data/cell_cfgs/FeFET_HZO_15_5_9.cell,0.299772,0.356208,8.236799999999999,122.8632,2.086,75.666,20.46498,75.666,1.1440000000000001,51.193000000000005,41.635,148.42,19.809, 16, 15,FeFET_16MB_ReadEDP_1BPC-main_dnn_study.csv,2.4691620095999993,36.830947190399996,131.1,64.296496,1162.5021370000002,59.511971899441015,0.07355519142400002
ResNet50_int, data/cell_cfgs/FeFET_HZO_15_6_9.cell,0.299772,0.2137656,8.236799999999999,4802.4,2.086,75.666,20.3225376,75.666,1.1440000000000001,2001.0,41.635,89.069,19.809, 16, 15,FeFET_16MB_ReadEDP_1BPC-main_dnn_study.csv,2.4691620095999993,1439.6250527999998,4810.636799999999,64.296496,39726.878000000004,79493.48287800001,0.07355519142400002
ResNet50_int, data/cell_cfgs/FeFET_HZO_15_7_9.cell,0.299772,0.2440344,8.236799999999999,2402.4,2.086,75.666,20.352806400000002,75.666,1.1440000000000001,1001.0,41.635,101.681,19.809, 16, 15,FeFET_16MB_ReadEDP_1BPC-main_dnn_study.csv,2.4691620095999993,720.1722528,2410.6368,64.296496,19930.49,19950.420490000004,0.07355519142400002
ResNet50_int, data/cell_cfgs/FeFET_HZO_15_1_9.cell,0.4735584000000001,0.22184160000000003,12.9024,24004.8,4.172,75.666,40.3124,75.666,1.7919999999999998,10002.0,65.77199999999999,92.434,39.617, 32, 15,FeFET_32MB_ReadEDP_1BPC-main_dnn_study.csv,6.110039900160001,11367.674680320002,24017.7024,136.76566399999996,396341.668,3964209.363336,0.2450840698879999
ResNet50_int, data/cell_cfgs/FeFET_HZO_15_2_9.cell,0.4735584000000001,0.5583575999999999,12.9024,2404.8,4.172,75.666,40.648916,75.666,1.7919999999999998,1002.0,65.77199999999999,232.649,39.617, 32, 15,FeFET_32MB_ReadEDP_1BPC-main_dnn_study.csv,6.110039900160001,1138.8132403200004,2417.7024,136.76566399999996,39928.882999999994,40008.740765999995,0.2450840698879999
ResNet50_int, data/cell_cfgs/FeFET_HZO_15_3_9.cell,0.4735584000000001,0.3357935999999999,12.9024,243.6408,4.172,75.666,40.426352,75.666,1.7919999999999998,101.51700000000001,65.77199999999999,139.914,39.617, 32, 15,FeFET_32MB_ReadEDP_1BPC-main_dnn_study.csv,6.110039900160001,115.37814742272003,256.5432,136.76566399999996,4161.712989000001,422.4846175043131,0.2450840698879999
ResNet50_int, data/cell_cfgs/FeFET_HZO_15_4_9.cell,0.4735584000000001,0.4141368,12.9024,243.6408,4.172,75.666,40.5046952,75.666,1.7919999999999998,101.51700000000001,65.77199999999999,172.55700000000002,39.617, 32, 15,FeFET_32MB_ReadEDP_1BPC-main_dnn_study.csv,6.110039900160001,115.37814742272003,256.5432,136.76566399999996,4194.355989000001,425.79843693531313,0.2450840698879999
ResNet50_int, data/cell_cfgs/FeFET_HZO_15_5_9.cell,0.4735584000000001,0.4141368,12.9024,123.6408,4.172,75.666,40.5046952,75.666,1.7919999999999998,51.516999999999996,65.77199999999999,172.55700000000002,39.617, 32, 15,FeFET_32MB_ReadEDP_1BPC-main_dnn_study.csv,6.110039900160001,58.55113942272001,136.5432,136.76566399999996,2213.5059889999998,114.03318803531299,0.2450840698879999
ResNet50_int, data/cell_cfgs/FeFET_HZO_15_6_9.cell,0.4735584000000001,0.27169679999999996,12.9024,4804.799999999998,4.172,75.666,40.3622552,75.666,1.7919999999999998,2002.0,65.77199999999999,113.20700000000001,39.617, 32, 15,FeFET_32MB_ReadEDP_1BPC-main_dnn_study.csv,6.110039900160001,2275.3534003199998,4817.702399999998,136.76566399999996,79426.44099999999,159011.73488199996,0.2450840698879999
ResNet50_int, data/cell_cfgs/FeFET_HZO_15_7_9.cell,0.4735584000000001,0.3019656,12.9024,2404.8,4.172,75.666,40.392524,75.666,1.7919999999999998,1002.0,65.77199999999999,125.819,39.617, 32, 15,FeFET_32MB_ReadEDP_1BPC-main_dnn_study.csv,6.110039900160001,1138.8132403200004,2417.7024,136.76566399999996,39822.053,39901.697106,0.2450840698879999
ResNet50_int, data/cell_cfgs/FeFET_HZO_15_1_9.cell,0.24405839999999998,0.0854136,5.2172856,24002.4,0.937306396,42.099,79.256472,42.099,0.7246229999999999,10001.0,33.897,35.589,78.92699999999999, 4, 15,FeFET_4MB_ReadLatency_1BPC-main_dnn_study.csv,1.27332237587904,5857.98734016,24007.6172856,91.089319521,789384.516,7894634.544516,0.06600541597926557
ResNet50_int, data/cell_cfgs/FeFET_HZO_15_2_9.cell,0.24405839999999998,0.10731600000000002,5.2172856,2402.4,0.937306396,42.099,79.2783744,42.099,0.7246229999999999,1001.0,33.897,44.715,78.92699999999999, 4, 15,FeFET_4MB_ReadLatency_1BPC-main_dnn_study.csv,1.27332237587904,586.32590016,2407.6172856000003,91.089319521,79050.64199999999,79129.692642,0.06600541597926557
ResNet50_int, data/cell_cfgs/FeFET_HZO_15_3_9.cell,0.24405839999999998,0.09283200000000001,5.2172856,241.2312,0.937306396,42.099,79.26389040000001,42.099,0.7246229999999999,100.51299999999999,33.897,38.68,78.92699999999999, 4, 15,FeFET_4MB_ReadLatency_1BPC-main_dnn_study.csv,1.27332237587904,58.87450070208,246.4484856,91.089319521,7971.869550999999,801.2765241796628,0.06600541597926557
ResNet50_int, data/cell_cfgs/FeFET_HZO_15_4_9.cell,0.24405839999999998,0.0979296,5.2172856,241.2312,0.937306396,42.099,79.26898800000001,42.099,0.7246229999999999,100.51299999999999,33.897,40.804,78.92699999999999, 4, 15,FeFET_4MB_ReadLatency_1BPC-main_dnn_study.csv,1.27332237587904,58.87450070208,246.4484856,91.089319521,7973.993550999999,801.4900137916628,0.06600541597926557
ResNet50_int, data/cell_cfgs/FeFET_HZO_15_5_9.cell,0.24405839999999998,0.0979296,5.2172856,121.2312,0.937306396,42.099,79.26898800000001,42.099,0.7246229999999999,50.513000000000005,33.897,40.804,78.92699999999999, 4, 15,FeFET_4MB_ReadLatency_1BPC-main_dnn_study.csv,1.27332237587904,29.58749270208,126.4484856,91.089319521,4027.643551,203.44835869166303,0.06600541597926557
ResNet50_int, data/cell_cfgs/FeFET_HZO_15_6_9.cell,0.24405839999999998,0.0886584,5.2172856,4802.4,0.937306396,42.099,79.2597168,42.099,0.7246229999999999,2001.0,33.897,36.941,78.92699999999999, 4, 15,FeFET_4MB_ReadLatency_1BPC-main_dnn_study.csv,1.27332237587904,1172.0660601599998,4807.617285599999,91.089319521,157969.868,316097.705868,0.06600541597926557
ResNet50_int, data/cell_cfgs/FeFET_HZO_15_7_9.cell,0.24405839999999998,0.0906288,5.2172856,2402.4,0.937306396,42.099,79.26168720000001,42.099,0.7246229999999999,1001.0,33.897,37.762,78.92699999999999, 4, 15,FeFET_4MB_ReadLatency_1BPC-main_dnn_study.csv,1.27332237587904,586.32590016,2407.6172856000003,91.089319521,79043.689,79122.732689,0.06600541597926557
ResNet50_int, data/cell_cfgs/FeFET_HZO_15_1_9.cell,0.3315672,0.1145856,6.489100800000001,24002.4,1.799,43.858,158.3001528,43.858,0.901264,10001.0,46.051,47.744,157.85399999999998, 8, 15,FeFET_8MB_ReadLatency_1BPC-main_dnn_study.csv,2.1515729827737604,7958.408561280001,24008.889100800003,188.319127456,1578745.5979999998,15789034.725597998,0.1697252500875044
ResNet50_int, data/cell_cfgs/FeFET_HZO_15_2_9.cell,0.3315672,0.136488,6.489100800000001,2402.4,1.799,43.858,158.32205520000002,43.858,0.901264,1001.0,46.051,56.87,157.85399999999998, 8, 15,FeFET_8MB_ReadLatency_1BPC-main_dnn_study.csv,2.1515729827737604,796.55704128,2408.8891008,188.319127456,158068.724,158226.79272399997,0.1697252500875044
ResNet50_int, data/cell_cfgs/FeFET_HZO_15_3_9.cell,0.3315672,0.12200160000000004,6.489100800000001,241.452,1.799,43.858,158.3075688,43.858,0.901264,100.605,46.051,50.833999999999996,157.85399999999998, 8, 15,FeFET_8MB_ReadLatency_1BPC-main_dnn_study.csv,2.1515729827737604,80.0575635744,247.9411008,188.319127456,15931.73567,1602.81226708035,0.1697252500875044
ResNet50_int, data/cell_cfgs/FeFET_HZO_15_4_9.cell,0.3315672,0.1270992,6.489100800000001,241.452,1.799,43.858,158.3126664,43.858,0.901264,100.605,46.051,52.958,157.85399999999998, 8, 15,FeFET_8MB_ReadLatency_1BPC-main_dnn_study.csv,2.1515729827737604,80.0575635744,247.9411008,188.319127456,15933.85967,1603.0259521003502,0.1697252500875044
ResNet50_int, data/cell_cfgs/FeFET_HZO_15_5_9.cell,0.3315672,0.1270992,6.489100800000001,121.45199999999998,1.799,43.858,158.3126664,43.858,0.901264,50.605,46.051,52.958,157.85399999999998, 8, 15,FeFET_8MB_ReadLatency_1BPC-main_dnn_study.csv,2.1515729827737604,40.269499574399994,127.94110079999999,188.319127456,8041.159669999998,406.9228851003499,0.1697252500875044
ResNet50_int, data/cell_cfgs/FeFET_HZO_15_6_9.cell,0.3315672,0.1178304,6.489100800000001,4802.4,1.799,43.858,158.3033976,43.858,0.901264,2001.0,46.051,49.096000000000004,157.85399999999998, 8, 15,FeFET_8MB_ReadLatency_1BPC-main_dnn_study.csv,2.1515729827737604,1592.31832128,4808.8891008,188.319127456,315914.95,632145.81495,0.1697252500875044
ResNet50_int, data/cell_cfgs/FeFET_HZO_15_7_9.cell,0.3315672,0.1197984,6.489100800000001,2402.4,1.799,43.858,158.30536560000002,43.858,0.901264,1001.0,46.051,49.916000000000004,157.85399999999998, 8, 15,FeFET_8MB_ReadLatency_1BPC-main_dnn_study.csv,2.1515729827737604,796.55704128,2408.8891008,188.319127456,158061.77,158219.83177,0.1697252500875044
ResNet50_int, data/cell_cfgs/FeFET_HZO_15_1_9.cell,0.07768800000000001,0.0241824,135.2448,24043.2,0.598798874,65.899,79.0078704,65.899,18.784000000000002,10018.0,10.79,10.076,78.906, 4, 15,FeFET_4MB_WriteEDP_1BPC-main_dnn_study.csv,10.506898022400001,1867.8681216000002,24178.4448,1492.9603040000002,790490.3840000001,7919132.666912001,28.043766350336007
ResNet50_int, data/cell_cfgs/FeFET_HZO_15_2_9.cell,0.1046448,0.0301608,291.80159999999995,2496.0,1.169,33.76,315.7578056,33.76,40.528,1040.0,14.534,12.567,315.623, 4, 15,FeFET_4MB_WriteEDP_1BPC-main_dnn_study.csv,30.535520071679993,261.1934208,2787.8016,12806.102943999998,328260.48699999996,341390.90647999995,519.005740114432
ResNet50_int, data/cell_cfgs/FeFET_HZO_15_3_9.cell,0.1046448,0.026078399999999998,291.80159999999995,336.0552,1.169,33.76,315.7537232,33.76,40.528,140.023,14.534,10.866,315.623, 4, 15,FeFET_4MB_WriteEDP_1BPC-main_dnn_study.csv,30.535520071679993,35.16642919296,627.8568,12806.102943999998,44205.345328999996,6189.765069002566,519.005740114432
ResNet50_int, data/cell_cfgs/FeFET_HZO_15_4_9.cell,0.1046448,0.027513599999999996,291.80159999999995,336.0552,1.169,33.76,315.7551584,33.76,40.528,140.023,14.534,11.464,315.623, 4, 15,FeFET_4MB_WriteEDP_1BPC-main_dnn_study.csv,30.535520071679993,35.16642919296,627.8568,12806.102943999998,44205.943328999994,6189.848802756565,519.005740114432
ResNet50_int, data/cell_cfgs/FeFET_HZO_15_5_9.cell,0.1046448,0.027513599999999996,291.80159999999995,216.0552,1.169,33.76,315.7551584,33.76,40.528,90.023,14.534,11.464,315.623, 4, 15,FeFET_4MB_WriteEDP_1BPC-main_dnn_study.csv,30.535520071679993,22.60905319296,507.85679999999996,12806.102943999998,28424.793328999996,2558.8851698565663,519.005740114432
ResNet50_int, data/cell_cfgs/FeFET_HZO_15_6_9.cell,0.1046448,0.0249024,291.80159999999995,4896.0,1.169,33.76,315.7525472,33.76,40.528,2040.0,14.534,10.376,315.623, 4, 15,FeFET_4MB_WriteEDP_1BPC-main_dnn_study.csv,30.535520071679993,512.3409408,5187.8016,12806.102943999998,643881.296,1313517.84384,519.005740114432
ResNet50_int, data/cell_cfgs/FeFET_HZO_15_7_9.cell,0.1046448,0.0254568,291.80159999999995,2496.0,1.169,33.76,315.7531016,33.76,40.528,1040.0,14.534,10.607000000000001,315.623, 4, 15,FeFET_4MB_WriteEDP_1BPC-main_dnn_study.csv,30.535520071679993,261.1934208,2787.8016,12806.102943999998,328258.527,341388.86808,519.005740114432
ResNet50_int, data/cell_cfgs/FeFET_HZO_15_1_9.cell,0.35393040000000003,0.15000479999999997,7.9272,24002.4,2.231,70.734,40.0709352,70.734,1.101,10001.0,49.157,62.501999999999995,39.567, 16, 15,FeFET_16MB_ReadLatency_1BPC-main_dnn_study.csv,2.8056770668800004,8495.17903296,24010.3272,92.72026699999999,395772.06899999996,3958116.4620689997,0.102085013967
ResNet50_int, data/cell_cfgs/FeFET_HZO_15_2_9.cell,0.35393040000000003,0.31872720000000004,7.9272,2402.4,2.231,70.734,40.2396576,70.734,1.101,1001.0,49.157,132.803,39.567, 16, 15,FeFET_16MB_ReadLatency_1BPC-main_dnn_study.csv,2.8056770668800004,850.2823929600002,2410.3272,92.72026699999999,39739.37,39779.109370000006,0.102085013967
ResNet50_int, data/cell_cfgs/FeFET_HZO_15_3_9.cell,0.35393040000000003,0.2071368,7.9272,242.25599999999997,2.231,70.734,40.128067200000004,70.734,1.101,100.94,49.157,86.307,39.567, 16, 15,FeFET_16MB_ReadLatency_1BPC-main_dnn_study.csv,2.8056770668800004,85.7417629824,250.18319999999997,92.72026699999999,4080.19998,411.85538598119996,0.102085013967
ResNet50_int, data/cell_cfgs/FeFET_HZO_15_4_9.cell,0.35393040000000003,0.2464176,7.9272,242.25599999999997,2.231,70.734,40.167348000000004,70.734,1.101,100.94,49.157,102.67399999999999,39.567, 16, 15,FeFET_16MB_ReadLatency_1BPC-main_dnn_study.csv,2.8056770668800004,85.7417629824,250.18319999999997,92.72026699999999,4096.5669800000005,413.5074709612,0.102085013967
ResNet50_int, data/cell_cfgs/FeFET_HZO_15_5_9.cell,0.35393040000000003,0.2464176,7.9272,122.256,2.231,70.734,40.167348000000004,70.734,1.101,50.94,49.157,102.67399999999999,39.567, 16, 15,FeFET_16MB_ReadLatency_1BPC-main_dnn_study.csv,2.8056770668800004,43.2701149824,130.1832,92.72026699999999,2118.21698,107.90197296120002,0.102085013967
ResNet50_int, data/cell_cfgs/FeFET_HZO_15_6_9.cell,0.35393040000000003,0.17500079999999998,7.9272,4802.4,2.231,70.734,40.0959312,70.734,1.101,2001.0,49.157,72.917,39.567, 16, 15,FeFET_16MB_ReadLatency_1BPC-main_dnn_study.csv,2.8056770668800004,1699.71535296,4810.3272,92.72026699999999,79246.484,158572.214484,0.102085013967
ResNet50_int, data/cell_cfgs/FeFET_HZO_15_7_9.cell,0.35393040000000003,0.190176,7.9272,2402.4,2.231,70.734,40.111106400000004,70.734,1.101,1001.0,49.157,79.24,39.567, 16, 15,FeFET_16MB_ReadLatency_1BPC-main_dnn_study.csv,2.8056770668800004,850.2823929600002,2410.3272,92.72026699999999,39685.807,39725.492807,0.102085013967
ResNet50_int, data/cell_cfgs/FeFET_HZO_15_1_9.cell,0.1049472,0.027086400000000004,291.85200000000003,24096.0,1.18,66.864,157.9440336,66.864,40.535,10040.0,14.575999999999999,11.286,157.812, 8, 15,FeFET_8MB_WriteEDP_1BPC-main_dnn_study.csv,30.629050214400003,2528.8077312,24387.852,6411.48542,1584443.7660000003,15907815.410640003,259.8895614997
ResNet50_int, data/cell_cfgs/FeFET_HZO_15_2_9.cell,0.1222848,0.042280800000000014,291.96,2496.0,1.566,50.391,315.7875656,50.391,40.55,1040.0,16.984,17.617,315.623, 8, 15,FeFET_8MB_WriteEDP_1BPC-main_dnn_study.csv,35.702270207999995,305.2228608,2787.96,12815.49665,328265.537,341396.15848000004,519.6683891575
ResNet50_int, data/cell_cfgs/FeFET_HZO_15_3_9.cell,0.1049472,0.0345024,291.85200000000003,336.1152,1.18,66.864,157.95144960000002,66.864,40.535,140.048,14.575999999999999,14.376,157.812, 8, 15,FeFET_8MB_WriteEDP_1BPC-main_dnn_study.csv,30.629050214400003,35.27434911744,627.9672,6411.48542,22115.630976,3097.249886926848,259.8895614997
ResNet50_int, data/cell_cfgs/FeFET_HZO_15_4_9.cell,0.1222848,0.037389599999999995,291.96,336.1032,1.566,50.391,315.78267439999996,50.391,40.55,140.043,16.984,15.579,315.623, 8, 15,FeFET_8MB_WriteEDP_1BPC-main_dnn_study.csv,35.702270207999995,41.10031259136,628.0632,12815.49665,44216.370789,6192.193214403927,519.6683891575
ResNet50_int, data/cell_cfgs/FeFET_HZO_15_5_9.cell,0.1222848,0.037389599999999995,291.96,216.10320000000004,1.566,50.391,315.78267439999996,50.391,40.55,90.04299999999999,16.984,15.579,315.623, 8, 15,FeFET_8MB_WriteEDP_1BPC-main_dnn_study.csv,35.702270207999995,26.426136591360006,508.06320000000005,12815.49665,28435.220789,2560.3925855039265,519.6683891575
ResNet50_int, data/cell_cfgs/FeFET_HZO_15_6_9.cell,0.1049472,0.030331200000000003,291.85200000000003,4896.0,1.18,66.864,157.94727840000002,66.864,40.535,2040.0,14.575999999999999,12.638,157.812, 8, 15,FeFET_8MB_WriteEDP_1BPC-main_dnn_study.csv,30.629050214400003,513.8214912,5187.852,6411.48542,321949.118,656776.2007200001,259.8895614997
ResNet50_int, data/cell_cfgs/FeFET_HZO_15_7_9.cell,0.1049472,0.03230159999999999,291.85200000000003,2496.0,1.18,66.864,157.94924880000002,66.864,40.535,1040.0,14.575999999999999,13.459000000000001,157.812, 8, 15,FeFET_8MB_WriteEDP_1BPC-main_dnn_study.csv,30.629050214400003,261.9482112,2787.852,6411.48542,164137.939,170703.45656,259.8895614997
ResNet50_int, data/cell_cfgs/FeFET_HZO_15_1_9.cell,0.1049472,0.027086400000000004,291.85200000000003,24096.0,1.18,66.864,157.9440336,66.864,40.535,10040.0,14.575999999999999,11.286,157.812, 8, 15,FeFET_8MB_WriteDynamicEnergy_1BPC-main_dnn_study.csv,30.629050214400003,2528.8077312,24387.852,6411.48542,1584443.7660000003,15907815.410640003,259.8895614997
ResNet50_int, data/cell_cfgs/FeFET_HZO_15_2_9.cell,0.1222848,0.042280800000000014,291.96,2496.0,1.566,50.391,315.7875656,50.391,40.55,1040.0,16.984,17.617,315.623, 8, 15,FeFET_8MB_WriteDynamicEnergy_1BPC-main_dnn_study.csv,35.702270207999995,305.2228608,2787.96,12815.49665,328265.537,341396.15848000004,519.6683891575
ResNet50_int, data/cell_cfgs/FeFET_HZO_15_3_9.cell,0.1049472,0.0345024,291.85200000000003,336.1152,1.18,66.864,157.95144960000002,66.864,40.535,140.048,14.575999999999999,14.376,157.812, 8, 15,FeFET_8MB_WriteDynamicEnergy_1BPC-main_dnn_study.csv,30.629050214400003,35.27434911744,627.9672,6411.48542,22115.630976,3097.249886926848,259.8895614997
ResNet50_int, data/cell_cfgs/FeFET_HZO_15_4_9.cell,0.1222848,0.037389599999999995,291.96,336.1032,1.566,50.391,315.78267439999996,50.391,40.55,140.043,16.984,15.579,315.623, 8, 15,FeFET_8MB_WriteDynamicEnergy_1BPC-main_dnn_study.csv,35.702270207999995,41.10031259136,628.0632,12815.49665,44216.370789,6192.193214403927,519.6683891575
ResNet50_int, data/cell_cfgs/FeFET_HZO_15_5_9.cell,0.1222848,0.037389599999999995,291.96,216.10320000000004,1.566,50.391,315.78267439999996,50.391,40.55,90.04299999999999,16.984,15.579,315.623, 8, 15,FeFET_8MB_WriteDynamicEnergy_1BPC-main_dnn_study.csv,35.702270207999995,26.426136591360006,508.06320000000005,12815.49665,28435.220789,2560.3925855039265,519.6683891575
ResNet50_int, data/cell_cfgs/FeFET_HZO_15_6_9.cell,0.1049472,0.030331200000000003,291.85200000000003,4896.0,1.18,66.864,157.94727840000002,66.864,40.535,2040.0,14.575999999999999,12.638,157.812, 8, 15,FeFET_8MB_WriteDynamicEnergy_1BPC-main_dnn_study.csv,30.629050214400003,513.8214912,5187.852,6411.48542,321949.118,656776.2007200001,259.8895614997
ResNet50_int, data/cell_cfgs/FeFET_HZO_15_7_9.cell,0.1049472,0.03230159999999999,291.85200000000003,2496.0,1.18,66.864,157.94924880000002,66.864,40.535,1040.0,14.575999999999999,13.459000000000001,157.812, 8, 15,FeFET_8MB_WriteDynamicEnergy_1BPC-main_dnn_study.csv,30.629050214400003,261.9482112,2787.852,6411.48542,164137.939,170703.45656,259.8895614997
ResNet50_int, data/cell_cfgs/FeFET_HZO_15_1_9.cell,0.13952160000000002,0.0426072,292.5648,24096.0,1.976,79.878,157.9941288,79.878,40.634,10040.0,19.378,17.753,157.812, 16, 15,FeFET_16MB_WriteDynamicEnergy_1BPC-main_dnn_study.csv,40.819108999680005,3361.9124736000003,24388.5648,6431.9108080000005,1584450.2330000002,15907880.339320002,261.354263772272
ResNet50_int, data/cell_cfgs/FeFET_HZO_15_2_9.cell,0.21060720000000002,0.053136,676.8431999999998,2623.2,4.622,34.152,1.5237432,34.152,94.006,1093.0,29.250999999999998,22.14,1.26, 16, 15,FeFET_16MB_WriteDynamicEnergy_1BPC-main_dnn_study.csv,142.54805119103997,552.46480704,3300.0431999999996,147.69856,1399.3200000000002,1529.4567600000003,13.884550831359999
ResNet50_int, data/cell_cfgs/FeFET_HZO_15_3_9.cell,0.21060720000000002,0.0490536,676.8431999999998,463.4664,4.622,34.152,1.5196607999999998,34.152,94.006,193.111,29.250999999999998,20.439,1.26, 16, 15,FeFET_16MB_WriteDynamicEnergy_1BPC-main_dnn_study.csv,142.54805119103997,97.60936079808002,1140.3095999999998,147.69856,263.75885999999997,50.93473721346,13.884550831359999
ResNet50_int, data/cell_cfgs/FeFET_HZO_15_4_9.cell,0.21060720000000002,0.0504912,676.8431999999998,463.4664,4.622,34.152,1.5210983999999999,34.152,94.006,193.111,29.250999999999998,21.038,1.26, 16, 15,FeFET_16MB_WriteDynamicEnergy_1BPC-main_dnn_study.csv,142.54805119103997,97.60936079808002,1140.3095999999998,147.69856,264.35785999999996,51.050410702459985,13.884550831359999
ResNet50_int, data/cell_cfgs/FeFET_HZO_15_5_9.cell,0.21060720000000002,0.0504912,676.8431999999998,343.4664,4.622,34.152,1.5210983999999999,34.152,94.006,143.111,29.250999999999998,21.038,1.26, 16, 15,FeFET_16MB_WriteDynamicEnergy_1BPC-main_dnn_study.csv,142.54805119103997,72.33649679808,1020.3095999999998,147.69856,201.35786,28.816524702459997,13.884550831359999
ResNet50_int, data/cell_cfgs/FeFET_HZO_15_6_9.cell,0.157572,0.0478704,292.2984,4896.0,2.361,66.864,315.82944240000006,66.864,40.597,2040.0,21.885,19.945999999999998,315.624, 16, 15,FeFET_16MB_WriteDynamicEnergy_1BPC-main_dnn_study.csv,46.0580434848,771.4725119999999,5188.2984,12835.272528000001,643892.9060000001,1313541.5282400004,521.0735588192161
ResNet50_int, data/cell_cfgs/FeFET_HZO_15_7_9.cell,0.21060720000000002,0.048431999999999996,676.8431999999998,2623.2,4.622,34.152,1.5190392,34.152,94.006,1093.0,29.250999999999998,20.18,1.26, 16, 15,FeFET_16MB_WriteDynamicEnergy_1BPC-main_dnn_study.csv,142.54805119103997,552.46480704,3300.0431999999996,147.69856,1397.3600000000001,1527.3144800000002,13.884550831359999
ResNet50_int, data/cell_cfgs/FeFET_HZO_15_1_9.cell,0.21246479999999998,0.050577600000000014,676.908,24223.2,4.687,67.359,631.5080424,67.359,94.015,10093.0,29.509,21.074,631.245, 32, 15,FeFET_32MB_WriteDynamicEnergy_1BPC-main_dnn_study.csv,143.81912283839998,5146.57734336,24900.108,59376.007675,6371176.859,64304288.037887,5582.2353615651255
ResNet50_int, data/cell_cfgs/FeFET_HZO_15_2_9.cell,0.24696720000000005,0.07149599999999999,677.34,2623.2,6.206,50.87,1.5784632,50.87,94.075,1093.0,34.301,29.79,1.26, 32, 15,FeFET_32MB_WriteDynamicEnergy_1BPC-main_dnn_study.csv,167.28076324800006,647.8443590400001,3300.54,152.83550000000002,1406.97,1537.81821,14.377999662500002
ResNet50_int, data/cell_cfgs/FeFET_HZO_15_3_9.cell,0.21246479999999998,0.057996000000000006,676.908,463.5288,4.687,67.359,631.5154608,67.359,94.015,193.137,29.509,24.165,631.245, 32, 15,FeFET_32MB_WriteDynamicEnergy_1BPC-main_dnn_study.csv,143.81912283839998,98.48355378624,1140.4368,59376.007675,121940.93056499999,23551.3055065324,5582.2353615651255
ResNet50_int, data/cell_cfgs/FeFET_HZO_15_4_9.cell,0.24696720000000005,0.06660479999999999,677.34,463.5696,6.206,50.87,1.573572,50.87,94.075,193.15400000000002,34.301,27.752,1.26, 32, 15,FeFET_32MB_WriteDynamicEnergy_1BPC-main_dnn_study.csv,167.28076324800006,114.48648611712002,1140.9096,152.83550000000002,271.12604000000005,52.36907913016002,14.377999662500002
ResNet50_int, data/cell_cfgs/FeFET_HZO_15_5_9.cell,0.24696720000000005,0.06660479999999999,677.34,343.5696,6.206,50.87,1.573572,50.87,94.075,143.154,34.301,27.752,1.26, 32, 15,FeFET_32MB_WriteDynamicEnergy_1BPC-main_dnn_study.csv,167.28076324800006,84.85042211712002,1020.9096,152.83550000000002,208.12604000000002,29.794075130160003,14.377999662500002
ResNet50_int, data/cell_cfgs/FeFET_HZO_15_6_9.cell,0.21246479999999998,0.053822399999999986,676.908,5023.2,4.687,67.359,631.5112872,67.359,94.015,2093.0,29.509,22.426,631.245, 32, 15,FeFET_32MB_WriteDynamicEnergy_1BPC-main_dnn_study.csv,143.81912283839998,1067.2531833599999,5700.108,59376.007675,1321218.211,2765309.7156229997,5582.2353615651255
ResNet50_int, data/cell_cfgs/FeFET_HZO_15_7_9.cell,0.21246479999999998,0.0557928,676.908,2623.2,4.687,67.359,631.5132576,67.359,94.015,1093.0,29.509,23.247,631.245, 32, 15,FeFET_32MB_WriteDynamicEnergy_1BPC-main_dnn_study.csv,143.81912283839998,557.33766336,3300.1079999999997,59376.007675,689974.032,754141.616976,5582.2353615651255
ResNet50_int, data/cell_cfgs/FeFET_HZO_15_1_9.cell,0.1077696,0.5230560000000001,703.512,24240.0,1.61,98.024,3.0968256000000003,98.024,97.71,10100.0,14.968,217.94,2.4659999999999997, 16, 15,FeFET_16MB_Area_1BPC-main_dnn_study.csv,75.81720683519998,2612.335104,24943.512,255.92085999999995,25124.539999999997,253757.85399999996,25.006027230599994
ResNet50_int, data/cell_cfgs/FeFET_HZO_15_2_9.cell,0.10793519999999998,3.2088,703.512,2640.0,1.61,98.024,5.7827352,98.024,97.71,1100.0,14.991,1337.0,2.4659999999999997, 16, 15,FeFET_16MB_Area_1BPC-main_dnn_study.csv,75.93370842239997,284.94892799999997,3343.5119999999997,255.94385999999997,4049.6,4454.56,25.008274560599997
ResNet50_int, data/cell_cfgs/FeFET_HZO_15_3_9.cell,0.1077696,1.4324808,703.512,479.9664,1.61,98.024,4.006250400000001,98.024,97.71,199.986,14.968,596.867,2.4659999999999997, 16, 15,FeFET_16MB_Area_1BPC-main_dnn_study.csv,75.81720683519998,51.72578694144,1183.4784,255.92085999999995,1090.0324759999999,217.991234745336,25.006027230599994
ResNet50_int, data/cell_cfgs/FeFET_HZO_15_4_9.cell,0.1077696,2.0577072,703.512,479.9664,1.61,98.024,4.6314768,98.024,97.71,199.986,14.968,857.378,2.4659999999999997, 16, 15,FeFET_16MB_Area_1BPC-main_dnn_study.csv,75.81720683519998,51.72578694144,1183.4784,255.92085999999995,1350.5434759999998,270.08978759133595,25.006027230599994
ResNet50_int, data/cell_cfgs/FeFET_HZO_15_5_9.cell,0.1077696,2.0577072,703.512,359.9664,1.61,98.024,4.6314768,98.024,97.71,149.986,14.968,857.378,2.4659999999999997, 16, 15,FeFET_16MB_Area_1BPC-main_dnn_study.csv,75.81720683519998,38.79343494144,1063.4784,255.92085999999995,1227.243476,184.069339991336,25.006027230599994
ResNet50_int, data/cell_cfgs/FeFET_HZO_15_6_9.cell,0.1077696,0.9209304,703.512,5040.0,1.61,98.024,3.4947000000000004,98.024,97.71,2100.0,14.968,383.721,2.4659999999999997, 16, 15,FeFET_16MB_Area_1BPC-main_dnn_study.csv,75.81720683519998,543.158784,5743.512,255.92085999999995,5562.321,11680.874099999999,25.006027230599994
ResNet50_int, data/cell_cfgs/FeFET_HZO_15_7_9.cell,0.1077696,1.1624952,703.512,2640.0,1.61,98.024,3.7362648000000003,98.024,97.71,1100.0,14.968,484.37300000000005,2.4659999999999997, 16, 15,FeFET_16MB_Area_1BPC-main_dnn_study.csv,75.81720683519998,284.51174399999996,3343.5119999999997,255.92085999999995,3196.973,3516.6702999999998,25.006027230599994
ResNet50_int, data/cell_cfgs/FeFET_HZO_15_1_9.cell,0.9937296,0.3286416,9.8928,24002.4,3.395,46.494,317.0823712,46.494,1.374,10001.0,138.018,136.934,315.76, 16, 15,FeFET_16MB_WriteLatency_1BPC-main_dnn_study.csv,9.830768186879999,23851.895351040002,24012.292800000003,571.87224,3158052.6939999997,31583684.992693998,0.7857524577600001
ResNet50_int, data/cell_cfgs/FeFET_HZO_15_2_9.cell,0.9937296,0.350544,9.8928,2402.4,3.395,46.494,317.1042736,46.494,1.374,1001.0,138.018,146.06,315.76, 16, 15,FeFET_16MB_WriteLatency_1BPC-main_dnn_study.csv,9.830768186879999,2387.33599104,2412.2928,571.87224,316221.82,316538.04182,0.7857524577600001
ResNet50_int, data/cell_cfgs/FeFET_HZO_15_3_9.cell,0.9937296,0.3360576,9.8928,241.812,3.395,46.494,317.0897872,46.494,1.374,100.755,138.018,140.024,315.76, 16, 15,FeFET_16MB_WriteLatency_1BPC-main_dnn_study.csv,9.830768186879999,240.29574203520002,251.7048,571.87224,31954.4228,3219.567869214,0.7857524577600001
ResNet50_int, data/cell_cfgs/FeFET_HZO_15_4_9.cell,0.9937296,0.34115759999999995,9.8928,241.812,3.395,46.494,317.09488719999996,46.494,1.374,100.755,138.018,142.149,315.76, 16, 15,FeFET_16MB_WriteLatency_1BPC-main_dnn_study.csv,9.830768186879999,240.29574203520002,251.7048,571.87224,31956.5478,3219.781973589,0.7857524577600001
ResNet50_int, data/cell_cfgs/FeFET_HZO_15_5_9.cell,0.9937296,0.34115759999999995,9.8928,121.81200000000001,3.395,46.494,317.09488719999996,46.494,1.374,50.755,138.018,142.149,315.76, 16, 15,FeFET_16MB_WriteLatency_1BPC-main_dnn_study.csv,9.830768186879999,121.04819003520001,131.7048,571.87224,16168.5478,820.6346435890001,0.7857524577600001
ResNet50_int, data/cell_cfgs/FeFET_HZO_15_6_9.cell,0.9937296,0.3318864,9.8928,4802.4,3.395,46.494,317.08561599999996,46.494,1.374,2001.0,138.018,138.286,315.76, 16, 15,FeFET_16MB_WriteLatency_1BPC-main_dnn_study.csv,9.830768186879999,4772.287031039999,4812.292799999999,571.87224,631974.046,1264580.066046,0.7857524577600001
ResNet50_int, data/cell_cfgs/FeFET_HZO_15_7_9.cell,0.9937296,0.33385679999999995,9.8928,2402.4,3.395,46.494,317.08758639999996,46.494,1.374,1001.0,138.018,139.107,315.76, 16, 15,FeFET_16MB_WriteLatency_1BPC-main_dnn_study.csv,9.830768186879999,2387.33599104,2412.2928,571.87224,316214.867,316531.08186700003,0.7857524577600001
ResNet50_int, data/cell_cfgs/FeFET_HZO_15_1_9.cell,0.9480168000000002,0.313404,14.7456,24002.4,6.576,48.002,632.7824208,48.002,2.048,10001.0,131.66899999999998,130.585,631.521, 32, 15,FeFET_32MB_WriteLatency_1BPC-main_dnn_study.csv,13.979076526080004,22754.678440320007,24017.1456,1425.0240079999999,6315972.106,63166037.032106,2.918449168384
ResNet50_int, data/cell_cfgs/FeFET_HZO_15_2_9.cell,0.9480168000000002,0.3353088,14.7456,2402.4,6.576,48.002,632.8043256,48.002,2.048,1001.0,131.66899999999998,139.71200000000002,631.521, 32, 15,FeFET_32MB_WriteLatency_1BPC-main_dnn_study.csv,13.979076526080004,2277.5155603200005,2417.1456000000003,1425.0240079999999,632292.233,632924.525233,2.918449168384
ResNet50_int, data/cell_cfgs/FeFET_HZO_15_3_9.cell,0.9480168000000002,0.3208224,14.7456,242.6256,6.576,48.002,632.7898392,48.002,2.048,101.094,131.66899999999998,133.67600000000002,631.521, 32, 15,FeFET_32MB_WriteLatency_1BPC-main_dnn_study.csv,13.979076526080004,230.01314491008006,257.3712,1425.0240079999999,63976.659973999995,6467.656463411555,2.918449168384
ResNet50_int, data/cell_cfgs/FeFET_HZO_15_4_9.cell,0.9480168000000002,0.32592000000000004,14.7456,242.6256,6.576,48.002,632.7949368,48.002,2.048,101.094,131.66899999999998,135.8,631.521, 32, 15,FeFET_32MB_WriteLatency_1BPC-main_dnn_study.csv,13.979076526080004,230.01314491008006,257.3712,1425.0240079999999,63978.783974,6467.871187067555,2.918449168384
ResNet50_int, data/cell_cfgs/FeFET_HZO_15_5_9.cell,0.9480168000000002,0.32592000000000004,14.7456,122.6256,6.576,48.002,632.7949368,48.002,2.048,51.093999999999994,131.66899999999998,135.8,631.521, 32, 15,FeFET_32MB_WriteLatency_1BPC-main_dnn_study.csv,13.979076526080004,116.25112891008003,137.37120000000002,1425.0240079999999,32402.733973999995,1655.5852896675556,2.918449168384
ResNet50_int, data/cell_cfgs/FeFET_HZO_15_6_9.cell,0.9480168000000002,0.3166488,14.7456,4802.4,6.576,48.002,632.7856656,48.002,2.048,2001.0,131.66899999999998,131.937,631.521, 32, 15,FeFET_32MB_WriteLatency_1BPC-main_dnn_study.csv,13.979076526080004,4552.755880320001,4817.1456,1425.0240079999999,1263805.4579999999,2528874.7214579997,2.918449168384
ResNet50_int, data/cell_cfgs/FeFET_HZO_15_7_9.cell,0.9480168000000002,0.31861920000000005,14.7456,2402.4,6.576,48.002,632.7876359999999,48.002,2.048,1001.0,131.66899999999998,132.75799999999998,631.521, 32, 15,FeFET_32MB_WriteLatency_1BPC-main_dnn_study.csv,13.979076526080004,2277.5155603200005,2417.1456000000003,1425.0240079999999,632285.279,632917.5642789999,2.918449168384
ResNet50_int, data/cell_cfgs/FeFET_HZO_15_1_9.cell,0.015228000000000004,0.2581416,73.5768,24028.8,0.209629759,94.118,0.8901946000000001,94.118,10.219,10012.0,2.115,107.559,0.6168250000000001, 2, 15,FeFET_2MB_ReadDynamicEnergy_1BPC-main_dnn_study.csv,1.1204275104000003,365.91056640000005,24102.3768,8.418334675,6283.210900000001,62907.50753080001,0.086026962043825
ResNet50_int, data/cell_cfgs/FeFET_HZO_15_2_9.cell,0.0152352,1.6014263999999998,73.5768,2428.8,0.209629759,94.118,2.2334866,94.118,10.219,1012.0,2.116,667.2610000000001,0.6168250000000001, 2, 15,FeFET_2MB_ReadDynamicEnergy_1BPC-main_dnn_study.csv,1.1209572633600002,37.00325376000001,2502.3768,8.419334675,1291.4879,1306.9857548,0.086037181043825
ResNet50_int, data/cell_cfgs/FeFET_HZO_15_3_9.cell,0.015228000000000004,0.7130112,73.5768,267.7368,0.209629759,94.118,1.3450642,94.118,10.219,111.557,2.115,297.08799999999997,0.6168250000000001, 2, 15,FeFET_2MB_ReadDynamicEnergy_1BPC-main_dnn_study.csv,1.1204275104000003,4.077095990400001,341.3136,8.418334675,365.899146525,40.818611088889426,0.086026962043825
ResNet50_int, data/cell_cfgs/FeFET_HZO_15_4_9.cell,0.015228000000000004,1.0257311999999998,73.5768,267.7368,0.209629759,94.118,1.6577842,94.118,10.219,111.557,2.115,427.38800000000003,0.6168250000000001, 2, 15,FeFET_2MB_ReadDynamicEnergy_1BPC-main_dnn_study.csv,1.1204275104000003,4.077095990400001,341.3136,8.418334675,496.19914652500006,55.354488188889434,0.086026962043825
ResNet50_int, data/cell_cfgs/FeFET_HZO_15_5_9.cell,0.015228000000000004,1.0257311999999998,73.5768,147.7368,0.209629759,94.118,1.6577842,94.118,10.219,61.556999999999995,2.115,427.38800000000003,0.6168250000000001, 2, 15,FeFET_2MB_ReadDynamicEnergy_1BPC-main_dnn_study.csv,1.1204275104000003,2.2497359904000005,221.3136,8.418334675,465.35789652500006,28.646036036389425,0.086026962043825
ResNet50_int, data/cell_cfgs/FeFET_HZO_15_6_9.cell,0.015228000000000004,0.4571472,73.5768,4828.8,0.209629759,94.118,1.0892002,94.118,10.219,2012.0,2.115,190.47799999999998,0.6168250000000001, 2, 15,FeFET_2MB_ReadDynamicEnergy_1BPC-main_dnn_study.csv,1.1204275104000003,73.53296640000002,4902.3768,8.418334675,1431.5299000000002,2880.2381588000003,0.086026962043825
ResNet50_int, data/cell_cfgs/FeFET_HZO_15_7_9.cell,0.015228000000000004,0.5779704000000001,73.5768,2428.8,0.209629759,94.118,1.2100234,94.118,10.219,1012.0,2.115,240.821,0.6168250000000001, 2, 15,FeFET_2MB_ReadDynamicEnergy_1BPC-main_dnn_study.csv,1.1204275104000003,36.98576640000001,2502.3768,8.418334675,865.0479000000001,875.4284748000002,0.086026962043825
ResNet50_int, data/cell_cfgs/FeFET_HZO_15_1_9.cell,0.016012799999999997,0.2584032,74.06639999999999,24028.8,0.409797078,96.292,1.507416,96.292,10.287,10012.0,2.224,107.66799999999999,1.2329999999999999, 4, 15,FeFET_4MB_ReadDynamicEnergy_1BPC-main_dnn_study.csv,1.1860104499199995,384.76836863999995,24102.8664,14.907871,12452.463999999998,124674.06956799998,0.15335726897700003
ResNet50_int, data/cell_cfgs/FeFET_HZO_15_2_9.cell,0.01602,1.601688,74.06639999999999,2428.8,0.409797078,96.292,2.850708,96.292,10.287,1012.0,2.225,667.37,1.2329999999999999, 4, 15,FeFET_4MB_ReadDynamicEnergy_1BPC-main_dnn_study.csv,1.1865437279999997,38.909376,2502.8664000000003,14.908871,1915.1659999999997,1938.1479919999997,0.153367555977
ResNet50_int, data/cell_cfgs/FeFET_HZO_15_3_9.cell,0.016012799999999997,0.7132728,74.06639999999999,267.9024,0.409797078,96.292,1.9622856,96.292,10.287,111.626,2.224,297.197,1.2329999999999999, 4, 15,FeFET_4MB_ReadDynamicEnergy_1BPC-main_dnn_study.csv,1.1860104499199995,4.2898675507199995,341.9688,14.907871,434.831858,48.53854098110801,0.15335726897700003
ResNet50_int, data/cell_cfgs/FeFET_HZO_15_4_9.cell,0.016012799999999997,1.0259952,74.06639999999999,267.9024,0.409797078,96.292,2.2750079999999997,96.292,10.287,111.626,2.224,427.49800000000005,1.2329999999999999, 4, 15,FeFET_4MB_ReadDynamicEnergy_1BPC-main_dnn_study.csv,1.1860104499199995,4.2898675507199995,341.9688,14.907871,565.132858,63.08352040710801,0.15335726897700003
ResNet50_int, data/cell_cfgs/FeFET_HZO_15_5_9.cell,0.016012799999999997,1.0259952,74.06639999999999,147.9024,0.409797078,96.292,2.2750079999999997,96.292,10.287,61.626000000000005,2.224,427.49800000000005,1.2329999999999999, 4, 15,FeFET_4MB_ReadDynamicEnergy_1BPC-main_dnn_study.csv,1.1860104499199995,2.36833155072,221.9688,14.907871,503.4828580000001,31.02763460710801,0.15335726897700003
ResNet50_int, data/cell_cfgs/FeFET_HZO_15_6_9.cell,0.016012799999999997,0.45740879999999995,74.06639999999999,4828.8,0.409797078,96.292,1.7064216,96.292,10.287,2012.0,2.224,190.58700000000002,1.2329999999999999, 4, 15,FeFET_4MB_ReadDynamicEnergy_1BPC-main_dnn_study.csv,1.1860104499199995,77.32260863999998,4902.8664,14.907871,2671.383,5374.822596,0.15335726897700003
ResNet50_int, data/cell_cfgs/FeFET_HZO_15_7_9.cell,0.016012799999999997,0.578232,74.06639999999999,2428.8,0.409797078,96.292,1.8272448,96.292,10.287,1012.0,2.224,240.93,1.2329999999999999, 4, 15,FeFET_4MB_ReadDynamicEnergy_1BPC-main_dnn_study.csv,1.1860104499199995,38.89188864,2502.8664000000003,14.907871,1488.7259999999999,1506.590712,0.15335726897700003
ResNet50_int, data/cell_cfgs/FeFET_HZO_15_1_9.cell,0.07768800000000001,0.0241824,135.2448,24043.2,0.598798874,65.899,79.0078704,65.899,18.784000000000002,10018.0,10.79,10.076,78.906, 4, 15,FeFET_4MB_WriteDynamicEnergy_1BPC-main_dnn_study.csv,10.506898022400001,1867.8681216000002,24178.4448,1492.9603040000002,790490.3840000001,7919132.666912001,28.043766350336007
ResNet50_int, data/cell_cfgs/FeFET_HZO_15_2_9.cell,0.1046448,0.0301608,291.80159999999995,2496.0,1.169,33.76,315.7578056,33.76,40.528,1040.0,14.534,12.567,315.623, 4, 15,FeFET_4MB_WriteDynamicEnergy_1BPC-main_dnn_study.csv,30.535520071679993,261.1934208,2787.8016,12806.102943999998,328260.48699999996,341390.90647999995,519.005740114432
ResNet50_int, data/cell_cfgs/FeFET_HZO_15_3_9.cell,0.1046448,0.026078399999999998,291.80159999999995,336.0552,1.169,33.76,315.7537232,33.76,40.528,140.023,14.534,10.866,315.623, 4, 15,FeFET_4MB_WriteDynamicEnergy_1BPC-main_dnn_study.csv,30.535520071679993,35.16642919296,627.8568,12806.102943999998,44205.345328999996,6189.765069002566,519.005740114432
ResNet50_int, data/cell_cfgs/FeFET_HZO_15_4_9.cell,0.1046448,0.027513599999999996,291.80159999999995,336.0552,1.169,33.76,315.7551584,33.76,40.528,140.023,14.534,11.464,315.623, 4, 15,FeFET_4MB_WriteDynamicEnergy_1BPC-main_dnn_study.csv,30.535520071679993,35.16642919296,627.8568,12806.102943999998,44205.943328999994,6189.848802756565,519.005740114432
ResNet50_int, data/cell_cfgs/FeFET_HZO_15_5_9.cell,0.1046448,0.027513599999999996,291.80159999999995,216.0552,1.169,33.76,315.7551584,33.76,40.528,90.023,14.534,11.464,315.623, 4, 15,FeFET_4MB_WriteDynamicEnergy_1BPC-main_dnn_study.csv,30.535520071679993,22.60905319296,507.85679999999996,12806.102943999998,28424.793328999996,2558.8851698565663,519.005740114432
ResNet50_int, data/cell_cfgs/FeFET_HZO_15_6_9.cell,0.1046448,0.0249024,291.80159999999995,4896.0,1.169,33.76,315.7525472,33.76,40.528,2040.0,14.534,10.376,315.623, 4, 15,FeFET_4MB_WriteDynamicEnergy_1BPC-main_dnn_study.csv,30.535520071679993,512.3409408,5187.8016,12806.102943999998,643881.296,1313517.84384,519.005740114432
ResNet50_int, data/cell_cfgs/FeFET_HZO_15_7_9.cell,0.1046448,0.0254568,291.80159999999995,2496.0,1.169,33.76,315.7531016,33.76,40.528,1040.0,14.534,10.607000000000001,315.623, 4, 15,FeFET_4MB_WriteDynamicEnergy_1BPC-main_dnn_study.csv,30.535520071679993,261.1934208,2787.8016,12806.102943999998,328258.527,341388.86808,519.005740114432
ResNet50_int, data/cell_cfgs/FeFET_HZO_15_1_9.cell,0.21246479999999998,0.050577600000000014,676.908,24223.2,4.687,67.359,631.5080424,67.359,94.015,10093.0,29.509,21.074,631.245, 32, 15,FeFET_32MB_WriteEDP_1BPC-main_dnn_study.csv,143.81912283839998,5146.57734336,24900.108,59376.007675,6371176.859,64304288.037887,5582.2353615651255
ResNet50_int, data/cell_cfgs/FeFET_HZO_15_2_9.cell,0.24696720000000005,0.07149599999999999,677.34,2623.2,6.206,50.87,1.5784632,50.87,94.075,1093.0,34.301,29.79,1.26, 32, 15,FeFET_32MB_WriteEDP_1BPC-main_dnn_study.csv,167.28076324800006,647.8443590400001,3300.54,152.83550000000002,1406.97,1537.81821,14.377999662500002
ResNet50_int, data/cell_cfgs/FeFET_HZO_15_3_9.cell,0.21246479999999998,0.057996000000000006,676.908,463.5288,4.687,67.359,631.5154608,67.359,94.015,193.137,29.509,24.165,631.245, 32, 15,FeFET_32MB_WriteEDP_1BPC-main_dnn_study.csv,143.81912283839998,98.48355378624,1140.4368,59376.007675,121940.93056499999,23551.3055065324,5582.2353615651255
ResNet50_int, data/cell_cfgs/FeFET_HZO_15_4_9.cell,0.24696720000000005,0.06660479999999999,677.34,463.5696,6.206,50.87,1.573572,50.87,94.075,193.15400000000002,34.301,27.752,1.26, 32, 15,FeFET_32MB_WriteEDP_1BPC-main_dnn_study.csv,167.28076324800006,114.48648611712002,1140.9096,152.83550000000002,271.12604000000005,52.36907913016002,14.377999662500002
ResNet50_int, data/cell_cfgs/FeFET_HZO_15_5_9.cell,0.2640672,0.09264,294.0912,216.4896,4.721,66.864,631.6037071999999,66.864,40.846,90.204,36.676,38.6,631.247, 32, 15,FeFET_32MB_WriteEDP_1BPC-main_dnn_study.csv,77.65983972864001,57.16780250112,510.5808,25820.590961999995,56979.60438799999,5139.788234215151,1054.6678584338517
ResNet50_int, data/cell_cfgs/FeFET_HZO_15_6_9.cell,0.21246479999999998,0.053822399999999986,676.908,5023.2,4.687,67.359,631.5112872,67.359,94.015,2093.0,29.509,22.426,631.245, 32, 15,FeFET_32MB_WriteEDP_1BPC-main_dnn_study.csv,143.81912283839998,1067.2531833599999,5700.108,59376.007675,1321218.211,2765309.7156229997,5582.2353615651255
ResNet50_int, data/cell_cfgs/FeFET_HZO_15_7_9.cell,0.21246479999999998,0.0557928,676.908,2623.2,4.687,67.359,631.5132576,67.359,94.015,1093.0,29.509,23.247,631.245, 32, 15,FeFET_32MB_WriteEDP_1BPC-main_dnn_study.csv,143.81912283839998,557.33766336,3300.1079999999997,59376.007675,689974.032,754141.616976,5582.2353615651255
ResNet50_int, data/cell_cfgs/FeFET_HZO_15_1_9.cell,0.10627919999999999,0.26682,301.6656,24103.2,0.81535192,96.793,2.8390992,96.793,41.898,10043.0,14.761,111.175,2.4659999999999997, 8, 15,FeFET_8MB_Area_1BPC-main_dnn_study.csv,32.060778635519995,2561.6688134399997,24404.8656,118.08146799999999,24877.212999999996,249841.85015899997,4.947377346264
ResNet50_int, data/cell_cfgs/FeFET_HZO_15_2_9.cell,0.10632239999999997,1.6101024,301.6656,2503.2,0.81535192,96.793,4.1824248,96.793,41.898,1043.0,14.767000000000001,670.8760000000001,2.4659999999999997, 8, 15,FeFET_8MB_Area_1BPC-main_dnn_study.csv,32.07381058943999,266.1462316799999,2804.8655999999996,118.08746799999999,3242.9139999999998,3382.359302,4.947628734264
ResNet50_int, data/cell_cfgs/FeFET_HZO_15_3_9.cell,0.10627919999999999,0.7216871999999999,301.6656,342.2544000000001,0.81535192,96.793,3.2939664,96.793,41.898,142.606,14.761,300.703,2.4659999999999997, 8, 15,FeFET_8MB_Area_1BPC-main_dnn_study.csv,32.060778635519995,36.37452382848001,643.9200000000001,118.08146799999999,652.3693959999999,93.03179008597598,4.947377346264
ResNet50_int, data/cell_cfgs/FeFET_HZO_15_4_9.cell,0.10627919999999999,1.0344096,301.6656,342.2544000000001,0.81535192,96.793,3.6066888,96.793,41.898,142.606,14.761,431.004,2.4659999999999997, 8, 15,FeFET_8MB_Area_1BPC-main_dnn_study.csv,32.060778635519995,36.37452382848001,643.9200000000001,118.08146799999999,782.670396,111.61349449197598,4.947377346264
ResNet50_int, data/cell_cfgs/FeFET_HZO_15_5_9.cell,0.10627919999999999,1.0344096,301.6656,222.2544,0.81535192,96.793,3.6066888,96.793,41.898,92.60600000000001,14.761,431.004,2.4659999999999997, 8, 15,FeFET_8MB_Area_1BPC-main_dnn_study.csv,32.060778635519995,23.621019828479998,523.92,118.08146799999999,659.370396,61.06165489197601,4.947377346264
ResNet50_int, data/cell_cfgs/FeFET_HZO_15_6_9.cell,0.10627919999999999,0.4658232,301.6656,4903.200000000002,0.81535192,96.793,3.0381024,96.793,41.898,2043.0,14.761,194.093,2.4659999999999997, 8, 15,FeFET_8MB_Area_1BPC-main_dnn_study.csv,32.060778635519995,521.1081734400001,5204.865600000002,118.08146799999999,5232.130999999999,10689.243633,4.947377346264
ResNet50_int, data/cell_cfgs/FeFET_HZO_15_7_9.cell,0.10627919999999999,0.5866488000000001,301.6656,2503.2,0.81535192,96.793,3.1589280000000004,96.793,41.898,1043.0,14.761,244.437,2.4659999999999997, 8, 15,FeFET_8MB_Area_1BPC-main_dnn_study.csv,32.060778635519995,266.03809343999995,2804.8655999999996,118.08146799999999,2816.4749999999995,2937.5834249999994,4.947377346264
ResNet50_int, data/cell_cfgs/FeFET_HZO_15_1_9.cell,0.109332,0.5235791999999999,704.4984000000002,24240.0,3.22,98.029,5.564911200000001,98.029,97.84700000000001,10100.0,15.185,218.158,4.9319999999999995, 32, 15,FeFET_32MB_Area_1BPC-main_dnn_study.csv,77.02421906880002,2650.20768,24944.4984,497.766404,50031.358,505316.7158,48.70494933218801
ResNet50_int, data/cell_cfgs/FeFET_HZO_15_2_9.cell,0.1095048,3.2088,704.4984000000002,2640.0,3.22,98.029,8.2503048,98.029,97.84700000000001,1100.0,15.209000000000001,1337.0,4.9319999999999995, 32, 15,FeFET_32MB_Area_1BPC-main_dnn_study.csv,77.14595639232002,289.092672,3344.4984000000004,497.790404,6762.2,7438.42,48.70729766018801
ResNet50_int, data/cell_cfgs/FeFET_HZO_15_3_9.cell,0.109332,1.4330016,704.4984000000002,480.2952,3.22,98.029,6.4743336000000005,98.029,97.84700000000001,200.123,15.185,597.0840000000001,4.9319999999999995, 32, 15,FeFET_32MB_Area_1BPC-main_dnn_study.csv,77.02421906880002,52.511634806400004,1184.7936000000002,497.766404,1584.090636,317.01297034822795,48.70494933218801
ResNet50_int, data/cell_cfgs/FeFET_HZO_15_4_9.cell,0.109332,2.0582304,704.4984000000002,480.2952,3.22,98.029,7.0995624,98.029,97.84700000000001,200.123,15.185,857.596,4.9319999999999995, 32, 15,FeFET_32MB_Area_1BPC-main_dnn_study.csv,77.02421906880002,52.511634806400004,1184.7936000000002,497.766404,1844.6026359999998,369.14741332422795,48.70494933218801
ResNet50_int, data/cell_cfgs/FeFET_HZO_15_5_9.cell,0.109332,2.0582304,704.4984000000002,360.2952,3.22,98.029,7.0995624,98.029,97.84700000000001,150.123,15.185,857.596,4.9319999999999995, 32, 15,FeFET_32MB_Area_1BPC-main_dnn_study.csv,77.02421906880002,39.3917948064,1064.7936000000002,497.766404,1598.0026359999997,239.89694972422797,48.70494933218801
ResNet50_int, data/cell_cfgs/FeFET_HZO_15_6_9.cell,0.109332,0.9214511999999999,704.4984000000002,5040.0,3.22,98.029,5.9627832000000005,98.029,97.84700000000001,2100.0,15.185,383.93800000000005,4.9319999999999995, 32, 15,FeFET_32MB_Area_1BPC-main_dnn_study.csv,77.02421906880002,551.03328,5744.4984,497.766404,10741.137999999999,22556.389799999997,48.70494933218801
ResNet50_int, data/cell_cfgs/FeFET_HZO_15_7_9.cell,0.109332,1.163016,704.4984000000002,2640.0,3.22,98.029,6.204348,98.029,97.84700000000001,1100.0,15.185,484.59,4.9319999999999995, 32, 15,FeFET_32MB_Area_1BPC-main_dnn_study.csv,77.02421906880002,288.63648,3344.4984000000004,497.766404,5909.79,6500.769,48.70494933218801
ResNet50_int, data/cell_cfgs/FeFET_HZO_15_1_9.cell,0.2876184,0.0994896,5.2782192000000006,24002.4,0.923210071,42.742,79.315108,42.742,0.733086,10001.0,39.946999999999996,41.45399999999999,78.928, 4, 15,FeFET_4MB_WriteLatency_1BPC-main_dnn_study.csv,1.5181129611532802,6903.53188416,24007.678219200003,97.808011808,789400.382,7894793.220382,0.07170168414427949
ResNet50_int, data/cell_cfgs/FeFET_HZO_15_2_9.cell,0.2876184,0.12139200000000001,5.2782192000000006,2402.4,0.923210071,42.742,79.3370104,42.742,0.733086,1001.0,39.946999999999996,50.58,78.928, 4, 15,FeFET_4MB_WriteLatency_1BPC-main_dnn_study.csv,1.5181129611532802,690.97444416,2407.6782192,97.808011808,79057.508,79136.565508,0.07170168414427949
ResNet50_int, data/cell_cfgs/FeFET_HZO_15_3_9.cell,0.2876184,0.1069056,5.2782192000000006,241.2264,0.923210071,42.742,79.322524,42.742,0.733086,100.51100000000001,39.946999999999996,44.544,78.928, 4, 15,FeFET_4MB_WriteLatency_1BPC-main_dnn_study.csv,1.5181129611532802,69.38115120576,246.5046192,97.808011808,7977.676208000001,801.8442133422882,0.07170168414427949
ResNet50_int, data/cell_cfgs/FeFET_HZO_15_4_9.cell,0.2876184,0.1120032,5.2782192000000006,241.2264,0.923210071,42.742,79.3276216,42.742,0.733086,100.51100000000001,39.946999999999996,46.668,78.928, 4, 15,FeFET_4MB_WriteLatency_1BPC-main_dnn_study.csv,1.5181129611532802,69.38115120576,246.5046192,97.808011808,7979.800208000001,802.0576987062882,0.07170168414427949
ResNet50_int, data/cell_cfgs/FeFET_HZO_15_5_9.cell,0.2876184,0.1120032,5.2782192000000006,121.2264,0.923210071,42.742,79.3276216,42.742,0.733086,50.511,39.946999999999996,46.668,78.928, 4, 15,FeFET_4MB_WriteLatency_1BPC-main_dnn_study.csv,1.5181129611532802,34.86694320576,126.5046192,97.808011808,4033.400208,203.731077906288,0.07170168414427949
ResNet50_int, data/cell_cfgs/FeFET_HZO_15_6_9.cell,0.2876184,0.1027344,5.2782192000000006,4802.4,0.923210071,42.742,79.3183528,42.742,0.733086,2001.0,39.946999999999996,42.806000000000004,78.928, 4, 15,FeFET_4MB_WriteLatency_1BPC-main_dnn_study.csv,1.5181129611532802,1381.2586041599998,4807.6782192,97.808011808,157977.734,316113.44573399995,0.07170168414427949
ResNet50_int, data/cell_cfgs/FeFET_HZO_15_7_9.cell,0.2876184,0.10470239999999999,5.2782192000000006,2402.4,0.923210071,42.742,79.32032079999999,42.742,0.733086,1001.0,39.946999999999996,43.626000000000005,78.928, 4, 15,FeFET_4MB_WriteLatency_1BPC-main_dnn_study.csv,1.5181129611532802,690.97444416,2407.6782192,97.808011808,79050.554,79129.604554,0.07170168414427949
ResNet50_int, data/cell_cfgs/FeFET_HZO_15_1_9.cell,0.031204799999999994,0.5160695999999999,165.24720000000005,24062.4,1.614,97.791,3.0142743999999997,97.791,22.951,10026.0,4.334,215.02900000000002,2.467, 16, 15,FeFET_16MB_ReadDynamicEnergy_1BPC-main_dnn_study.csv,5.156505826560001,750.8623795199999,24227.647200000003,60.954117,24949.171,250140.388446,1.398957939267
ResNet50_int, data/cell_cfgs/FeFET_HZO_15_2_9.cell,0.031248,3.2016,165.24720000000005,2462.4,1.614,97.791,5.699848,97.791,22.951,1026.0,4.34,1334.0,2.467, 16, 15,FeFET_16MB_ReadDynamicEnergy_1BPC-main_dnn_study.csv,5.1636445056000015,76.9450752,2627.6472000000003,60.960117,3865.1420000000003,3965.6356920000003,1.399095645267
ResNet50_int, data/cell_cfgs/FeFET_HZO_15_3_9.cell,0.031204799999999994,1.425492,165.24720000000005,301.8408,1.614,97.791,3.9236968,97.791,22.951,125.76700000000001,4.334,593.955,2.467, 16, 15,FeFET_16MB_ReadDynamicEnergy_1BPC-main_dnn_study.csv,5.156505826560001,9.418881795839999,467.0880000000001,60.954117,904.2221890000001,113.72131204396301,1.398957939267
ResNet50_int, data/cell_cfgs/FeFET_HZO_15_4_9.cell,0.031204799999999994,2.0507184,165.24720000000005,301.8408,1.614,97.791,4.548923199999999,97.791,22.951,125.76700000000001,4.334,854.466,2.467, 16, 15,FeFET_16MB_ReadDynamicEnergy_1BPC-main_dnn_study.csv,5.156505826560001,9.418881795839999,467.0880000000001,60.954117,1164.733189,146.484998980963,1.398957939267
ResNet50_int, data/cell_cfgs/FeFET_HZO_15_5_9.cell,0.031204799999999994,2.0507184,165.24720000000005,181.8408,1.614,97.791,4.548923199999999,97.791,22.951,75.767,4.334,854.466,2.467, 16, 15,FeFET_16MB_ReadDynamicEnergy_1BPC-main_dnn_study.csv,5.156505826560001,5.674305795839999,347.0880000000001,60.954117,1041.3831890000001,78.90248008096302,1.398957939267
ResNet50_int, data/cell_cfgs/FeFET_HZO_15_6_9.cell,0.031204799999999994,0.9139416,165.24720000000005,4862.399999999999,1.614,97.791,3.4121464,97.791,22.951,2026.0,4.334,380.809,2.467, 16, 15,FeFET_16MB_ReadDynamicEnergy_1BPC-main_dnn_study.csv,5.156505826560001,151.73021951999993,5027.6471999999985,60.954117,5378.951,10897.754726,1.398957939267
ResNet50_int, data/cell_cfgs/FeFET_HZO_15_7_9.cell,0.031204799999999994,1.1555064,165.24720000000005,2462.4,1.614,97.791,3.6537112,97.791,22.951,1026.0,4.334,481.461,2.467, 16, 15,FeFET_16MB_ReadDynamicEnergy_1BPC-main_dnn_study.csv,5.156505826560001,76.83869951999999,2627.6472000000003,60.954117,3012.603,3090.9306779999997,1.398957939267
ResNet50_int, data/cell_cfgs/FeFET_HZO_15_1_9.cell,0.0543024,0.26189520000000005,298.5768,24103.2,0.407742482,96.777,1.5491976000000003,96.777,41.468999999999994,10043.0,7.542000000000001,109.12299999999999,1.2329999999999999, 4, 15,FeFET_4MB_Area_1BPC-main_dnn_study.csv,16.21343682432,1308.8616076800001,24401.7768,58.67327699999999,12492.141999999998,125458.58210599997,2.433122123912999
ResNet50_int, data/cell_cfgs/FeFET_HZO_15_2_9.cell,0.054324000000000004,1.6051799999999998,298.5768,2503.2,0.407742482,96.777,2.892504,96.777,41.468999999999994,1043.0,7.545,668.825,1.2329999999999999, 4, 15,FeFET_4MB_Area_1BPC-main_dnn_study.csv,16.219886083200002,135.9838368,2801.7767999999996,58.67627699999999,1954.8439999999998,2038.902292,2.4332465309129994
ResNet50_int, data/cell_cfgs/FeFET_HZO_15_3_9.cell,0.0543024,0.7167648000000001,298.5768,342.0888,0.407742482,96.777,2.0040672,96.777,41.468999999999994,142.537,7.542000000000001,298.652,1.2329999999999999, 4, 15,FeFET_4MB_Area_1BPC-main_dnn_study.csv,16.21343682432,18.57624285312,640.6656,58.67327699999999,474.400121,67.61957004697702,2.433122123912999
ResNet50_int, data/cell_cfgs/FeFET_HZO_15_4_9.cell,0.0543024,1.0294871999999995,298.5768,342.0888,0.407742482,96.777,2.3167896,96.777,41.468999999999994,142.537,7.542000000000001,428.95300000000003,1.2329999999999999, 4, 15,FeFET_4MB_Area_1BPC-main_dnn_study.csv,16.21343682432,18.57624285312,640.6656,58.67327699999999,604.7011210000001,86.19228368397702,2.433122123912999
ResNet50_int, data/cell_cfgs/FeFET_HZO_15_5_9.cell,0.0543024,1.0294871999999995,298.5768,222.0888,0.407742482,96.777,2.3167896,96.777,41.468999999999994,92.537,7.542000000000001,428.95300000000003,1.2329999999999999, 4, 15,FeFET_4MB_Area_1BPC-main_dnn_study.csv,16.21343682432,12.059954853119999,520.6656,58.67327699999999,543.051121,50.252321583977,2.433122123912999
ResNet50_int, data/cell_cfgs/FeFET_HZO_15_6_9.cell,0.0543024,0.4609008,298.5768,4903.200000000002,0.407742482,96.777,1.7482032000000003,96.777,41.468999999999994,2043.0,7.542000000000001,192.042,1.2329999999999999, 4, 15,FeFET_4MB_Area_1BPC-main_dnn_study.csv,16.21343682432,266.2555276800001,5201.7768000000015,58.67327699999999,2711.0609999999997,5538.697623,2.433122123912999
ResNet50_int, data/cell_cfgs/FeFET_HZO_15_7_9.cell,0.0543024,0.5817264,298.5768,2503.2,0.407742482,96.777,1.8690288000000002,96.777,41.468999999999994,1043.0,7.542000000000001,242.386,1.2329999999999999, 4, 15,FeFET_4MB_Area_1BPC-main_dnn_study.csv,16.21343682432,135.92976768,2801.7767999999996,58.67327699999999,1528.4049999999997,1594.1264149999997,2.433122123912999
ResNet50_int, data/cell_cfgs/FeFET_HZO_15_1_9.cell,0.4526928,0.1545144,6.5745072,24002.4,1.951,40.445,158.4712072,40.445,0.913126,10001.0,62.873999999999995,64.381,157.864, 8, 15,FeFET_8MB_WriteLatency_1BPC-main_dnn_study.csv,2.97623207298816,10865.713662720002,24008.9745072,207.023722864,1578862.245,15790201.312245002,0.18903874396391288
ResNet50_int, data/cell_cfgs/FeFET_HZO_15_2_9.cell,0.4526928,0.17641679999999998,6.5745072,2402.4,1.951,40.445,158.4931096,40.445,0.913126,1001.0,62.873999999999995,73.507,157.864, 8, 15,FeFET_8MB_WriteLatency_1BPC-main_dnn_study.csv,2.97623207298816,1087.54918272,2408.9745072,207.023722864,158095.371,158253.46637100002,0.18903874396391288
ResNet50_int, data/cell_cfgs/FeFET_HZO_15_3_9.cell,0.4526928,0.1619328,6.5745072,241.4208,1.951,40.445,158.4786256,40.445,0.913126,100.59200000000001,62.873999999999995,67.472,157.864, 8, 15,FeFET_8MB_WriteLatency_1BPC-main_dnn_study.csv,2.97623207298816,109.28945793024,247.9953072,207.023722864,15947.327488000003,1604.1735666728966,0.18903874396391288
ResNet50_int, data/cell_cfgs/FeFET_HZO_15_4_9.cell,0.4526928,0.1670304,6.5745072,241.4208,1.951,40.445,158.4837232,40.445,0.913126,100.59200000000001,62.873999999999995,69.596,157.864, 8, 15,FeFET_8MB_WriteLatency_1BPC-main_dnn_study.csv,2.97623207298816,109.28945793024,247.9953072,207.023722864,15949.451488000002,1604.3872240808964,0.18903874396391288
ResNet50_int, data/cell_cfgs/FeFET_HZO_15_5_9.cell,0.4526928,0.1670304,6.5745072,121.4208,1.951,40.445,158.4837232,40.445,0.913126,50.592,62.873999999999995,69.596,157.864, 8, 15,FeFET_8MB_WriteLatency_1BPC-main_dnn_study.csv,2.97623207298816,54.96632193024,127.9953072,207.023722864,8056.251488,407.581875280896,0.18903874396391288
ResNet50_int, data/cell_cfgs/FeFET_HZO_15_6_9.cell,0.4526928,0.15775920000000002,6.5745072,4802.4,1.951,40.445,158.47445199999999,40.445,0.913126,2001.0,62.873999999999995,65.733,157.864, 8, 15,FeFET_8MB_WriteLatency_1BPC-main_dnn_study.csv,2.97623207298816,2174.01190272,4808.9745072,207.023722864,315951.597,632219.145597,0.18903874396391288
ResNet50_int, data/cell_cfgs/FeFET_HZO_15_7_9.cell,0.4526928,0.1597296,6.5745072,2402.4,1.951,40.445,158.4764224,40.445,0.913126,1001.0,62.873999999999995,66.554,157.864, 8, 15,FeFET_8MB_WriteLatency_1BPC-main_dnn_study.csv,2.97623207298816,1087.54918272,2408.9745072,207.023722864,158088.418,158246.506418,0.18903874396391288
ResNet50_int, data/cell_cfgs/FeFET_HZO_15_1_9.cell,0.05831280000000001,0.5189208000000001,321.8544,24112.8,3.223,97.95,5.5102336,97.95,44.702,10047.0,8.099,216.217,4.933, 32, 15,FeFET_32MB_ReadDynamicEnergy_1BPC-main_dnn_study.csv,18.768231256320004,1406.0848838400002,24434.6544,228.61396599999998,49778.06799999999,500120.24919599993,10.219501508131998
ResNet50_int, data/cell_cfgs/FeFET_HZO_15_2_9.cell,0.05839920000000001,3.2039999999999997,321.8544,2512.8,3.223,97.95,8.1953992,97.95,44.702,1047.0,8.111,1335.0,4.933, 32, 15,FeFET_32MB_ReadDynamicEnergy_1BPC-main_dnn_study.csv,18.796039476480004,146.74550976000003,2834.6544000000004,228.62596599999998,6499.851,6805.343997,10.220037932131998
ResNet50_int, data/cell_cfgs/FeFET_HZO_15_3_9.cell,0.05831280000000001,1.4283431999999998,321.8544,353.6112,3.223,97.95,6.419656,97.95,44.702,147.338,8.099,595.143,4.933, 32, 15,FeFET_32MB_ReadDynamicEnergy_1BPC-main_dnn_study.csv,18.768231256320004,20.620059183360006,675.4656,228.61396599999998,1321.961354,194.775141975652,10.219501508131998
ResNet50_int, data/cell_cfgs/FeFET_HZO_15_4_9.cell,0.05831280000000001,2.0535696000000003,321.8544,353.6112,3.223,97.95,7.0448824000000005,97.95,44.702,147.338,8.099,855.654,4.933, 32, 15,FeFET_32MB_ReadDynamicEnergy_1BPC-main_dnn_study.csv,18.768231256320004,20.620059183360006,675.4656,228.61396599999998,1582.472354,233.158311693652,10.219501508131998
ResNet50_int, data/cell_cfgs/FeFET_HZO_15_5_9.cell,0.05831280000000001,2.0535696000000003,321.8544,233.61120000000003,3.223,97.95,7.0448824000000005,97.95,44.702,97.338,8.099,855.654,4.933, 32, 15,FeFET_32MB_ReadDynamicEnergy_1BPC-main_dnn_study.csv,18.768231256320004,13.622523183360004,555.4656,228.61396599999998,1335.822354,130.026276293652,10.219501508131998
ResNet50_int, data/cell_cfgs/FeFET_HZO_15_6_9.cell,0.05831280000000001,0.9167928,321.8544,4912.800000000001,3.223,97.95,5.908105600000001,97.95,44.702,2047.0,8.099,381.99699999999996,4.933, 32, 15,FeFET_32MB_ReadDynamicEnergy_1BPC-main_dnn_study.csv,18.768231256320004,286.4791238400001,5234.654400000001,228.61396599999998,10479.847999999998,21452.248855999995,10.219501508131998
ResNet50_int, data/cell_cfgs/FeFET_HZO_15_7_9.cell,0.05831280000000001,1.1583576,321.8544,2512.8,3.223,97.95,6.1496704,97.95,44.702,1047.0,8.099,482.649,4.933, 32, 15,FeFET_32MB_ReadDynamicEnergy_1BPC-main_dnn_study.csv,18.768231256320004,146.52840384000004,2834.6544000000004,228.61396599999998,5647.5,5912.9325,10.219501508131998
