Benchmark Name,MemoryCellInputFile,Total Dynamic Read Energy (mJ),Total Dynamic Write Energy (mJ),Total Read Latency (ms),Total Write Latency (ms),Area (mm^2),Area Efficiency (percent),Total Power,Area Efficiency (percent),Read Latency (ns),Write Latency (ns),Read Energy (pJ),Write Energy (pJ),Leakage Power (mW),Capacity (MB),CellArea (F^2),Source,ReadEDP (mJ·ms),WriteEDP (mJ·ms),Total memory latency (ms),Read Energy per access (pJ),Write Energy per access (pJ),Read  Static Energy per access (pJ),Write Static Energy per access (pJ),WriteEDP per access (nJ·ns),ReadEDP per access (nj·ns)
ResNet50_int, data/cell_cfgs/SRAM_worst_case.cell,0.0422136,0.0111432,30.9456,10.2984,2.227,86.241,121.6233568,86.241,4.298,4.291,5.8629999999999995,4.643,121.57, 2, 146,SRAM_2MB_WriteEDP_1BPC-main_dnn_study.csv,1.3063251801599998,0.43473253824,41.244,528.37086,526.29987,522.5078599999999,521.65687,2.2583527421700005,2.27093795628
ResNet50_int, data/cell_cfgs/SRAM_best_case.cell,0.0422136,0.0111432,30.9456,10.2984,2.227,86.241,121.6233568,86.241,4.298,4.291,5.8629999999999995,4.643,121.57, 2, 146,SRAM_2MB_WriteEDP_1BPC-main_dnn_study.csv,1.3063251801599998,0.43473253824,41.244,528.37086,526.29987,522.5078599999999,521.65687,2.2583527421700005,2.27093795628
ResNet50_int, data/cell_cfgs/SRAM_worst_case.cell,0.0537696,0.0109536,32.5152,10.824000000000002,2.114,90.828,110.70972319999998,90.828,4.516,4.51,7.468,4.564,110.645, 2, 146,SRAM_2MB_WriteDynamicEnergy_1BPC-main_dnn_study.csv,1.74832929792,0.5820021504000001,43.339200000000005,507.14082,503.57295,499.67282,499.00894999999997,2.2711140045,2.29024794312
ResNet50_int, data/cell_cfgs/SRAM_best_case.cell,0.0537696,0.0109536,32.5152,10.824000000000002,2.114,90.828,110.70972319999998,90.828,4.516,4.51,7.468,4.564,110.645, 2, 146,SRAM_2MB_WriteDynamicEnergy_1BPC-main_dnn_study.csv,1.74832929792,0.5820021504000001,43.339200000000005,507.14082,503.57295,499.67282,499.00894999999997,2.2711140045,2.29024794312
ResNet50_int, data/cell_cfgs/SRAM_worst_case.cell,0.015350399999999998,0.0561192,37.8216,12.5904,2.109,91.059,110.5874696,91.059,5.252999999999999,5.246,2.1319999999999997,23.383000000000003,110.516, 2, 146,SRAM_2MB_ReadEDP_1BPC-main_dnn_study.csv,0.5805766886399999,0.19326767615999998,50.412,582.6725479999999,603.1499360000001,580.540548,579.7669360000001,3.164124564256001,3.0607788946439993
ResNet50_int, data/cell_cfgs/SRAM_best_case.cell,0.015350399999999998,0.0561192,37.8216,12.5904,2.109,91.059,110.5874696,91.059,5.252999999999999,5.246,2.1319999999999997,23.383000000000003,110.516, 2, 146,SRAM_2MB_ReadEDP_1BPC-main_dnn_study.csv,0.5805766886399999,0.19326767615999998,50.412,582.6725479999999,603.1499360000001,580.540548,579.7669360000001,3.164124564256001,3.0607788946439993
ResNet50_int, data/cell_cfgs/SRAM_worst_case.cell,0.5356584,0.0318816,19.1808,6.3768,2.083,92.198,107.93154000000001,92.198,2.6639999999999997,2.657,74.39699999999999,13.284,107.36399999999999, 2, 146,SRAM_2MB_ReadLatency_1BPC-main_dnn_study.csv,10.27435663872,3.41578648512,25.5576,360.41469599999994,298.550148,286.01769599999994,285.266148,0.7932477432359999,0.9601447501439998
ResNet50_int, data/cell_cfgs/SRAM_best_case.cell,0.5356584,0.0318816,19.1808,6.3768,2.083,92.198,107.93154000000001,92.198,2.6639999999999997,2.657,74.39699999999999,13.284,107.36399999999999, 2, 146,SRAM_2MB_ReadLatency_1BPC-main_dnn_study.csv,10.27435663872,3.41578648512,25.5576,360.41469599999994,298.550148,286.01769599999994,285.266148,0.7932477432359999,0.9601447501439998
ResNet50_int, data/cell_cfgs/SRAM_worst_case.cell,1.6525151999999999,0.0625992,654.552,218.1672,1.944,98.781,98.6891144,98.781,90.91,90.90299999999999,229.516,26.083000000000002,96.97399999999999, 2, 146,SRAM_2MB_Area_1BPC-main_dnn_study.csv,1081.6571291904,360.52461414144,872.7192,9045.42234,8841.310521999998,8815.90634,8815.227521999997,803.7016503813658,822.3193449293999
ResNet50_int, data/cell_cfgs/SRAM_best_case.cell,1.6525151999999999,0.0625992,654.552,218.1672,1.944,98.781,98.6891144,98.781,90.91,90.90299999999999,229.516,26.083000000000002,96.97399999999999, 2, 146,SRAM_2MB_Area_1BPC-main_dnn_study.csv,1081.6571291904,360.52461414144,872.7192,9045.42234,8841.310521999998,8815.90634,8815.227521999997,803.7016503813658,822.3193449293999
ResNet50_int, data/cell_cfgs/SRAM_worst_case.cell,1.1121912,0.07937280000000001,33.8256,11.2584,4.112,93.41,214.719564,93.41,4.698,4.691,154.471,33.071999999999996,213.528, 4, 146,SRAM_4MB_ReadLatency_1BPC-main_dnn_study.csv,37.620534654720004,12.521493406080001,45.084,1157.625544,1034.731848,1003.1545440000001,1001.6598479999999,4.853927098967999,5.438524805712
ResNet50_int, data/cell_cfgs/SRAM_best_case.cell,1.1121912,0.07937280000000001,33.8256,11.2584,4.112,93.41,214.719564,93.41,4.698,4.691,154.471,33.071999999999996,213.528, 4, 146,SRAM_4MB_ReadLatency_1BPC-main_dnn_study.csv,37.620534654720004,12.521493406080001,45.084,1157.625544,1034.731848,1003.1545440000001,1001.6598479999999,4.853927098967999,5.438524805712
ResNet50_int, data/cell_cfgs/SRAM_worst_case.cell,0.0281952,0.10861199999999999,72.0432,24.0,4.098,93.719,209.6068072,93.719,10.006,10.0,3.9160000000000004,45.255,209.47, 4, 146,SRAM_4MB_ReadDynamicEnergy_1BPC-main_dnn_study.csv,2.03127243264,0.6766848,96.0432,2099.87282,2139.955,2095.95682,2094.7,21.39955,21.011327436920002
ResNet50_int, data/cell_cfgs/SRAM_best_case.cell,0.0281952,0.10861199999999999,72.0432,24.0,4.098,93.719,209.6068072,93.719,10.006,10.0,3.9160000000000004,45.255,209.47, 4, 146,SRAM_4MB_ReadDynamicEnergy_1BPC-main_dnn_study.csv,2.03127243264,0.6766848,96.0432,2099.87282,2139.955,2095.95682,2094.7,21.39955,21.011327436920002
ResNet50_int, data/cell_cfgs/SRAM_worst_case.cell,1.6872048,0.2256456,552.9744000000002,184.308,3.874,99.13,194.5488504,99.13,76.80199999999999,76.795,234.334,94.01899999999999,192.636, 4, 146,SRAM_4MB_Area_1BPC-main_dnn_study.csv,932.9810619571202,310.9653422784,737.2824000000002,15029.164072,14887.50062,14794.830071999999,14793.48162,1143.2856101129003,1154.2698590577438
ResNet50_int, data/cell_cfgs/SRAM_best_case.cell,1.6872048,0.2256456,552.9744000000002,184.308,3.874,99.13,194.5488504,99.13,76.80199999999999,76.795,234.334,94.01899999999999,192.636, 4, 146,SRAM_4MB_Area_1BPC-main_dnn_study.csv,932.9810619571202,310.9653422784,737.2824000000002,15029.164072,14887.50062,14794.830071999999,14793.48162,1143.2856101129003,1154.2698590577438
ResNet50_int, data/cell_cfgs/SRAM_worst_case.cell,0.23131440000000006,0.039484800000000014,109.0152,36.3216,34.777,88.352,2.1607992,88.352,15.140999999999998,15.134,32.126999999999995,16.452,1.89, 32, 146,SRAM_32MB_WriteEDP_1BPC-main_dnn_study.csv,25.216785578880003,8.40170911104,145.33679999999998,60.743489999999994,45.055260000000004,28.616489999999995,28.60326,0.6818663048400001,0.9197171820899999
ResNet50_int, data/cell_cfgs/SRAM_best_case.cell,0.23131440000000006,0.039484800000000014,109.0152,36.3216,34.777,88.352,2.1607992,88.352,15.140999999999998,15.134,32.126999999999995,16.452,1.89, 32, 146,SRAM_32MB_WriteEDP_1BPC-main_dnn_study.csv,25.216785578880003,8.40170911104,145.33679999999998,60.743489999999994,45.055260000000004,28.616489999999995,28.60326,0.6818663048400001,0.9197171820899999
ResNet50_int, data/cell_cfgs/SRAM_worst_case.cell,0.06675120000000001,0.22266479999999997,140.4936,46.8144,33.646,91.323,2.1594160000000002,91.323,19.512999999999998,19.506,9.271,92.777,1.87, 32, 146,SRAM_32MB_ReadEDP_1BPC-main_dnn_study.csv,9.37811639232,3.1249173772800005,187.308,45.76031,129.25322,36.489309999999996,36.476220000000005,2.52121330932,0.89292092903
ResNet50_int, data/cell_cfgs/SRAM_best_case.cell,0.06675120000000001,0.22266479999999997,140.4936,46.8144,33.646,91.323,2.1594160000000002,91.323,19.512999999999998,19.506,9.271,92.777,1.87, 32, 146,SRAM_32MB_ReadEDP_1BPC-main_dnn_study.csv,9.37811639232,3.1249173772800005,187.308,45.76031,129.25322,36.489309999999996,36.476220000000005,2.52121330932,0.89292092903
ResNet50_int, data/cell_cfgs/SRAM_worst_case.cell,0.10910879999999999,0.0186528,58.3704,19.44,4.229,90.819,221.64676160000002,90.819,8.107000000000001,8.1,15.154000000000002,7.772,221.519, 4, 146,SRAM_4MB_WriteDynamicEnergy_1BPC-main_dnn_study.csv,6.368724299519999,2.121075072,77.8104,1811.0085330000002,1802.0758999999998,1795.8545330000002,1794.3038999999999,14.596814789999998,14.681846177031005
ResNet50_int, data/cell_cfgs/SRAM_best_case.cell,0.10910879999999999,0.0186528,58.3704,19.44,4.229,90.819,221.64676160000002,90.819,8.107000000000001,8.1,15.154000000000002,7.772,221.519, 4, 146,SRAM_4MB_WriteDynamicEnergy_1BPC-main_dnn_study.csv,6.368724299519999,2.121075072,77.8104,1811.0085330000002,1802.0758999999998,1795.8545330000002,1794.3038999999999,14.596814789999998,14.681846177031005
ResNet50_int, data/cell_cfgs/SRAM_worst_case.cell,0.5356584,0.0318816,19.1808,6.3768,2.083,92.198,107.93154000000001,92.198,2.6639999999999997,2.657,74.39699999999999,13.284,107.36399999999999, 2, 146,SRAM_2MB_WriteLatency_1BPC-main_dnn_study.csv,10.27435663872,3.41578648512,25.5576,360.41469599999994,298.550148,286.01769599999994,285.266148,0.7932477432359999,0.9601447501439998
ResNet50_int, data/cell_cfgs/SRAM_best_case.cell,0.5356584,0.0318816,19.1808,6.3768,2.083,92.198,107.93154000000001,92.198,2.6639999999999997,2.657,74.39699999999999,13.284,107.36399999999999, 2, 146,SRAM_2MB_WriteLatency_1BPC-main_dnn_study.csv,10.27435663872,3.41578648512,25.5576,360.41469599999994,298.550148,286.01769599999994,285.266148,0.7932477432359999,0.9601447501439998
ResNet50_int, data/cell_cfgs/SRAM_worst_case.cell,0.31250159999999993,0.0368184,128.67119999999997,42.87599999999999,32.443,94.708,1.98932,94.708,17.871,17.865,43.403,15.341,1.64, 32, 146,SRAM_32MB_WriteDynamicEnergy_1BPC-main_dnn_study.csv,40.20995587391998,13.398818601599995,171.54719999999998,72.71144,44.639599999999994,29.308439999999997,29.298599999999997,0.7974864539999998,1.2994261442399997
ResNet50_int, data/cell_cfgs/SRAM_best_case.cell,0.31250159999999993,0.0368184,128.67119999999997,42.87599999999999,32.443,94.708,1.98932,94.708,17.871,17.865,43.403,15.341,1.64, 32, 146,SRAM_32MB_WriteDynamicEnergy_1BPC-main_dnn_study.csv,40.20995587391998,13.398818601599995,171.54719999999998,72.71144,44.639599999999994,29.308439999999997,29.298599999999997,0.7974864539999998,1.2994261442399997
ResNet50_int, data/cell_cfgs/SRAM_worst_case.cell,0.015350399999999998,0.0561192,37.8216,12.5904,2.109,91.059,110.5874696,91.059,5.252999999999999,5.246,2.1319999999999997,23.383000000000003,110.516, 2, 146,SRAM_2MB_ReadDynamicEnergy_1BPC-main_dnn_study.csv,0.5805766886399999,0.19326767615999998,50.412,582.6725479999999,603.1499360000001,580.540548,579.7669360000001,3.164124564256001,3.0607788946439993
ResNet50_int, data/cell_cfgs/SRAM_best_case.cell,0.015350399999999998,0.0561192,37.8216,12.5904,2.109,91.059,110.5874696,91.059,5.252999999999999,5.246,2.1319999999999997,23.383000000000003,110.516, 2, 146,SRAM_2MB_ReadDynamicEnergy_1BPC-main_dnn_study.csv,0.5805766886399999,0.19326767615999998,50.412,582.6725479999999,603.1499360000001,580.540548,579.7669360000001,3.164124564256001,3.0607788946439993
ResNet50_int, data/cell_cfgs/SRAM_worst_case.cell,0.086076,0.019152,56.0664,18.672,4.456,86.201,243.71622799999997,86.201,7.787000000000001,7.78,11.955,7.98,243.611, 4, 146,SRAM_4MB_WriteEDP_1BPC-main_dnn_study.csv,4.8259714464000005,1.6072110720000001,74.7384,1908.953857,1903.27358,1896.998857,1895.29358,14.8074684524,14.865023684459002
ResNet50_int, data/cell_cfgs/SRAM_best_case.cell,0.086076,0.019152,56.0664,18.672,4.456,86.201,243.71622799999997,86.201,7.787000000000001,7.78,11.955,7.98,243.611, 4, 146,SRAM_4MB_WriteEDP_1BPC-main_dnn_study.csv,4.8259714464000005,1.6072110720000001,74.7384,1908.953857,1903.27358,1896.998857,1895.29358,14.8074684524,14.865023684459002
ResNet50_int, data/cell_cfgs/SRAM_worst_case.cell,0.0292032,0.11004480000000001,65.59199999999998,21.849599999999995,4.324,88.83,236.434248,88.83,9.11,9.104,4.056,45.852,236.295, 4, 146,SRAM_4MB_ReadEDP_1BPC-main_dnn_study.csv,1.9154962943999994,0.6380782387199998,87.44159999999998,2156.70345,2197.08168,2152.64745,2151.22968,20.002231614719996,19.647568429499998
ResNet50_int, data/cell_cfgs/SRAM_best_case.cell,0.0292032,0.11004480000000001,65.59199999999998,21.849599999999995,4.324,88.83,236.434248,88.83,9.11,9.104,4.056,45.852,236.295, 4, 146,SRAM_4MB_ReadEDP_1BPC-main_dnn_study.csv,1.9154962943999994,0.6380782387199998,87.44159999999998,2156.70345,2197.08168,2152.64745,2151.22968,20.002231614719996,19.647568429499998
ResNet50_int, data/cell_cfgs/SRAM_worst_case.cell,1.1121912,0.07937280000000001,33.8256,11.2584,4.112,93.41,214.719564,93.41,4.698,4.691,154.471,33.071999999999996,213.528, 4, 146,SRAM_4MB_WriteLatency_1BPC-main_dnn_study.csv,37.620534654720004,12.521493406080001,45.084,1157.625544,1034.731848,1003.1545440000001,1001.6598479999999,4.853927098967999,5.438524805712
ResNet50_int, data/cell_cfgs/SRAM_best_case.cell,1.1121912,0.07937280000000001,33.8256,11.2584,4.112,93.41,214.719564,93.41,4.698,4.691,154.471,33.071999999999996,213.528, 4, 146,SRAM_4MB_WriteLatency_1BPC-main_dnn_study.csv,37.620534654720004,12.521493406080001,45.084,1157.625544,1034.731848,1003.1545440000001,1001.6598479999999,4.853927098967999,5.438524805712
ResNet50_int, data/cell_cfgs/SRAM_worst_case.cell,1.963116,0.6144768,105.336,35.0976,36.428,84.348,4.4975928,84.348,14.63,14.624,272.655,256.032,1.92, 32, 146,SRAM_32MB_WriteLatency_1BPC-main_dnn_study.csv,206.786786976,68.9006601216,140.4336,300.7446,284.11008,28.0896,28.07808,4.15482580992,4.399893498000001
ResNet50_int, data/cell_cfgs/SRAM_best_case.cell,1.963116,0.6144768,105.336,35.0976,36.428,84.348,4.4975928,84.348,14.63,14.624,272.655,256.032,1.92, 32, 146,SRAM_32MB_WriteLatency_1BPC-main_dnn_study.csv,206.786786976,68.9006601216,140.4336,300.7446,284.11008,28.0896,28.07808,4.15482580992,4.399893498000001
ResNet50_int, data/cell_cfgs/SRAM_worst_case.cell,12.9744,0.244344,2518.9776,839.6424000000002,30.86,99.565,14.748743999999999,99.565,349.858,349.851,1802.0,101.81,1.53, 32, 146,SRAM_32MB_Area_1BPC-main_dnn_study.csv,32682.22297344,10893.85635456,3358.6200000000003,2337.28274,637.08203,535.28274,535.27203,222.88378527753,817.71706485092
ResNet50_int, data/cell_cfgs/SRAM_best_case.cell,12.9744,0.244344,2518.9776,839.6424000000002,30.86,99.565,14.748743999999999,99.565,349.858,349.851,1802.0,101.81,1.53, 32, 146,SRAM_32MB_Area_1BPC-main_dnn_study.csv,32682.22297344,10893.85635456,3358.6200000000003,2337.28274,637.08203,535.28274,535.27203,222.88378527753,817.71706485092
ResNet50_int, data/cell_cfgs/SRAM_worst_case.cell,1.963116,0.6144768,105.336,35.0976,36.428,84.348,4.4975928,84.348,14.63,14.624,272.655,256.032,1.92, 32, 146,SRAM_32MB_ReadLatency_1BPC-main_dnn_study.csv,206.786786976,68.9006601216,140.4336,300.7446,284.11008,28.0896,28.07808,4.15482580992,4.399893498000001
ResNet50_int, data/cell_cfgs/SRAM_best_case.cell,1.963116,0.6144768,105.336,35.0976,36.428,84.348,4.4975928,84.348,14.63,14.624,272.655,256.032,1.92, 32, 146,SRAM_32MB_ReadLatency_1BPC-main_dnn_study.csv,206.786786976,68.9006601216,140.4336,300.7446,284.11008,28.0896,28.07808,4.15482580992,4.399893498000001
ResNet50_int, data/cell_cfgs/SRAM_worst_case.cell,0.0637992,0.21668400000000002,181.476,60.4776,32.269,95.219,1.9004832,95.219,25.205,25.199,8.861,90.285,1.62, 32, 146,SRAM_32MB_ReadDynamicEnergy_1BPC-main_dnn_study.csv,11.5780236192,3.8584224979200004,241.9536,49.6931,131.10738,40.8321,40.82238,3.30377486862,1.2525145855
ResNet50_int, data/cell_cfgs/SRAM_best_case.cell,0.0637992,0.21668400000000002,181.476,60.4776,32.269,95.219,1.9004832,95.219,25.205,25.199,8.861,90.285,1.62, 32, 146,SRAM_32MB_ReadDynamicEnergy_1BPC-main_dnn_study.csv,11.5780236192,3.8584224979200004,241.9536,49.6931,131.10738,40.8321,40.82238,3.30377486862,1.2525145855
