M,N,K,shape_class,dtype,latency_us_wallclock,latency_us_device,program_us,host_us,cycles_compute,status
592,308,8,r0,bf16,111.8500,1.9005,16.6300,95.2200,2921,ok
7,48,7,r0,bf16,111.0400,0.9577,12.8584,98.1816,388,ok
374,10,10,r0,bf16,111.8999,1.1945,13.1691,98.7308,755,ok
82,959,12,r0,bf16,112.8500,1.4421,18.1318,94.7182,3711,ok
8,303,20,r0,bf16,112.5301,1.0496,12.7588,99.7713,1169,ok
7,970,118,r0,bf16,111.5910,1.1272,14.0057,97.5853,3111,ok
457,916,5,r0,bf16,116.0511,2.5357,15.0866,100.9644,6711,ok
249,894,28,r0,bf16,109.3800,1.9010,14.3479,95.0321,4416,ok
35,2,8,r0,bf16,109.8200,0.9734,13.9459,95.8742,416,ok
101,995,109,r0,bf16,112.5799,1.5818,16.2250,96.3549,3863,ok
37,694,4,r0,bf16,112.6300,1.2757,13.9738,98.6562,2513,ok
440,63,1,r0,bf16,111.4700,2.2423,14.8457,96.6243,821,ok
231,20,55,r0,bf16,119.7500,1.1137,15.5407,104.2094,612,ok
156,1,11,r0,bf16,112.1800,2.0408,15.6686,96.5114,537,ok
706,6,5,r0,bf16,111.6301,1.2023,14.6764,96.9536,1087,ok
721,4,16,r0,bf16,118.9200,1.0518,13.8352,105.0848,1102,ok
6,1502,49,r0,bf16,110.9691,1.0976,14.5023,96.4667,4655,ok
30,2,5,r0,bf16,108.5300,0.9443,12.6526,95.8774,411,ok
47,1156,2,r0,bf16,109.5600,1.3763,15.2763,94.2837,4289,ok
65,209,14,r0,bf16,107.7401,1.3468,16.1084,91.6316,893,ok
472,59,107,r0,bf16,108.8399,1.3041,18.7905,90.0494,853,ok
96,85,9,r0,bf16,109.2200,1.1926,17.6779,91.5422,477,ok
91,18,16,r0,bf16,110.8310,1.1280,15.9213,94.9097,472,ok
9,4,2,r0,bf16,109.8800,1.0461,16.6557,93.2243,390,ok
103,143,10,r0,bf16,112.8800,1.3291,16.0182,96.8618,969,ok
2,307,70,r0,bf16,109.1500,1.0548,16.3675,92.7825,1151,ok
1076,584,78,r0,bf16,111.7000,3.3889,18.9750,92.7250,7289,ok
1073,60,7,r0,bf16,111.6400,1.4246,15.0123,96.6276,1454,ok
207,8,51,r0,bf16,110.5200,1.1332,17.4427,93.0773,588,ok
615,868,17,r0,bf16,111.3300,2.9715,17.4309,93.8991,6978,ok
1313,80,9,r0,bf16,114.6300,1.5577,16.2999,98.3301,1694,ok
147,1866,86,r0,bf16,109.5299,1.8580,20.4546,89.0753,7934,ok
402,2,20,r0,bf16,112.4600,1.0850,16.3249,96.1351,783,ok
40,117,60,r0,bf16,110.2600,1.1227,15.2766,94.9834,421,ok
6,252,2,r0,bf16,109.2200,1.1593,15.6582,93.5618,775,ok
5,406,5,r0,bf16,110.3800,1.1128,17.1638,93.2162,1547,ok
477,2,2,r0,bf16,110.8099,1.1448,16.6923,94.1176,858,ok
195,1,16,r0,bf16,106.7000,2.0435,15.4139,91.2861,576,ok
972,57,27,r0,bf16,109.3601,1.4414,16.4025,92.9576,1353,ok
1,122,19,r0,bf16,108.0299,1.3635,16.1956,91.8344,382,ok
78,19,6,r0,bf16,111.5600,1.1177,15.8173,95.7427,459,ok
1657,1,1,r0,bf16,108.1500,0.9405,15.2632,92.8867,2038,ok
1430,4,2,r0,bf16,109.5301,1.1707,17.1816,92.3484,1811,ok
5,426,94,r0,bf16,110.1200,1.0853,16.1676,93.9524,1547,ok
1,25,2,r0,bf16,107.5900,1.2322,14.7318,92.8582,382,ok
7,5,23,r0,bf16,116.3699,0.9607,15.6275,100.7424,388,ok
14,4,12,r0,bf16,109.6100,0.9546,16.1191,93.4909,395,ok
1,2,121,r0,bf16,106.7700,1.4041,16.1580,90.6119,382,ok
5,15,35,r0,bf16,109.1999,0.9638,15.9997,93.2002,386,ok
566,1037,2,r0,bf16,112.9900,3.2852,18.3702,94.6199,8531,ok
162,1491,1,r0,bf16,110.1490,3.8787,18.0038,92.1453,6527,ok
166,597,5,r0,bf16,110.7589,1.6276,18.6198,92.1391,2739,ok
7,91,9,r0,bf16,110.4700,0.9582,15.9819,94.4880,388,ok
4,35,7,r0,bf16,109.1800,0.9456,15.7593,93.4207,385,ok
74,47,5,r0,bf16,108.2300,1.1678,16.0579,92.1722,455,ok
15,563,3,r0,bf16,112.1300,1.1928,18.0784,94.0516,1984,ok
69,1,37,r0,bf16,108.7900,1.3866,15.1141,93.6759,450,ok
13,1,4,r0,bf16,122.4800,1.3059,15.9893,106.4907,394,ok
6,1347,6,r0,bf16,123.8700,1.0715,18.0129,105.8571,4267,ok
9,15,99,r0,bf16,108.7401,1.0782,15.2245,93.5156,390,ok
120,109,32,r0,bf16,113.5500,1.2356,16.1538,97.3962,501,ok
19,23,24,r0,bf16,110.6401,1.1427,15.9193,94.7208,400,ok
1,4,5,r0,bf16,110.8301,1.4262,19.3827,91.4474,382,ok
6,124,6,r0,bf16,110.5700,0.9625,15.8094,94.7606,387,ok
749,73,7,r0,bf16,109.3600,1.4161,16.8643,92.4956,1130,ok
21,202,8,r0,bf16,109.3700,1.2004,16.1207,93.2493,805,ok
149,1,9,r0,bf16,110.2500,2.0019,15.8759,94.3741,530,ok
7,3,13,r0,bf16,112.2199,0.9461,15.7910,96.4289,388,ok
40,70,39,r0,bf16,108.1701,1.1757,15.7986,92.3715,421,ok
798,42,5,r0,bf16,108.9100,1.2919,17.4145,91.4956,1179,ok
34,453,70,r0,bf16,109.2909,1.1907,15.6914,93.5995,1663,ok
465,4,128,r0,bf16,108.6111,1.0943,16.2870,92.3241,846,ok
120,2,34,r0,bf16,107.8300,0.9636,18.0173,89.8127,501,ok
1738,21,27,r0,bf16,108.4100,1.2227,16.2675,92.1425,2119,ok
11,5,32,r0,bf16,110.2999,0.9547,15.2854,95.0145,392,ok
1,503,13,r0,bf16,108.9900,2.0936,16.6782,92.3118,1531,ok
2,2,23,r0,bf16,107.6499,0.9171,15.1953,92.4546,383,ok
739,8,115,r0,bf16,109.2800,1.1286,17.9886,91.2914,1120,ok
2,636,7,r0,bf16,108.8500,1.0657,15.4704,93.3796,1919,ok
2,8,9,r0,bf16,110.1401,0.9483,15.6911,94.4490,383,ok
399,673,2,r0,bf16,110.6689,2.1866,18.5191,92.1499,4685,ok
51,137,5,r0,bf16,111.4690,1.2428,15.6196,95.8493,865,ok
729,8,1,r0,bf16,107.9910,2.2314,15.5156,92.4755,1110,ok
1,172,15,r0,bf16,107.1700,1.9981,15.1375,92.0324,765,ok
1281,1206,83,r0,bf16,120.3400,6.1211,20.4434,99.8966,16629,ok
1,288,30,r0,bf16,108.2300,2.1116,16.4556,91.7745,1148,ok
142,218,80,r0,bf16,108.9401,1.1641,15.3132,93.6269,1047,ok
126,17,14,r0,bf16,119.2000,1.1145,15.6140,103.5860,507,ok
5,85,1,r0,bf16,115.4001,1.2189,17.3180,98.0820,386,ok
3,12,46,r0,bf16,110.8500,0.9894,15.9009,94.9491,384,ok
229,13,20,r0,bf16,108.8100,1.0873,18.2023,90.6077,610,ok
1,3,117,r0,bf16,106.9701,1.4325,14.5934,92.3767,382,ok
9,20,14,r0,bf16,109.4800,1.0432,16.0618,93.4182,390,ok
9,37,3,r0,bf16,109.9600,1.0855,15.3759,94.5841,390,ok
1,4,13,r0,bf16,108.7090,1.4283,15.1843,93.5247,382,ok
2,21,5,r0,bf16,117.7200,0.9788,16.9705,100.7495,383,ok
23,2,82,r0,bf16,108.3290,0.9482,15.7661,92.5629,404,ok
36,576,114,r0,bf16,116.6511,1.2484,15.1486,101.5025,2089,ok
13,37,30,r0,bf16,109.1600,0.9987,16.2598,92.9001,394,ok
25,10,35,r0,bf16,109.5200,1.0245,15.3732,94.1468,406,ok
864,1046,21,r0,bf16,113.0500,3.9714,19.3800,93.6700,11213,ok
17,1584,22,r0,bf16,109.9400,1.2041,15.8582,94.0817,5186,ok
2,2,38,r0,bf16,108.9800,0.9168,15.5565,93.4235,383,ok
2,1,7,r0,bf16,111.1401,2.1268,17.0553,94.0847,383,ok
51,30,11,r0,bf16,108.5600,1.1227,16.1591,92.4008,432,ok
83,170,8,r0,bf16,110.4000,1.3343,15.6384,94.7616,929,ok
16,1760,4,r0,bf16,111.1099,1.2735,15.8250,95.2849,5571,ok
356,26,6,r0,bf16,109.5000,1.2326,15.7150,93.7850,737,ok
2,685,30,r0,bf16,109.3890,1.0770,15.3250,94.0640,2303,ok
922,30,27,r0,bf16,112.8400,1.2946,15.9377,96.9023,1303,ok
2,20,3,r0,bf16,107.9800,0.9430,15.8202,92.1598,383,ok
1,1296,3,r0,bf16,108.8900,2.0996,15.9841,92.9059,4212,ok
3,4,6,r0,bf16,111.8999,0.9634,15.5873,96.3126,384,ok
62,3,121,r0,bf16,107.9700,0.9694,15.0454,92.9246,443,ok
1688,3,7,r0,bf16,114.2899,1.1013,17.4339,96.8560,2069,ok
171,761,11,r0,bf16,108.6800,1.6494,15.5927,93.0873,3317,ok
1026,11,11,r0,bf16,108.9100,1.2120,16.4437,92.4663,1407,ok
43,159,3,r0,bf16,115.5999,1.2457,18.0796,97.5204,849,ok
100,5,5,r0,bf16,109.0399,1.0891,20.7656,88.2744,481,ok
1447,895,53,r0,bf16,112.3700,4.5934,19.2406,93.1294,12802,ok
1,3,3,r0,bf16,106.3900,1.2383,14.7888,91.6012,382,ok
376,583,17,r0,bf16,115.6600,1.9979,17.2284,98.4316,3789,ok
228,446,1,r0,bf16,111.2700,3.6359,18.1138,93.1562,2439,ok
2,713,1,r0,bf16,108.4700,2.7194,17.9907,90.4792,2303,ok
5,1,1,r0,bf16,106.7910,0.5293,15.8484,90.9426,386,ok
590,12,2,r0,bf16,108.9401,1.2125,15.6251,93.3149,971,ok
3,143,110,r0,bf16,107.9801,1.0919,16.1134,91.8667,769,ok
46,909,11,r0,bf16,108.8099,1.3491,21.6353,87.1746,3423,ok
77,169,50,r0,bf16,112.3400,1.3188,15.8646,96.4754,917,ok
308,1787,37,r0,bf16,111.2201,2.9087,19.7639,91.4561,9659,ok
942,5,13,r0,bf16,110.4510,1.0688,14.5623,95.8887,1323,ok
92,514,10,r0,bf16,111.1400,1.4224,16.4157,94.7242,2369,ok
396,19,17,r0,bf16,113.2999,1.2634,11.2796,102.0203,777,ok
624,417,24,r0,bf16,111.8110,1.9830,14.0075,97.8035,4023,ok
1,4,12,r0,bf16,107.0300,1.4189,15.9689,91.0611,382,ok
7,2,65,r0,bf16,110.3290,0.9375,16.0736,94.2554,388,ok
1247,10,7,r0,bf16,107.9290,1.2732,16.1020,91.8270,1628,ok
457,2,22,r0,bf16,109.9000,1.0585,17.6765,92.2236,838,ok
3,9,56,r0,bf16,111.0489,0.9727,15.8480,95.2009,384,ok
2,1,8,r0,bf16,107.4700,2.1343,16.9263,90.5437,383,ok
41,683,32,r0,bf16,113.1800,1.3343,17.0229,96.1572,2537,ok
163,3,120,r0,bf16,108.8000,1.1057,16.4848,92.3152,544,ok
22,102,7,r0,bf16,108.6100,1.1261,16.0947,92.5153,403,ok
1,35,2,r0,bf16,106.7109,1.2197,15.8971,90.8138,382,ok
1,106,21,r0,bf16,107.1700,1.3859,15.2256,91.9444,382,ok
2,64,5,r0,bf16,111.8500,0.9300,15.4588,96.3912,383,ok
18,354,11,r0,bf16,108.5000,1.2841,15.1071,93.3929,1199,ok
783,101,10,r0,bf16,110.9891,1.4723,15.4530,95.5361,1164,ok
119,13,2,r0,bf16,109.5500,1.0837,18.5236,91.0264,500,ok
174,110,46,r0,bf16,109.3199,1.4075,19.0559,90.2640,555,ok
2227,986,48,r1,bf16,114.8301,6.7040,21.1211,93.7090,20871,ok
5578,732,27,r1,bf16,125.2100,11.1127,25.8457,99.3644,35759,ok
4928,51,45,r1,bf16,114.0600,1.9808,16.7048,97.3552,5309,ok
2393,370,9,r1,bf16,112.2101,3.8495,18.8052,93.4048,8324,ok
4630,31,46,r1,bf16,113.1500,1.5384,16.9022,96.2478,5011,ok
2097,1,93,r1,bf16,111.1500,2.8310,16.9361,94.2139,2478,ok
3381,909,98,r1,bf16,118.8000,9.2693,24.5428,94.2571,30103,ok
4169,75,3,r1,bf16,109.4000,2.1968,18.9850,90.4151,4550,ok
2142,490,75,r1,bf16,112.8201,4.3265,18.0116,94.8085,10095,ok
4754,197,8,r1,bf16,110.5800,4.0365,17.9100,92.6700,10271,ok
2740,2,8,r1,bf16,109.4399,1.0697,15.8739,93.5661,3121,ok
3710,1072,94,r1,bf16,117.3700,10.4460,24.9216,92.4484,36827,ok
3115,2,43,r1,bf16,107.7000,1.1043,17.5623,90.1377,3496,ok
4511,1,9,r1,bf16,109.1000,2.6094,17.5425,91.5575,4892,ok
4267,1,87,r1,bf16,110.1800,3.3164,17.1050,93.0750,4648,ok
5880,236,1,r1,bf16,116.4000,6.4516,21.8360,94.5639,12523,ok
2085,15,1,r1,bf16,109.2290,2.3562,16.5541,92.6749,2466,ok
2879,1,113,r1,bf16,110.7400,3.3048,20.5093,90.2307,3260,ok
4978,2,76,r1,bf16,108.3100,1.2284,15.8097,92.5004,5359,ok
2446,5,26,r1,bf16,108.8800,1.1181,16.0262,92.8538,2827,ok
5718,3,1,r1,bf16,109.2800,2.5945,18.6396,90.6404,6099,ok
2951,1,19,r1,bf16,107.1111,2.4092,17.2106,89.9005,3332,ok
5216,4,2,r1,bf16,107.3000,1.2625,16.0932,91.2068,5597,ok
2867,1410,2,r1,bf16,116.5100,10.3783,27.9525,88.5575,38987,ok
5909,15,10,r1,bf16,109.0490,1.4789,15.6034,93.4456,6290,ok
2700,1194,104,r1,bf16,117.6200,9.5157,23.2641,94.3559,30819,ok
4024,4,124,r1,bf16,108.8710,1.2645,16.0471,92.8239,4405,ok
2164,81,2,r1,bf16,109.5399,1.7930,18.9682,90.5717,2545,ok
5455,1273,50,r1,bf16,123.1901,16.1761,30.8388,92.3514,58369,ok
2774,6,39,r1,bf16,110.3800,1.1500,15.6914,94.6886,3155,ok
2695,24,1,r1,bf16,110.1099,2.4025,17.4422,92.6677,3076,ok
2240,1,1,r1,bf16,107.6601,0.9342,16.5921,91.0679,2621,ok
2092,24,14,r1,bf16,109.0299,1.4052,19.2614,89.7685,2473,ok
4546,3,8,r1,bf16,111.2500,1.1314,15.1371,96.1128,4927,ok
4029,2,9,r1,bf16,111.7400,1.1166,15.9805,95.7595,4410,ok
2951,1305,1,r1,bf16,120.5091,11.5482,23.0562,97.4528,36662,ok
3089,23,34,r1,bf16,108.3500,1.3202,16.5361,91.8139,3470,ok
2789,5,4,r1,bf16,115.7901,1.2445,16.0645,99.7256,3170,ok
3321,1318,48,r1,bf16,123.5501,12.0716,28.4573,95.0927,40732,ok
2651,68,28,r1,bf16,112.8099,1.8382,17.7040,95.1060,3032,ok
4845,29,7,r1,bf16,111.7900,1.6398,14.6400,97.1500,5226,ok
4690,26,3,r1,bf16,112.6199,1.6136,19.6806,92.9394,5071,ok
3254,1193,2,r1,bf16,119.3200,10.7154,28.0757,91.2443,36359,ok
3289,124,10,r1,bf16,113.0000,2.5699,23.7204,89.2797,3670,ok
2434,1,30,r1,bf16,114.6600,2.4956,16.3048,98.3552,2815,ok
3944,1,4,r1,bf16,109.7000,2.3565,17.0035,92.6965,4325,ok
4695,116,14,r1,bf16,117.7700,2.8445,17.9536,99.8165,5076,ok
2304,208,10,r1,bf16,110.7000,2.6552,17.4520,93.2481,5371,ok
4226,313,3,r1,bf16,123.7900,5.2087,20.5816,103.2084,13823,ok
4659,8,118,r1,bf16,108.9000,1.3634,16.0539,92.8461,5040,ok
2211,797,1,r1,bf16,114.1301,7.2840,20.7488,93.3813,18150,ok
2589,53,17,r1,bf16,128.4300,1.6141,18.6628,109.7671,2970,ok
3045,2,3,r1,bf16,112.1300,1.0812,16.2114,95.9185,3426,ok
2671,302,82,r1,bf16,116.2800,3.6887,20.8262,95.4538,9158,ok
3839,1,47,r1,bf16,112.3600,2.9273,18.0380,94.3219,4220,ok
2741,13,13,r1,bf16,116.9200,1.3703,13.6852,103.2348,3122,ok
2566,1048,2,r1,bf16,117.5300,9.1882,25.8187,91.7113,26531,ok
3112,9,12,r1,bf16,112.5090,1.3420,15.0479,97.4611,3493,ok
3744,115,13,r1,bf16,116.4200,2.5493,20.6423,95.7777,4125,ok
3097,121,7,r1,bf16,111.3490,2.4123,19.4584,91.8906,3478,ok
4749,387,4,r1,bf16,115.4400,5.8127,17.6759,97.7641,20523,ok
2960,116,2,r1,bf16,112.3000,2.1936,17.1993,95.1008,3341,ok
4320,18,18,r1,bf16,112.7700,1.4857,18.0607,94.7093,4701,ok
2259,156,6,r1,bf16,115.2200,2.3475,15.2825,99.9375,5281,ok
3328,23,10,r1,bf16,112.4400,1.4147,16.1568,96.2832,3709,ok
4308,11,24,r1,bf16,110.6000,1.3093,16.0796,94.5204,4689,ok
2060,10,37,r1,bf16,108.8510,1.2257,17.4193,91.4317,2441,ok
2042,109,1,r1,bf16,108.0600,2.7892,17.5871,90.4728,2423,ok
3324,827,1,r1,bf16,115.6101,9.4255,26.3618,89.2483,25941,ok
3544,2,67,r1,bf16,110.5999,1.1604,15.1441,95.4558,3925,ok
4266,273,26,r1,bf16,111.7500,4.7971,49.7661,61.9839,13943,ok
1935,1,20,r1,bf16,112.1800,2.2757,14.7198,97.4602,2316,ok
6142,736,30,r1,bf16,120.9300,11.1752,27.2587,93.6713,39143,ok
4474,6,38,r1,bf16,110.1401,1.2115,17.2143,92.9258,4855,ok
2685,2,9,r1,bf16,109.4399,1.0847,21.5959,87.8441,3066,ok
2820,4,8,r1,bf16,108.0399,1.0994,15.8663,92.1737,3201,ok
5452,27,9,r1,bf16,108.7099,1.7132,11.9944,96.7155,5833,ok
4380,53,2,r1,bf16,109.1099,1.8979,15.7446,93.3653,4761,ok
5536,29,46,r1,bf16,110.5401,1.6209,16.2237,94.3163,5917,ok
3019,446,7,r1,bf16,111.5910,4.5773,18.8841,92.7069,13603,ok
2481,4,96,r1,bf16,108.3401,1.1378,19.3554,88.9847,2862,ok
3799,1,7,r1,bf16,110.9199,2.3496,16.8420,94.0780,4180,ok
2522,2,2,r1,bf16,113.3400,1.2107,16.2454,97.0946,2903,ok
2053,124,2,r1,bf16,108.3700,2.1145,16.5284,91.8416,2434,ok
3908,103,31,r1,bf16,109.5510,2.3499,16.5801,92.9709,4289,ok
3484,9,71,r1,bf16,111.7709,1.3202,13.5089,98.2620,3865,ok
2896,32,21,r1,bf16,109.6000,1.4883,15.8323,93.7677,3277,ok
3501,1382,103,r1,bf16,145.0300,13.4983,29.9282,115.1017,42712,ok
5662,1166,17,r1,bf16,124.7891,15.7643,27.7511,97.0380,60439,ok
3397,205,3,r1,bf16,111.4300,3.3021,24.2098,87.2201,7557,ok
2617,1,2,r1,bf16,113.3700,3.2639,19.0848,94.2852,2998,ok
1930,141,2,r1,bf16,111.6500,1.9817,16.0546,95.5953,4623,ok
4794,172,111,r1,bf16,111.4600,3.5698,17.2643,94.1957,10351,ok
3046,1060,9,r1,bf16,116.3890,8.4391,22.8937,93.4953,30851,ok
2851,2,72,r1,bf16,112.6700,1.1370,15.4636,97.2064,3232,ok
4840,11,9,r1,bf16,112.3000,1.4174,15.0589,97.2411,5221,ok
2803,1,1,r1,bf16,107.6501,0.9999,15.6996,91.9504,3184,ok
2949,5,13,r1,bf16,109.4299,1.1743,17.1668,92.2631,3330,ok
2390,5,26,r1,bf16,109.5401,1.1191,13.7636,95.7765,2771,ok
4518,11,65,r1,bf16,110.6700,1.4134,16.3896,94.2803,4899,ok
2583,13,32,r1,bf16,111.0401,1.1914,15.3478,95.6922,2964,ok
2023,1167,1,r1,bf16,116.2200,8.4826,23.3256,92.8944,24049,ok
3283,239,1,r1,bf16,121.4710,5.2370,23.4363,98.0348,7329,ok
4921,1637,9,r1,bf16,126.4000,18.9549,33.9257,92.4744,68938,ok
2204,2,2,r1,bf16,137.2300,1.1855,15.9436,121.2865,2585,ok
4678,23,87,r1,bf16,108.2510,1.4750,18.2863,89.9647,5059,ok
3206,2,8,r1,bf16,107.7499,1.0777,15.3588,92.3912,3587,ok
4620,528,1,r1,bf16,115.4500,8.5734,25.2709,90.1791,25009,ok
2369,41,2,r1,bf16,108.9501,1.5136,17.0537,91.8963,2750,ok
5289,1170,5,r1,bf16,123.3399,15.1764,30.2798,93.0601,56709,ok
3185,67,4,r1,bf16,110.1600,1.8827,17.4298,92.7302,3566,ok
3604,5,4,r1,bf16,110.3100,1.2509,15.7332,94.5769,3985,ok
3211,97,13,r1,bf16,109.4600,2.2482,17.0529,92.4071,3592,ok
2602,6,2,r1,bf16,108.6290,1.2254,16.3875,92.2415,2983,ok
4777,2,35,r1,bf16,109.6490,1.1561,16.5137,93.1353,5158,ok
2565,9,36,r1,bf16,108.0600,1.3007,16.1437,91.9162,2946,ok
4136,273,12,r1,bf16,112.2890,4.6033,19.7669,92.5220,13553,ok
5216,3,23,r1,bf16,108.4099,1.1543,16.6802,91.7297,5597,ok
2204,263,6,r1,bf16,110.5400,2.9748,18.8304,91.7096,7757,ok
4210,204,25,r1,bf16,110.1200,3.7720,18.5780,91.5420,9183,ok
2485,538,3,r1,bf16,113.9900,4.5682,19.8749,94.1152,14334,ok
3509,164,3,r1,bf16,108.8600,2.8845,20.4941,88.3659,7781,ok
3989,9,2,r1,bf16,113.6300,1.3477,15.7202,97.9098,4370,ok
4925,65,5,r1,bf16,110.6800,2.1975,16.8812,93.7988,5306,ok
3794,1,2,r1,bf16,111.6300,3.2670,19.1909,92.4390,4175,ok
3043,1598,12,r1,bf16,120.9200,12.0640,26.4305,94.4895,44524,ok
2100,325,44,r1,bf16,110.9689,3.4026,18.0452,92.9238,7445,ok
4729,74,29,r1,bf16,111.3199,2.2603,17.1474,94.1726,5110,ok
2462,254,52,r1,bf16,112.2300,3.2483,17.9103,94.3196,5687,ok
4648,14,18,r1,bf16,113.4600,1.3742,15.2121,98.2479,5029,ok
3991,907,2,r1,bf16,118.9400,9.1375,23.6719,95.2681,34983,ok
5065,54,6,r1,bf16,110.4400,1.9882,17.5129,92.9271,5446,ok
3263,1,3,r1,bf16,109.0100,2.2528,17.4686,91.5415,3644,ok
4103,148,11,r1,bf16,112.2300,3.1250,16.7577,95.4723,8969,ok
5819,38,5,r1,bf16,110.9700,1.8305,17.4395,93.5305,6200,ok
5147,7,19,r1,bf16,108.7800,1.2234,16.7532,92.0268,5528,ok
4352,499,45,r1,bf16,163.8600,6.3713,20.6972,143.1629,18935,ok
3002,2,1,r1,bf16,111.3999,2.1949,17.3252,94.0747,3383,ok
4470,1437,5,r1,bf16,124.3401,15.6007,30.6515,93.6886,58223,ok
3208,242,24,r1,bf16,114.6101,3.7865,17.6502,96.9599,7179,ok
2599,160,4,r1,bf16,111.2601,2.5176,18.0250,93.2351,5961,ok
2907,59,35,r1,bf16,111.5201,1.7216,17.4952,94.0249,3288,ok
2290,1,21,r1,bf16,109.8200,2.3430,16.5710,93.2490,2671,ok
1977,1,3,r1,bf16,108.0499,2.1708,18.2094,89.8405,2358,ok
4109,2,1,r1,bf16,114.9201,2.3191,17.0246,97.8955,4490,ok
5948,24,76,r1,bf16,132.1890,1.5836,14.6627,117.5263,6329,ok
2471,27,6,r1,bf16,112.5999,1.4111,20.4247,92.1753,2852,ok
2360,12,120,r1,bf16,111.0090,1.2865,18.4323,92.5767,2741,ok
4580,18,7,r1,bf16,112.5800,1.4859,16.3113,96.2688,4961,ok
2610,56,35,r1,bf16,112.6400,1.6842,18.6311,94.0089,2991,ok
180,3290,1,r2,bf16,116.2300,4.8410,20.1138,96.1162,14611,ok
1061,3090,7,r2,bf16,119.9801,11.6866,26.6280,93.3521,36074,ok
1,2256,68,r2,bf16,109.3590,2.6546,16.9034,92.4556,6893,ok
49,4501,2,r2,bf16,109.3600,1.9147,17.6593,91.7007,15515,ok
12,5102,54,r2,bf16,113.5800,1.3482,15.5741,98.0059,15759,ok
6,1971,50,r2,bf16,115.2910,1.1193,16.3720,98.9190,6207,ok
4,4800,28,r2,bf16,110.4600,1.1745,16.2509,94.2091,14667,ok
4,2105,90,r2,bf16,109.7999,1.1315,16.8162,92.9837,6561,ok
92,3952,9,r2,bf16,112.3101,2.2793,20.9123,91.3978,14693,ok
3,3868,3,r2,bf16,126.0400,1.1011,21.9561,104.0839,11934,ok
443,4503,1,r2,bf16,117.2100,7.8034,22.7650,94.4450,29699,ok
1152,2004,2,r2,bf16,114.3699,6.6816,21.1371,93.2328,24543,ok
9,2289,3,r2,bf16,109.4501,1.2884,15.8450,93.6050,7037,ok
15,4518,7,r2,bf16,108.3200,1.3834,16.4841,91.8359,14291,ok
8,3405,7,r2,bf16,109.0890,1.1386,16.3400,92.7490,10529,ok
10,5473,14,r2,bf16,111.7100,1.2751,15.5143,96.1958,16855,ok
1618,4718,16,r2,bf16,132.2901,17.7977,32.6652,99.6249,73999,ok
7,4269,9,r2,bf16,110.7899,1.1529,16.2921,94.4978,13225,ok
234,3072,11,r2,bf16,113.1000,3.2564,18.5498,94.5502,14783,ok
1,4541,1,r2,bf16,108.1900,1.0576,16.7436,91.4464,13787,ok
172,3779,43,r2,bf16,110.1200,3.1482,17.5331,92.5870,16619,ok
9,4265,3,r2,bf16,109.8000,1.3572,15.6454,94.1547,13293,ok
55,2853,115,r2,bf16,110.4000,1.7020,17.6972,92.7029,10050,ok
1552,2449,16,r2,bf16,118.0300,10.6808,24.6089,93.4211,38679,ok
12,5923,89,r2,bf16,111.0600,1.5132,16.0078,95.0521,18517,ok
84,4437,27,r2,bf16,109.3700,2.3574,17.6853,91.6847,16309,ok
14,5575,79,r2,bf16,112.5289,1.4287,19.3280,93.2009,17423,ok
12,4580,1,r2,bf16,111.4900,2.5768,16.7327,94.7574,14183,ok
479,3705,102,r2,bf16,115.1700,5.4445,19.6484,95.5216,24968,ok
16,3976,5,r2,bf16,111.8900,1.3981,20.1455,91.7445,12735,ok
372,3862,120,r2,bf16,113.5700,5.0218,19.6095,93.9605,23373,ok
1,2263,1,r2,bf16,109.5100,0.9549,17.9041,91.6060,6893,ok
3,5660,100,r2,bf16,119.3900,1.3805,19.9095,99.4805,17324,ok
38,5775,53,r2,bf16,120.8500,1.8424,16.4412,104.4088,19319,ok
360,4580,2,r2,bf16,113.1600,5.2934,20.8557,92.3043,26711,ok
63,3145,100,r2,bf16,112.1500,1.7025,16.8411,95.3089,11124,ok
4,2340,24,r2,bf16,112.4000,1.0905,16.7614,95.6386,7333,ok
3,2183,12,r2,bf16,112.2500,1.0989,17.1039,95.1461,6929,ok
413,3882,39,r2,bf16,113.5300,5.2453,19.7566,93.7734,24644,ok
7,2676,8,r2,bf16,112.0500,1.1270,14.1511,97.8989,8168,ok
1792,4426,99,r2,bf16,128.1300,19.4420,33.8973,94.2327,76089,ok
58,3660,122,r2,bf16,110.7600,1.7583,30.8534,79.9066,12759,ok
4,4772,47,r2,bf16,109.3301,1.1838,16.9414,92.3886,14667,ok
594,4595,2,r2,bf16,115.8899,8.0935,24.5766,91.3133,35135,ok
148,5622,15,r2,bf16,113.0300,3.6012,18.1168,94.9132,23319,ok
15,5794,15,r2,bf16,109.8999,1.2432,16.5659,93.3340,18261,ok
22,3923,49,r2,bf16,110.7199,1.3900,16.7891,93.9308,12523,ok
6,1956,13,r2,bf16,111.7000,1.1059,16.0175,95.6825,6207,ok
1232,4236,21,r2,bf16,122.3000,13.2977,29.2169,93.0831,54875,ok
115,3423,35,r2,bf16,111.7490,2.3988,18.2036,93.5455,13418,ok
7,5417,4,r2,bf16,114.9600,1.2813,16.5680,98.3920,16726,ok
1266,5641,1,r2,bf16,125.2401,17.8402,34.3477,90.8924,74159,ok
30,4563,9,r2,bf16,118.5200,1.6121,16.7434,101.7766,14831,ok
47,4908,31,r2,bf16,111.5690,1.8971,15.4759,96.0930,16730,ok
1398,2326,88,r2,bf16,118.8499,9.6406,24.3909,94.4590,33819,ok
1114,4018,96,r2,bf16,119.3690,12.4547,28.1050,91.2640,47871,ok
7,5355,43,r2,bf16,109.5199,1.2293,16.1332,93.3867,16337,ok
100,2134,1,r2,bf16,109.0401,2.7752,17.3168,91.7233,8193,ok
1,2571,40,r2,bf16,111.4000,2.5488,17.2905,94.1095,8042,ok
19,4732,21,r2,bf16,110.5200,1.4476,16.4322,94.0879,14836,ok
19,5345,1,r2,bf16,112.5800,2.6844,17.4504,95.1297,16841,ok
34,5041,2,r2,bf16,108.4800,1.7807,17.5698,90.9102,16639,ok
215,2813,1,r2,bf16,117.8200,4.7655,19.0579,98.7621,13133,ok
36,3523,1,r2,bf16,108.2900,2.6405,17.1021,91.1879,11703,ok
72,2877,1,r2,bf16,110.4400,2.7661,17.6978,92.7421,10441,ok
4,2185,14,r2,bf16,111.3400,1.1070,15.7697,95.5703,6947,ok
1,5651,60,r2,bf16,110.0600,3.5986,18.1066,91.9534,17234,ok
1270,2770,81,r2,bf16,118.5600,9.8230,23.8830,94.6770,36343,ok
1705,4674,4,r2,bf16,125.9900,19.2434,35.3805,90.6095,77218,ok
159,3840,7,r2,bf16,112.2800,3.0647,17.3752,94.9048,16229,ok
10,2059,2,r2,bf16,108.6601,1.2727,20.7600,87.9001,6663,ok
3,3360,23,r2,bf16,108.8800,1.1253,15.9120,92.9680,10394,ok
323,2028,54,r2,bf16,110.7900,3.1266,18.6650,92.1251,11279,ok
1,3662,37,r2,bf16,108.4401,2.7049,16.3877,92.0524,11106,ok
118,5795,5,r2,bf16,109.8600,3.3238,20.4295,89.4305,22999,ok
84,2115,15,r2,bf16,109.3700,1.7994,21.9436,87.4264,7921,ok
468,2428,4,r2,bf16,120.2710,4.0941,18.4641,101.8069,16149,ok
199,2581,4,r2,bf16,109.2800,2.8491,18.5278,90.7521,12200,ok
1179,6134,2,r2,bf16,134.6000,17.1505,29.7766,104.8234,74927,ok
903,3653,1,r2,bf16,116.7801,10.3847,24.0461,92.7340,37264,ok
84,4050,1,r2,bf16,109.2200,3.1228,17.8579,91.3621,14911,ok
307,4971,1,r2,bf16,115.4100,6.7825,23.8876,91.5224,26870,ok
135,3266,3,r2,bf16,113.8500,2.5490,19.4393,94.4107,13441,ok
32,2312,5,r2,bf16,110.9000,1.4529,16.7554,94.1447,7865,ok
142,3343,15,r2,bf16,111.8300,2.6070,18.7413,93.0887,14147,ok
61,4987,5,r2,bf16,111.2600,2.1487,17.2440,94.0160,17276,ok
467,2108,8,r2,bf16,113.6691,4.2616,19.4668,94.2023,14432,ok
14,3247,57,r2,bf16,110.4900,1.3177,16.2595,94.2306,10295,ok
48,6054,65,r2,bf16,109.8600,1.9773,17.0248,92.8352,20639,ok
2,2777,1,r2,bf16,108.3900,3.2384,17.4041,90.9859,8447,ok
257,1964,74,r2,bf16,111.1500,2.8371,17.1077,94.0423,10223,ok
4,3108,1,r2,bf16,110.3700,2.3818,16.8816,93.4884,9649,ok
11,3021,1,r2,bf16,110.2589,2.4214,16.7325,93.5264,9431,ok
331,4392,6,r2,bf16,114.2300,4.8933,19.2502,94.9798,24954,ok
552,2102,1,r2,bf16,114.4001,5.9159,19.9016,94.4984,15877,ok
15,5481,39,r2,bf16,108.5399,1.3227,28.2771,80.2628,17070,ok
161,3695,49,r2,bf16,113.8300,2.9836,16.8784,96.9516,15746,ok
23,1991,49,r2,bf16,111.0501,1.2084,17.6314,93.4186,6479,ok
4,3015,6,r2,bf16,107.8499,1.0896,16.1630,91.6869,9263,ok
3,2888,2,r2,bf16,107.6300,1.1975,15.6923,91.9377,8854,ok
105,4106,1,r2,bf16,110.3909,3.4359,17.8202,92.5707,16070,ok
32,3658,69,r2,bf16,108.8689,1.5165,16.1275,92.7414,12005,ok
43,2109,1,r2,bf16,111.3301,2.5200,17.9755,93.3545,7224,ok
677,4817,64,r2,bf16,119.6500,10.6844,24.9002,94.7498,40241,ok
7,4081,2,r2,bf16,109.3301,1.2498,16.4363,92.8938,12447,ok
517,2831,103,r2,bf16,111.8700,5.1643,18.8023,93.0677,20676,ok
35,1996,82,r2,bf16,108.5800,1.4727,19.0434,89.5366,6671,ok
113,2682,1,r2,bf16,109.6601,3.0868,17.4441,92.2160,10394,ok
17,2305,14,r2,bf16,108.2199,1.3963,16.1539,92.0660,7580,ok
3,2353,87,r2,bf16,108.9600,1.1720,16.0737,92.8862,7314,ok
126,2547,71,r2,bf16,112.1000,2.1579,16.6137,95.4863,10159,ok
112,5767,10,r2,bf16,111.2800,3.1030,18.1943,93.0857,22723,ok
823,4228,1,r2,bf16,118.6300,10.5605,29.2752,89.3548,40969,ok
6,2665,2,r2,bf16,109.6900,1.2281,19.9307,89.7593,8147,ok
6,2498,71,r2,bf16,109.0200,1.1789,15.8380,93.1821,7759,ok
33,5322,2,r2,bf16,109.4401,1.7939,16.7682,92.6719,17429,ok
72,1951,91,r2,bf16,110.6100,1.5887,16.7229,93.8872,7263,ok
1,3023,49,r2,bf16,110.9400,2.6767,16.9318,94.0082,9191,ok
1918,1965,55,r2,bf16,117.1500,9.8237,23.7486,93.4015,36799,ok
47,2008,43,r2,bf16,109.4399,1.3378,16.0745,93.3655,6863,ok
2,3911,44,r2,bf16,109.0200,1.1402,16.0814,92.9386,11903,ok
163,2988,1,r2,bf16,111.5600,4.5518,19.0975,92.4625,13079,ok
27,5557,5,r2,bf16,120.1001,1.7078,18.6700,101.4301,17995,ok
7,2255,12,r2,bf16,109.8000,1.1106,15.8216,93.9784,7001,ok
56,2091,7,r2,bf16,110.0700,1.5620,16.4075,93.6625,7445,ok
145,5906,8,r2,bf16,113.9800,3.7455,18.7727,95.2073,24768,ok
27,3322,3,r2,bf16,109.6290,1.4878,17.0973,92.5317,10633,ok
20,4068,7,r2,bf16,109.4601,1.4727,16.4673,92.9928,12863,ok
81,5075,127,r2,bf16,112.8201,2.3066,17.5097,95.3104,18519,ok
805,2960,1,r2,bf16,117.3700,8.4500,25.1731,92.1970,28487,ok
102,3335,3,r2,bf16,111.4401,2.2580,18.9693,92.4708,13067,ok
1,2792,48,r2,bf16,110.4899,2.7143,17.2436,93.2463,8425,ok
1464,2175,71,r2,bf16,118.9400,8.9466,25.7034,93.2366,31381,ok
1,4403,1,r2,bf16,109.0399,1.0228,18.7768,90.2632,13404,ok
24,5284,7,r2,bf16,110.7900,1.5725,16.4933,94.2967,17051,ok
1085,4402,19,r2,bf16,120.2701,12.2159,26.9095,93.3606,51344,ok
3,2854,7,r2,bf16,108.5601,1.0884,16.2861,92.2740,8854,ok
87,6116,4,r2,bf16,119.0400,2.7566,19.5762,99.4638,22511,ok
45,5687,5,r2,bf16,112.1199,2.0177,13.8629,98.2571,19214,ok
116,4681,21,r2,bf16,113.0300,2.8012,15.3441,97.6858,18425,ok
298,2412,104,r2,bf16,113.6400,3.1684,16.2002,97.4398,12919,ok
4,3787,4,r2,bf16,121.7300,1.1025,13.5143,108.2158,11579,ok
121,2695,8,r2,bf16,112.2301,2.2832,17.1536,95.0765,11065,ok
174,2627,34,r2,bf16,114.5300,2.5994,15.1195,99.4105,11675,ok
14,2240,20,r2,bf16,112.7200,1.1904,14.3038,98.4162,7127,ok
4,3169,7,r2,bf16,109.5900,1.0907,13.2048,96.3852,9649,ok
2,4389,27,r2,bf16,112.9699,1.1177,14.3662,98.6037,13439,ok
358,3620,15,r2,bf16,115.4999,5.0193,17.9066,97.5933,21459,ok
4,2445,3,r2,bf16,110.1100,1.1437,14.3236,95.7864,7719,ok
53,4978,6,r2,bf16,112.9700,2.0389,20.0082,92.9618,16964,ok
5356,4519,32,r3,bf16,162.1100,51.0397,64.2898,97.8201,206567,ok
2836,2205,107,r3,bf16,126.8199,16.3686,29.8869,96.9330,57923,ok
5188,3090,66,r3,bf16,144.9900,35.6788,47.7841,97.2059,139249,ok
5465,2861,11,r3,bf16,141.7400,32.9010,50.1877,91.5523,134480,ok
2825,4311,84,r3,bf16,138.3690,27.9659,41.0794,97.2896,109037,ok
6035,4561,4,r3,bf16,167.9000,57.0452,71.3032,96.5968,231011,ok
5347,6092,5,r3,bf16,175.9300,65.3803,78.9631,96.9669,274991,ok
5788,3482,108,r3,bf16,153.6600,44.5488,61.4512,92.2087,172759,ok
6114,4943,28,r3,bf16,173.9301,63.0702,76.9889,96.9412,253343,ok
2298,1932,18,r3,bf16,131.5901,11.3470,30.7739,100.8161,42879,ok
4357,5700,12,r3,bf16,163.1799,52.0114,65.6255,97.5544,213254,ok
4319,4077,3,r3,bf16,148.6300,37.5529,51.6311,96.9989,150431,ok
4063,6015,2,r3,bf16,163.4200,52.4784,67.0944,96.3255,208914,ok
4277,3924,6,r3,bf16,144.7101,34.2778,47.2449,97.4652,144428,ok
4832,1945,76,r3,bf16,130.4999,21.7019,33.7747,96.7253,83423,ok
4969,3359,2,r3,bf16,143.8999,36.0874,51.0407,92.8592,144476,ok
3251,3789,3,r3,bf16,136.3801,28.3865,46.8570,89.5231,108989,ok
3382,4734,88,r3,bf16,144.3201,35.8157,48.9359,95.3842,139267,ok
3691,5026,1,r3,bf16,157.4500,40.1842,52.9541,104.4959,162919,ok
5199,5604,2,r3,bf16,175.5699,64.2474,77.3216,98.2483,245563,ok
5027,5158,71,r3,bf16,163.4510,54.0716,67.9247,95.5263,221768,ok
3505,3896,3,r3,bf16,140.9199,32.5809,44.9241,95.9958,120496,ok
4376,3076,1,r3,bf16,141.2900,31.3505,43.2814,98.0086,118949,ok
2246,3017,73,r3,bf16,129.3899,17.1045,29.9463,99.4436,63071,ok
3705,5574,91,r3,bf16,152.7801,43.3614,55.4444,97.3357,179827,ok
2125,3807,5,r3,bf16,131.9400,20.3145,34.1779,97.7621,75209,ok
3463,3262,10,r3,bf16,134.8900,25.7785,38.9684,95.9216,99969,ok
2162,5061,11,r3,bf16,131.1110,24.1186,35.9248,95.1862,101759,ok
4066,3328,2,r3,bf16,140.0500,30.4842,43.8559,96.1940,115647,ok
3603,2313,62,r3,bf16,132.7400,19.8812,32.1493,100.5907,75714,ok
5052,2270,1,r3,bf16,135.5801,26.3834,38.8643,96.7158,97811,ok
2080,3034,102,r3,bf16,129.4200,16.3432,31.7209,97.6991,59087,ok
3667,2616,3,r3,bf16,135.3601,21.4554,41.9923,93.3677,85028,ok
2185,2263,51,r3,bf16,122.3501,12.3659,27.1091,95.2410,46205,ok
2257,5246,54,r3,bf16,140.6600,26.3673,38.8796,101.7804,108198,ok
2252,3678,1,r3,bf16,127.3890,19.9858,34.0689,93.3201,76385,ok
5233,3676,39,r3,bf16,149.2001,41.5466,55.8498,93.3503,162834,ok
3397,4287,92,r3,bf16,148.5300,33.5852,48.7857,99.7443,128485,ok
3682,5311,5,r3,bf16,152.5200,41.0930,55.1500,97.3700,170687,ok
2152,1933,3,r3,bf16,120.1400,10.7763,21.6520,98.4881,40543,ok
5093,2759,3,r3,bf16,141.4800,30.4266,42.4003,99.0797,120449,ok
3418,5776,12,r3,bf16,152.7900,42.2220,58.7764,94.0136,174799,ok
2855,2102,16,r3,bf16,124.4199,14.7475,27.5889,96.8310,55028,ok
2499,2945,6,r3,bf16,124.6000,17.3171,31.9139,92.6861,69143,ok
4638,2515,94,r3,bf16,136.9700,26.5450,39.8730,97.0969,100399,ok
4554,3361,72,r3,bf16,142.1000,33.9114,49.1870,92.9131,133271,ok
2917,3003,2,r3,bf16,128.8899,20.0850,33.6863,95.2037,79175,ok
4749,3063,11,r3,bf16,142.3199,32.3327,48.1266,94.1933,123143,ok
3321,4120,6,r3,bf16,137.4801,28.8075,42.2134,95.2667,122198,ok
5571,3174,6,r3,bf16,151.9900,36.4379,49.7663,102.2237,148824,ok
3062,4682,124,r3,bf16,148.8799,31.9606,44.9762,103.9037,127427,ok
5261,3355,4,r3,bf16,147.2400,37.8474,68.1425,79.0975,152360,ok
3226,2866,3,r3,bf16,140.9900,23.7452,37.0715,103.9186,82983,ok
2387,5837,11,r3,bf16,141.0700,30.2192,44.1023,96.9677,127373,ok
2183,3002,7,r3,bf16,124.5600,16.9826,31.6691,92.8909,61559,ok
3490,6003,114,r3,bf16,157.2999,46.2909,59.5196,97.7803,181983,ok
3709,3941,27,r3,bf16,141.9310,32.7186,46.4990,95.4320,126820,ok
3444,3383,5,r3,bf16,143.0300,25.1457,37.7382,105.2917,103301,ok
4255,2138,5,r3,bf16,132.4799,23.5305,39.7080,92.7719,78828,ok
5413,2502,109,r3,bf16,138.4900,29.7464,42.1018,96.3882,115899,ok
6032,3750,1,r3,bf16,155.7500,47.7832,60.4410,95.3089,192419,ok
2142,2425,5,r3,bf16,122.5300,14.5878,27.2093,95.3208,47955,ok
2191,4854,6,r3,bf16,137.0200,25.0287,37.4166,99.6034,97773,ok
2521,2021,6,r3,bf16,121.2599,12.4864,25.0977,96.1623,46447,ok
1931,2200,19,r3,bf16,118.8100,11.4025,23.5746,95.2354,41633,ok
5696,2422,36,r3,bf16,138.6100,30.1991,42.4511,96.1589,115481,ok
2417,1924,77,r3,bf16,120.2400,11.7820,23.9236,96.3164,44783,ok
5137,2076,2,r3,bf16,131.4901,23.9205,36.9821,94.5079,93822,ok
2523,5653,6,r3,bf16,138.2600,31.3550,44.7459,93.5141,130724,ok
4911,3188,6,r3,bf16,155.0601,34.2423,47.4098,107.6503,132324,ok
4677,3930,4,r3,bf16,150.4500,40.6470,53.2257,97.2243,156828,ok
3783,4354,55,r3,bf16,149.3290,36.8703,49.6047,99.7243,145774,ok
4221,4046,18,r3,bf16,144.1200,36.2509,49.4347,94.6853,147295,ok
2138,5765,32,r3,bf16,135.7490,27.2604,40.0500,95.6990,115919,ok
2638,4296,20,r3,bf16,133.2801,25.2307,40.1141,93.1660,102679,ok
4132,2984,16,r3,bf16,135.7200,27.1061,39.7970,95.9231,108335,ok
4138,2429,12,r3,bf16,132.1700,23.6344,37.1000,95.0701,85879,ok
2209,2172,83,r3,bf16,126.0401,12.7221,26.5087,99.5313,44046,ok
2220,5427,10,r3,bf16,140.3900,25.7349,38.6991,101.6909,111885,ok
3260,2852,8,r3,bf16,128.0500,20.3669,33.7605,94.2895,83765,ok
2979,3705,5,r3,bf16,135.2500,25.2914,39.0781,96.1720,97468,ok
4995,2520,3,r3,bf16,138.6600,28.2682,41.7057,96.9543,107539,ok
3359,5697,1,r3,bf16,158.0711,40.9327,58.5016,99.5695,168344,ok
4454,1934,7,r3,bf16,128.2400,19.2987,34.6016,93.6384,77375,ok
4671,3227,8,r3,bf16,139.9600,31.3620,51.7111,88.2489,131377,ok
2579,3337,3,r3,bf16,131.1400,19.9427,39.4849,91.6551,79946,ok
2671,4106,18,r3,bf16,139.2800,25.8708,37.8618,101.4182,100748,ok
5661,5926,13,r3,bf16,181.1000,71.4500,85.1680,95.9319,284020,ok
2127,2722,12,r3,bf16,124.3490,14.4588,27.1106,97.2385,55197,ok
4202,5771,2,r3,bf16,156.7900,48.0529,78.2221,78.5679,210863,ok
2005,5282,50,r3,bf16,135.9690,25.4038,37.8893,98.0797,100253,ok
4679,3312,27,r3,bf16,147.4000,31.9055,46.7698,100.6301,131585,ok
3099,2402,7,r3,bf16,132.4400,20.4955,33.6009,98.8391,66138,ok
4797,4880,106,r3,bf16,161.3101,50.3159,69.6734,91.6367,201980,ok
5392,4245,13,r3,bf16,160.5201,47.9402,65.1793,95.3408,196315,ok
4457,2377,88,r3,bf16,133.9801,24.0857,36.4804,97.4997,91940,ok
4399,3834,8,r3,bf16,146.6700,36.1179,48.6611,98.0090,143429,ok
4013,3939,78,r3,bf16,144.5400,34.3132,52.8770,91.6630,136244,ok
3730,2462,9,r3,bf16,130.6500,21.0946,39.1804,91.4696,82239,ok
2548,5501,60,r3,bf16,144.4900,30.4480,43.8921,100.5979,125989,ok
3666,2414,1,r3,bf16,130.4201,21.1545,34.2247,96.1954,76911,ok
2245,3216,26,r3,bf16,127.0400,17.5669,31.8679,95.1721,68301,ok
2492,4258,66,r3,bf16,133.8490,24.8409,38.5138,95.3352,97715,ok
4633,3151,23,r3,bf16,142.4799,32.5016,48.4966,93.9833,125374,ok
6061,5378,5,r3,bf16,177.9500,66.8345,78.8664,99.0836,277048,ok
4262,2322,15,r3,bf16,143.5800,22.6547,36.2218,107.3582,88235,ok
2908,3197,8,r3,bf16,134.5000,21.5882,34.4509,100.0491,82249,ok
4153,5137,10,r3,bf16,154.1500,45.3216,58.3756,95.7744,185934,ok
2278,4617,38,r3,bf16,135.8800,24.5847,39.2445,96.6355,98419,ok
5823,3037,9,r3,bf16,147.4201,37.7763,50.2573,97.1628,148919,ok
3602,5420,30,r3,bf16,152.6601,41.1214,53.4647,99.1954,171311,ok
1969,2445,63,r3,bf16,123.8299,13.1518,30.6681,93.1618,47019,ok
3794,5306,7,r3,bf16,152.2701,42.4252,55.0077,97.2624,175391,ok
2454,1930,126,r3,bf16,119.7300,12.2011,26.0695,93.6605,45375,ok
2251,4057,11,r3,bf16,131.0800,21.0855,34.6616,96.4184,84255,ok
2989,3587,1,r3,bf16,134.9500,25.2651,37.4582,97.4918,97758,ok
5934,3407,1,r3,bf16,153.5000,42.9363,55.8520,97.6481,170531,ok
3128,4633,5,r3,bf16,141.7400,33.6202,47.6682,94.0717,129869,ok
4568,4688,3,r3,bf16,157.9100,45.3410,62.6295,95.2806,183149,ok
5919,1984,66,r3,bf16,137.6100,26.4091,39.6847,97.9253,100815,ok
3486,2296,4,r3,bf16,133.0100,19.9100,34.2087,98.8012,69623,ok
3830,2655,58,r3,bf16,131.3200,23.1154,37.0079,94.3121,88451,ok
2480,3002,12,r3,bf16,125.9400,17.5939,31.9630,93.9769,68687,ok
2852,5008,4,r3,bf16,140.0900,32.8541,46.6382,93.4518,129359,ok
2130,2300,21,r3,bf16,120.4300,12.3153,26.3936,94.0364,45215,ok
3699,2068,124,r3,bf16,125.1500,17.7689,30.6682,94.4817,69376,ok
3354,2785,34,r3,bf16,132.4600,22.2723,38.7770,93.6831,82191,ok
1976,3183,25,r3,bf16,135.0100,16.1866,28.9415,106.0685,58949,ok
5879,4657,73,r3,bf16,164.8801,56.6916,74.8691,90.0109,231656,ok
2206,3166,1,r3,bf16,125.1110,17.4027,30.5738,94.5372,64699,ok
2636,3003,5,r3,bf16,128.6201,18.5495,32.9925,95.6276,72431,ok
2966,4887,3,r3,bf16,146.3300,33.4839,45.5941,100.7359,130571,ok
5010,3607,5,r3,bf16,154.3401,39.7586,53.8878,100.4522,156367,ok
3651,2318,11,r3,bf16,127.9500,19.3357,32.6440,95.3060,76626,ok
1971,5239,5,r3,bf16,134.5100,25.2886,37.3775,97.1325,96472,ok
2866,6109,20,r3,bf16,145.5200,37.7182,55.6520,89.8680,155903,ok
3122,4817,1,r3,bf16,141.4401,33.1030,45.9097,95.5304,133151,ok
3729,3519,65,r3,bf16,143.0000,29.3441,42.2980,100.7020,115107,ok
3798,3377,12,r3,bf16,137.0310,28.4591,42.3199,94.7111,112859,ok
4768,2877,15,r3,bf16,138.7501,30.6483,44.1886,94.5615,118449,ok
4372,6112,29,r3,bf16,166.2200,56.0274,75.8010,90.4190,228191,ok
5878,3055,19,r3,bf16,149.2000,37.8626,51.4295,97.7705,150239,ok
4569,2880,4,r3,bf16,145.5700,28.3752,42.6007,102.9694,113872,ok
5953,2881,128,r3,bf16,146.7800,37.1762,53.0184,93.7617,145704,ok
5174,2470,56,r3,bf16,138.6900,28.7043,41.0023,97.6877,111119,ok
6028,2650,25,r3,bf16,142.5000,34.5853,51.1516,91.3484,134609,ok
4700,2116,53,r3,bf16,130.3999,22.7275,36.4362,93.9637,86393,ok
2749,4367,100,r3,bf16,140.0299,27.5968,40.1828,99.8471,109584,ok
2001,3912,4,r3,bf16,127.9400,19.2053,33.0297,94.9103,73872,ok
2195,4395,116,r3,bf16,131.5100,24.1823,37.4378,94.0721,90194,ok
3487,2873,9,r3,bf16,139.2000,22.1255,36.8486,102.3514,88986,ok
3111,3565,7,r3,bf16,137.6200,24.5334,38.7834,98.8366,97803,ok
2109,5999,126,r3,bf16,139.0200,28.4595,44.3578,94.6622,117076,ok
2352,2542,8,r3,bf16,126.0401,13.8928,29.1085,96.9315,54679,ok
4328,1992,58,r3,bf16,126.5300,19.7030,33.2525,93.2774,75359,ok
4035,2627,68,r3,bf16,134.1100,24.9300,38.3771,95.7329,92756,ok
4144,2777,14,r3,bf16,137.1501,26.9153,40.2156,96.9345,99571,ok
5997,2032,31,r3,bf16,134.3701,26.5122,40.1639,94.2062,102063,ok
5157,4296,2,r3,bf16,157.4301,47.4050,60.9663,96.4638,188325,ok
3846,4790,8,r3,bf16,150.0100,39.3446,53.1782,96.8318,160663,ok
3781,2579,5,r3,bf16,128.5709,22.1299,34.7487,93.8222,87422,ok
4918,3394,9,r3,bf16,162.5700,36.7872,50.0954,112.4747,143099,ok
2216,2969,13,r3,bf16,125.9500,16.3098,30.0742,95.8758,62351,ok
2513,4914,6,r3,bf16,137.9400,28.6432,42.2336,95.7065,112904,ok
2535,2749,55,r3,bf16,126.9401,17.9205,33.3193,93.6208,64173,ok
5496,5867,1,r3,bf16,181.3599,65.3946,78.0929,103.2671,270387,ok
4615,3539,2,r3,bf16,144.2600,35.7827,49.7475,94.5125,139915,ok
2559,2665,7,r3,bf16,128.2290,16.2320,29.6298,98.5992,61760,ok
3321,5709,1,r3,bf16,152.1100,40.2192,52.4254,99.6846,166634,ok
4381,5185,6,r3,bf16,164.7200,50.1670,63.2252,101.4948,195282,ok
2567,2485,4,r3,bf16,127.7800,17.7954,31.7062,96.0738,58979,ok
2275,3648,3,r3,bf16,130.9300,19.7233,33.1868,97.7432,77052,ok
1983,2518,54,r3,bf16,121.9400,13.7043,27.1205,94.8195,47299,ok
3121,5366,97,r3,bf16,148.2000,36.7630,50.3654,97.8346,147125,ok
2549,3684,72,r3,bf16,129.0001,21.2588,32.9311,96.0689,84998,ok
3777,2335,3,r3,bf16,131.5599,20.0437,36.0046,95.5553,79020,ok
6056,2721,67,r3,bf16,148.5400,36.4143,49.0597,99.4803,141635,ok
4841,4552,33,r3,bf16,159.7001,46.6907,60.8837,98.8163,188027,ok
4813,5145,1,r3,bf16,160.4800,51.6461,64.7621,95.7179,212994,ok
2335,3458,3,r3,bf16,127.2000,18.6991,32.4243,94.7758,76075,ok
56,42,211,r4,bf16,109.6200,1.0561,13.1443,96.4758,875,ok
2,1,3125,r4,bf16,124.3199,3.5873,16.0984,108.2215,9599,ok
2,1436,5772,r4,bf16,115.1200,6.6614,18.5774,96.5426,211967,ok
281,30,374,r4,bf16,113.4000,1.2484,16.9112,96.4888,1988,ok
23,14,596,r4,bf16,111.1900,1.0293,16.5219,94.6681,2024,ok
242,852,237,r4,bf16,112.0400,2.1727,14.7409,97.2991,8735,ok
6,5,154,r4,bf16,116.0800,0.9693,14.7372,101.3429,775,ok
638,48,167,r4,bf16,110.9301,1.2897,16.0827,94.8474,2039,ok
29,30,2606,r4,bf16,119.9110,1.7805,14.9412,104.9698,8630,ok
316,3,1453,r4,bf16,110.3600,1.6110,15.0630,95.2970,8375,ok
47,1,228,r4,bf16,109.7200,2.7597,17.9398,91.7802,857,ok
155,16,5340,r4,bf16,112.2800,2.0541,20.8148,91.4652,22553,ok
44,182,216,r4,bf16,117.8600,1.2471,14.9584,102.9016,1703,ok
38,257,3229,r4,bf16,117.8901,2.3954,20.6884,97.2017,32759,ok
5,20,804,r4,bf16,118.3799,1.0467,17.7718,100.6082,2708,ok
28,36,405,r4,bf16,109.0600,1.1280,14.1016,94.9584,1639,ok
452,995,497,r4,bf16,117.3101,4.6149,19.0523,98.2577,26687,ok
124,18,1207,r4,bf16,110.3299,1.5710,14.1878,96.1421,5059,ok
192,44,1748,r4,bf16,111.2600,1.9722,15.3435,95.9165,8035,ok
306,587,268,r4,bf16,113.4110,2.7584,15.9484,97.4626,10319,ok
5,49,924,r4,bf16,110.8199,1.4439,14.3909,96.4290,3095,ok
449,50,4176,r4,bf16,114.9799,3.3500,18.4348,96.5451,27422,ok
357,46,3141,r4,bf16,113.5800,2.5246,16.0941,97.4859,18474,ok
37,13,688,r4,bf16,110.3400,1.0695,15.2734,95.0666,2513,ok
31,137,158,r4,bf16,119.1400,1.2392,14.3979,104.7422,1651,ok
248,1510,759,r4,bf16,114.0700,4.7846,23.2053,90.8647,45359,ok
2,5,192,r4,bf16,120.7800,0.9552,17.6991,103.0809,767,ok
7,404,130,r4,bf16,116.8799,1.0713,13.9987,102.8812,3111,ok
738,1216,264,r4,bf16,114.7310,5.8807,19.6702,95.0609,33599,ok
4,1482,519,r4,bf16,119.1200,1.4948,15.5668,103.5532,23159,ok
463,1,5929,r4,bf16,118.3400,10.3647,22.4909,95.8491,39714,ok
1,99,4660,r4,bf16,111.8400,4.4466,17.3825,94.4575,14170,ok
536,10,3090,r4,bf16,112.6310,2.5084,16.0569,96.5741,22949,ok
20,44,525,r4,bf16,110.4999,1.1346,14.5712,95.9287,2009,ok
15,81,2647,r4,bf16,121.0310,1.6886,15.7370,105.2940,8336,ok
198,333,136,r4,bf16,110.0800,1.7134,14.8474,95.2326,3479,ok
56,14,289,r4,bf16,108.8299,1.0308,16.6898,92.1401,1313,ok
1055,4,263,r4,bf16,110.3900,1.2156,15.2448,95.1452,4310,ok
4,145,1371,r4,bf16,113.0500,1.2986,17.0664,95.9836,8491,ok
46,84,4884,r4,bf16,110.6700,2.2592,14.9437,95.7263,16691,ok
672,943,159,r4,bf16,114.8700,4.1034,18.4265,96.4436,16863,ok
884,1,1575,r4,bf16,114.1600,6.9967,19.7213,94.4387,16457,ok
1138,45,652,r4,bf16,112.2999,1.8532,14.8162,97.4837,9119,ok
12,1018,4616,r4,bf16,117.3499,3.6039,16.8371,100.5128,116623,ok
108,222,478,r4,bf16,109.3700,1.5536,14.7688,94.6012,3919,ok
3,1638,1633,r4,bf16,111.0689,2.6080,15.4410,95.6279,65064,ok
8,1615,1356,r4,bf16,112.2900,2.3528,14.5761,97.7140,55769,ok
12,873,174,r4,bf16,110.2800,1.1835,14.5823,95.6977,5515,ok
437,3,196,r4,bf16,109.5899,1.1180,16.3071,93.2828,1637,ok
7,222,1351,r4,bf16,112.2401,1.2543,14.0768,98.1633,8557,ok
24,3,4576,r4,bf16,113.0800,1.5202,15.6909,97.3891,14615,ok
328,179,2982,r4,bf16,113.9101,3.7246,17.0513,96.8588,34079,ok
348,2,2560,r4,bf16,109.6000,1.7722,15.5943,94.0057,14599,ok
567,283,831,r4,bf16,111.1700,3.2002,15.5091,95.6609,19928,ok
179,2,2472,r4,bf16,108.9510,1.4545,16.3418,92.6092,11219,ok
7,378,1501,r4,bf16,112.2199,1.7417,15.1810,97.0389,14003,ok
47,58,172,r4,bf16,115.6110,1.1134,13.9536,101.6574,857,ok
1,1,2581,r4,bf16,113.1101,3.3103,15.8445,97.2656,8042,ok
3,3,571,r4,bf16,113.4600,1.0270,13.9052,99.5548,1924,ok
1622,811,433,r4,bf16,119.5800,11.4751,24.6229,94.9571,56111,ok
492,2,587,r4,bf16,111.0301,1.1666,13.8477,97.1824,4369,ok
80,1730,156,r4,bf16,113.5110,1.7198,15.3013,98.2097,12935,ok
23,1046,144,r4,bf16,111.3500,1.2399,13.7641,97.5859,7289,ok
93,20,1124,r4,bf16,109.2000,1.5790,14.7091,94.4909,4274,ok
204,22,4049,r4,bf16,110.8310,2.1023,15.3356,95.4954,18751,ok
1374,1715,159,r4,bf16,123.3300,8.7566,21.0155,102.3145,49167,ok
559,766,226,r4,bf16,113.6300,2.9066,16.1600,97.4700,11291,ok
1233,3,287,r4,bf16,121.5100,1.2754,14.1900,107.3200,4844,ok
1372,534,1197,r4,bf16,123.9000,12.7602,26.8309,97.0692,87699,ok
9,7,612,r4,bf16,110.7090,1.0043,14.6311,96.0779,1954,ok
1,123,157,r4,bf16,114.0500,2.6847,14.7354,99.3146,765,ok
347,2,134,r4,bf16,110.3600,1.0975,13.8514,96.5086,1457,ok
9,344,3218,r4,bf16,114.9190,2.1875,15.2634,99.6557,30497,ok
46,1204,201,r4,bf16,110.8201,1.3941,14.2741,96.5459,8559,ok
12,270,450,r4,bf16,111.9900,1.5448,17.4982,94.4918,4727,ok
3,79,164,r4,bf16,111.0700,0.9920,13.6094,97.4606,769,ok
17,7,465,r4,bf16,110.3500,1.0112,14.0491,96.3009,1595,ok
39,57,179,r4,bf16,110.0000,1.1084,14.1116,95.8884,841,ok
11,18,613,r4,bf16,110.2401,1.0686,14.2571,95.9829,1964,ok
38,25,172,r4,bf16,122.2290,1.0952,14.7461,107.4829,839,ok
5,130,3171,r4,bf16,111.5900,1.8888,16.2546,95.3354,19349,ok
48,3,169,r4,bf16,113.6899,0.9743,13.8823,99.8076,859,ok
3,18,1145,r4,bf16,110.4501,1.0477,14.3664,96.0837,3464,ok
152,53,1146,r4,bf16,117.9400,1.5997,12.6546,105.2854,4805,ok
14,153,2139,r4,bf16,111.3700,1.6423,14.7603,96.6097,13463,ok
21,474,2285,r4,bf16,109.9900,1.8893,14.5253,95.4647,29015,ok
934,34,490,r4,bf16,113.1900,1.5427,14.2519,98.9381,5263,ok
356,1,568,r4,bf16,111.9899,3.9976,15.1313,96.8586,3689,ok
1616,13,934,r4,bf16,109.8000,2.1416,16.2784,93.5216,15983,ok
7,2,198,r4,bf16,109.8299,0.9552,14.3924,95.4376,777,ok
27,108,1062,r4,bf16,114.0099,1.6007,14.5859,99.4241,3680,ok
50,2,151,r4,bf16,108.3000,1.0158,15.4898,92.8102,863,ok
15,1243,258,r4,bf16,110.9090,1.2898,13.9511,96.9579,11909,ok
8,39,4411,r4,bf16,108.1500,1.5740,15.9059,92.2441,13649,ok
1286,1,1576,r4,bf16,115.0090,9.6783,21.7252,93.2839,21683,ok
6,141,2275,r4,bf16,108.3501,1.5714,14.0944,94.2556,13967,ok
818,175,3405,r4,bf16,113.5489,6.5151,20.5095,93.0395,64799,ok
376,3,153,r4,bf16,110.9501,1.0921,13.7893,97.1608,1515,ok
266,53,6094,r4,bf16,114.6700,3.4472,17.7036,96.9665,31103,ok
3,18,392,r4,bf16,108.5600,1.0109,14.3813,94.1787,1539,ok
767,39,4401,r4,bf16,111.6100,3.8691,17.0852,94.5249,40214,ok
210,1903,1309,r4,bf16,116.9100,7.7341,20.7837,96.1262,97679,ok
1603,4,711,r4,bf16,109.3401,1.7214,15.4157,93.9243,11909,ok
79,1629,1157,r4,bf16,112.0800,3.1975,17.2314,94.8486,59929,ok
693,116,934,r4,bf16,110.6600,2.4838,16.0707,94.5893,8599,ok
19,16,404,r4,bf16,117.3799,1.0545,13.2291,104.1509,1603,ok
5,1447,1025,r4,bf16,111.4900,1.8465,16.1437,95.3463,41795,ok
696,805,4916,r4,bf16,134.4600,27.8136,41.7588,92.7013,294293,ok
6,13,1489,r4,bf16,109.6900,1.0570,13.9453,95.7447,4655,ok
11,3,2430,r4,bf16,112.0300,1.0718,14.2327,97.7973,7466,ok
64,58,2008,r4,bf16,109.9299,1.9698,15.4991,94.4308,7135,ok
2,1064,824,r4,bf16,111.7099,1.5945,16.9400,94.7699,24191,ok
187,94,1337,r4,bf16,112.9691,2.2339,16.5588,96.4103,6258,ok
214,2,879,r4,bf16,108.9900,1.1495,15.5650,93.4250,4171,ok
5,19,932,r4,bf16,108.9900,1.0239,13.9090,95.0810,3095,ok
15,22,2172,r4,bf16,120.3100,1.1850,14.8296,105.4804,6748,ok
1,1383,1330,r4,bf16,116.7799,8.0439,20.8859,95.8941,46342,ok
3,68,176,r4,bf16,110.5200,1.0011,13.7432,96.7768,769,ok
44,182,653,r4,bf16,109.0999,1.3370,16.7407,92.3592,5111,ok
11,163,4785,r4,bf16,110.6299,2.0318,14.3547,96.2753,29867,ok
739,18,3625,r4,bf16,109.5800,2.9238,17.0966,92.4834,32508,ok
2,2,5758,r4,bf16,110.0100,1.5007,15.3487,94.6613,17279,ok
320,105,1117,r4,bf16,116.4400,2.1793,16.3386,100.1014,6317,ok
10,895,3478,r4,bf16,109.8401,3.4138,16.8775,92.9625,76831,ok
38,5,1760,r4,bf16,119.4800,1.5609,16.0327,103.4472,5879,ok
242,1856,2734,r4,bf16,120.7900,12.8901,25.3566,95.4334,205919,ok
2,1779,3502,r4,bf16,111.3600,4.3682,17.8106,93.5494,150527,ok
82,12,2189,r4,bf16,108.9710,1.6385,15.3507,93.6203,8351,ok
91,2,1138,r4,bf16,116.9300,1.4803,15.3722,101.5578,4256,ok
1,389,3108,r4,bf16,112.5501,6.9611,18.8118,93.7383,38299,ok
250,2,1251,r4,bf16,111.3800,1.2280,15.3361,96.0439,6319,ok
19,3,4049,r4,bf16,108.9701,1.5532,14.6893,94.2808,12831,ok
1241,1067,1004,r4,bf16,122.4000,15.2189,28.2363,94.1637,116855,ok
689,4,404,r4,bf16,117.9300,1.2382,17.9677,99.9623,4283,ok
963,87,309,r4,bf16,116.5400,1.6018,18.2807,98.2593,4034,ok
3,6,877,r4,bf16,110.0199,0.9945,14.5854,95.4346,2694,ok
10,258,368,r4,bf16,112.1700,1.2066,18.5578,93.6122,3527,ok
2,889,1677,r4,bf16,110.5400,2.3868,15.6391,94.9009,37631,ok
1578,4,3724,r4,bf16,113.4800,4.5436,18.7343,94.7458,58799,ok
1,58,823,r4,bf16,117.4001,3.0073,10.5303,106.8697,2680,ok
3,475,367,r4,bf16,116.9400,1.1451,8.7132,108.2268,4619,ok
891,198,3473,r4,bf16,123.4399,9.2886,18.9307,104.5092,71287,ok
700,398,2220,r4,bf16,125.5199,8.8870,17.5236,107.9963,77903,ok
1,3,287,r4,bf16,126.3800,2.6468,10.1382,116.2418,1148,ok
79,1,211,r4,bf16,115.8291,2.8124,11.1341,104.6949,921,ok
39,1,442,r4,bf16,118.8901,2.8727,10.0295,108.8606,1683,ok
5,4,438,r4,bf16,118.3100,0.9756,9.6292,108.6807,1547,ok
782,6,1584,r4,bf16,117.7400,2.1972,11.9474,105.7927,15131,ok
257,165,267,r4,bf16,117.2400,1.5238,10.3193,106.9207,3833,ok
14,8,1034,r4,bf16,116.1101,1.0982,8.7107,107.3994,3563,ok
5927,5,1090,r5,bf16,119.1200,4.5505,13.2993,105.8207,56780,ok
2073,17,5147,r5,bf16,123.8500,7.5066,15.1198,108.7301,100654,ok
5524,2,3475,r5,bf16,127.5199,12.0932,21.2072,106.3128,165367,ok
4415,1032,765,r5,bf16,157.1501,31.5105,40.8164,116.3337,259037,ok
3140,876,1024,r5,bf16,144.0509,26.0818,34.2587,109.7922,197231,ok
4655,4,168,r5,bf16,126.9400,1.4518,10.0786,116.8614,10073,ok
3206,12,932,r5,bf16,116.5800,2.9214,11.3143,105.2658,28703,ok
2867,679,2212,r5,bf16,163.0201,42.0677,55.4993,107.5208,350891,ok
3002,3,2003,r5,bf16,126.7800,4.1089,11.7253,115.0547,54143,ok
3604,3,148,r5,bf16,115.9000,1.3315,9.9296,105.9703,7971,ok
3935,50,1192,r5,bf16,136.6200,5.0682,13.2359,123.3841,43169,ok
3115,35,585,r5,bf16,119.9400,3.0874,10.4275,109.5125,17484,ok
2127,57,206,r5,bf16,116.9700,1.7348,9.4961,107.4740,5017,ok
4203,289,247,r5,bf16,119.2499,5.5793,17.2138,102.0362,27509,ok
2428,6,1303,r5,bf16,118.6400,2.9873,12.5745,106.0655,30909,ok
3082,820,1072,r5,bf16,144.5999,29.1948,38.0328,106.5671,218231,ok
3539,5,183,r5,bf16,116.5899,1.3859,9.9432,106.6467,7841,ok
5629,2,213,r5,bf16,119.7800,1.6090,10.2487,109.5312,12021,ok
2411,78,1523,r5,bf16,121.4000,4.7098,15.3755,106.0245,33515,ok
3173,20,1535,r5,bf16,120.9701,3.9943,11.3993,109.5708,42659,ok
2605,425,1529,r5,bf16,132.6690,17.4146,26.1980,106.4709,143375,ok
3872,1,490,r5,bf16,122.3800,8.3082,17.8361,104.5439,17015,ok
4696,5,1556,r5,bf16,120.2900,4.8800,13.9920,106.2980,66013,ok
5966,28,954,r5,bf16,120.4510,4.9850,14.6939,105.7570,50783,ok
2458,1,322,r5,bf16,126.9000,5.6841,14.4922,112.4079,8519,ok
3325,96,3260,r5,bf16,126.2710,10.9038,20.3468,105.9243,96381,ok
2691,12,2088,r5,bf16,128.2799,4.4758,13.3293,114.9507,52240,ok
4159,222,3824,r5,bf16,148.3500,32.4491,41.4427,106.9073,272459,ok
2130,3,878,r5,bf16,116.1100,2.2475,10.0811,106.0289,17583,ok
3916,140,314,r5,bf16,121.5200,4.3653,13.0411,108.4790,25787,ok
2250,1060,326,r5,bf16,126.7800,11.8177,23.6700,103.1100,71063,ok
1961,8,951,r5,bf16,118.7100,1.9961,12.8855,105.8245,18743,ok
4012,267,226,r5,bf16,122.7400,5.3902,12.9833,109.7567,26363,ok
3467,11,2121,r5,bf16,121.3900,5.3775,14.1039,107.2861,65432,ok
2918,460,270,r5,bf16,122.0300,7.4390,20.6423,101.3878,39599,ok
6106,52,663,r5,bf16,110.3500,4.4145,18.5210,91.8289,38927,ok
4466,18,148,r5,bf16,110.5800,1.6545,14.6730,95.9070,9695,ok
3207,9,1660,r5,bf16,112.9600,4.1731,17.3034,95.6566,46656,ok
3544,531,854,r5,bf16,127.7600,18.9423,34.5485,93.2115,137409,ok
2301,3,1179,r5,bf16,109.7401,2.4638,14.2784,95.4617,26829,ok
2614,5,4906,r5,bf16,114.7200,8.5076,21.0498,93.6701,116843,ok
2259,1018,1024,r5,bf16,131.8100,22.8506,33.6543,98.1557,169023,ok
5709,569,409,r5,bf16,126.5199,18.5296,30.3543,96.1656,121819,ok
3318,2,532,r5,bf16,111.9201,1.9082,13.9880,97.9320,18499,ok
5642,2,333,r5,bf16,108.2401,2.0096,15.2018,93.0383,18071,ok
2019,670,1809,r5,bf16,134.8400,24.6323,38.2846,96.5554,216089,ok
3812,34,352,r5,bf16,108.3600,2.0818,15.2662,93.0937,12581,ok
3796,203,2761,r5,bf16,129.1999,21.1718,33.6389,95.5610,183831,ok
2320,113,1777,r5,bf16,118.1699,6.8844,20.5336,97.6363,37827,ok
3776,245,954,r5,bf16,117.7900,11.0145,25.9573,91.8326,66527,ok
5828,136,1460,r5,bf16,124.7399,16.0502,29.9039,94.8361,149039,ok
1951,3,1316,r5,bf16,111.2800,2.3486,14.8647,96.4154,25662,ok
4686,3,1510,r5,bf16,112.6099,4.6617,17.3638,95.2462,60815,ok
2299,321,3079,r5,bf16,133.7100,24.1014,36.9350,96.7750,201074,ok
3953,2,380,r5,bf16,109.0689,2.0510,15.0146,94.0543,13004,ok
2628,34,2627,r5,bf16,114.0300,5.9979,18.9697,95.0603,63209,ok
3763,1807,1990,r5,bf16,221.1300,114.3102,128.6739,92.4560,994799,ok
2264,1640,162,r5,bf16,120.1300,12.7283,28.1362,91.9938,68795,ok
2829,124,583,r5,bf16,113.0301,4.6759,18.7238,94.3063,16054,ok
1971,9,328,r5,bf16,113.3900,1.4372,15.3936,97.9965,7058,ok
4736,88,225,r5,bf16,108.9909,2.7340,16.0875,92.9034,10235,ok
5298,5,444,r5,bf16,107.8000,2.2711,17.7209,90.0791,22719,ok
5311,325,656,r5,bf16,121.4900,14.4794,23.1734,98.3166,102473,ok
3513,1640,2010,r5,bf16,234.8300,105.1050,115.8057,119.0242,810159,ok
4415,142,5871,r5,bf16,158.6800,34.0035,42.0674,116.6127,441323,ok
5624,10,720,r5,bf16,119.7800,3.5039,11.2173,108.5626,36035,ok
4023,6,1573,r5,bf16,122.2300,4.1557,12.8339,109.3961,57264,ok
5490,10,534,r5,bf16,130.1999,3.0742,11.8518,118.3481,29359,ok
3241,19,1549,r5,bf16,127.2401,4.1461,15.2207,112.0194,47098,ok
2041,355,388,r5,bf16,122.7200,5.7423,14.6822,108.0379,29075,ok
3959,25,1369,r5,bf16,130.6899,5.0901,18.8761,111.8139,47750,ok
3722,50,240,r5,bf16,125.3100,2.0441,12.3517,112.9583,8207,ok
1938,2,571,r5,bf16,117.4400,1.5844,10.0184,107.4216,11599,ok
2590,39,795,r5,bf16,136.2800,2.7606,12.0537,124.2262,20803,ok
3498,3,881,r5,bf16,122.7300,2.8509,11.1232,111.6068,27159,ok
5800,4,137,r5,bf16,116.6201,1.4907,9.2350,107.3851,12363,ok
2849,212,3588,r5,bf16,138.3000,23.4671,30.9571,107.3429,187397,ok
2181,1,428,r5,bf16,121.7800,5.7613,22.0577,99.7223,10251,ok
3959,1052,462,r5,bf16,140.2490,23.0014,30.4930,109.7560,156275,ok
4754,3,1535,r5,bf16,120.5200,4.7241,15.3320,105.1881,61631,ok
2569,316,4375,r5,bf16,150.2900,34.0082,43.7813,106.5087,309854,ok
3209,180,507,r5,bf16,129.5300,4.5443,12.6021,116.9279,28727,ok
5155,22,1232,r5,bf16,122.0099,5.4337,12.4637,109.5462,55369,ok
6048,68,742,r5,bf16,134.7100,4.8464,14.8477,119.8623,38579,ok
2148,1312,980,r5,bf16,170.2310,30.3997,39.3430,130.8879,222639,ok
4339,141,323,r5,bf16,131.0400,4.0975,12.6498,118.3902,28325,ok
4029,2,161,r5,bf16,116.3100,1.3769,9.8834,106.4266,8821,ok
5107,94,413,r5,bf16,121.6800,4.0571,13.5289,108.1511,21955,ok
3544,68,1769,r5,bf16,130.7101,5.8932,15.1580,115.5520,54963,ok
1921,3,185,r5,bf16,122.0400,1.1982,11.7064,110.3336,4605,ok
4611,31,278,r5,bf16,125.6501,2.1452,11.2282,114.4219,14978,ok
2969,158,766,r5,bf16,127.7000,5.2163,13.6780,114.0220,40211,ok
3624,1197,606,r5,bf16,151.1300,27.3462,35.3473,115.7827,200299,ok
2166,2,2121,r5,bf16,129.7899,3.5673,12.6423,117.1476,43315,ok
2762,2,2608,r5,bf16,125.3800,4.8063,13.2048,112.1752,66023,ok
5399,2,1396,r5,bf16,130.0400,5.3375,15.6943,114.3457,63590,ok
4544,6,3269,r5,bf16,131.3901,8.7154,17.5007,113.8893,128075,ok
4255,29,245,r5,bf16,129.8700,1.8934,9.8127,120.0574,9273,ok
2592,529,247,r5,bf16,121.3800,5.6413,12.6920,108.6880,29739,ok
4358,75,1126,r5,bf16,127.7500,5.9855,14.5784,113.1716,42659,ok
1958,3,427,r5,bf16,123.1900,1.4560,13.6720,109.5180,9359,ok
3998,18,347,r5,bf16,117.4500,1.9480,9.0537,108.3963,13139,ok
3001,33,1283,r5,bf16,125.9500,3.8170,11.1682,114.7818,37212,ok
3683,16,668,r5,bf16,117.4200,2.4809,19.6614,97.7585,24389,ok
4905,86,5482,r5,bf16,151.8300,30.7534,37.8325,113.9975,227340,ok
3870,9,937,r5,bf16,118.2600,3.3841,12.5201,105.7399,34015,ok
3329,632,2228,r5,bf16,160.1110,44.6268,52.8719,107.2391,333989,ok
5348,227,343,r5,bf16,130.0491,6.7512,16.3084,113.7407,34379,ok
2638,3,3850,r5,bf16,127.2800,9.7086,21.1200,106.1600,93619,ok
5470,12,141,r5,bf16,116.7300,1.6420,11.4632,105.2668,11703,ok
3334,388,1950,r5,bf16,148.7300,25.8991,34.0480,114.6820,237823,ok
4214,1,191,r5,bf16,132.5690,5.9028,14.7306,117.8384,9191,ok
4485,487,261,r5,bf16,124.7301,10.3391,19.3852,105.3449,58403,ok
4963,1328,1318,r5,bf16,215.1200,85.3145,94.4710,120.6490,646744,ok
3648,1,638,r5,bf16,135.1701,11.3836,21.4250,113.7451,20149,ok
3306,1350,708,r5,bf16,165.0200,44.0230,51.1691,113.8509,243407,ok
1948,73,168,r5,bf16,115.9890,1.7771,26.9961,88.9929,4659,ok
6087,147,2075,r5,bf16,145.2201,22.3676,32.2780,112.9420,219945,ok
4302,1229,617,r5,bf16,146.5089,32.2766,41.8795,104.6295,234199,ok
2657,2,141,r5,bf16,125.8500,1.2046,10.6177,115.2323,6077,ok
3346,277,2244,r5,bf16,145.5500,22.9398,32.5969,112.9531,201311,ok
1927,106,3208,r5,bf16,133.4200,8.8859,17.1383,116.2816,60033,ok
5263,336,651,r5,bf16,129.4690,14.5842,22.1493,107.3197,101609,ok
4355,201,165,r5,bf16,124.7600,4.3971,13.8866,110.8734,18947,ok
2010,14,1549,r5,bf16,117.1300,2.7070,11.1198,106.0102,31095,ok
2991,131,2445,r5,bf16,135.1690,14.0414,23.2688,111.9003,134919,ok
4710,9,5508,r5,bf16,153.2400,30.5566,37.5500,115.6900,224047,ok
3657,115,1501,r5,bf16,130.2100,8.0189,17.0779,113.1321,48467,ok
4203,3,1748,r5,bf16,126.4500,4.8550,13.2607,113.1893,64189,ok
3173,1515,2036,r5,bf16,204.2400,80.8207,91.1243,113.1157,682559,ok
5961,1795,3235,r5,bf16,410.7699,288.1054,298.4236,112.3464,2473769,ok
3798,94,792,r5,bf16,136.9399,4.8081,13.1889,123.7510,29259,ok
2952,24,4398,r5,bf16,128.5600,8.7577,17.6507,110.9093,116689,ok
4073,4,149,r5,bf16,128.3300,1.3329,8.8561,119.4739,8909,ok
3201,28,166,r5,bf16,120.9800,1.5880,9.3628,111.6171,7165,ok
2500,12,553,r5,bf16,124.6401,1.7920,12.7427,111.8974,14409,ok
3972,3,3086,r5,bf16,132.5100,7.6927,18.2573,114.2527,108849,ok
3424,2,190,r5,bf16,115.5800,1.3712,10.5930,104.9870,7611,ok
5751,1,1583,r5,bf16,144.4510,23.2686,35.4631,108.9880,79728,ok
2365,141,5856,r5,bf16,140.5310,20.1841,27.8412,112.6898,252723,ok
5587,27,683,r5,bf16,126.0100,3.8263,16.1298,109.8803,35813,ok
2690,28,5222,r5,bf16,128.0289,9.6338,23.0711,104.9578,125951,ok
2007,37,4107,r5,bf16,125.4900,6.1703,15.1330,110.3570,78836,ok
2174,2,3004,r5,bf16,117.9900,4.9318,14.1573,103.8327,61343,ok
2669,417,414,r5,bf16,121.9900,8.5996,31.5641,90.4259,48815,ok
1995,492,465,r5,bf16,128.1301,7.0202,16.7109,111.4192,38031,ok
3284,2,1594,r5,bf16,127.9799,3.7557,11.9023,116.0776,47657,ok
5036,5,4747,r5,bf16,135.9000,13.3959,21.8674,114.0326,205883,ok
4013,63,286,r5,bf16,127.8000,2.4527,11.9941,115.8059,13184,ok
5320,25,152,r5,bf16,123.8300,1.9193,10.8814,112.9486,11403,ok
1095,2950,403,r6,bf16,130.5100,18.1256,25.8728,104.6371,141791,ok
2,1996,152,r6,bf16,124.2800,1.1663,8.7400,115.5400,12287,ok
746,5269,792,r6,bf16,153.0109,33.3430,41.5797,111.4313,331631,ok
2,2259,5017,r6,bf16,128.0799,7.0440,15.0832,112.9967,276479,ok
69,4844,174,r6,bf16,117.6600,2.4364,11.7150,105.9450,34275,ok
2,4742,202,r6,bf16,119.1600,1.5081,11.7848,107.3752,29183,ok
495,5693,687,r6,bf16,138.9000,22.5358,31.5918,107.3082,236789,ok
2,4425,722,r6,bf16,115.9699,2.7581,12.4154,103.5546,80639,ok
44,5394,1038,r6,bf16,123.4100,5.2516,14.1630,109.2470,164861,ok
3,2962,3437,r6,bf16,128.0099,7.1900,14.5182,113.4917,249479,ok
48,2110,913,r6,bf16,121.6100,2.6963,11.4963,110.1138,58479,ok
1,5340,336,r6,bf16,131.8901,7.9315,17.9362,113.9538,48257,ok
248,6106,4117,r6,bf16,169.1501,53.9887,63.0411,106.1090,997919,ok
54,2800,1919,r6,bf16,127.5700,4.7011,13.0028,114.5672,143879,ok
62,5526,329,r6,bf16,116.7100,3.0110,13.5561,103.1539,58607,ok
189,2294,617,r6,bf16,121.2800,4.6803,12.8541,108.4259,51389,ok
357,2934,386,r6,bf16,128.1700,7.3489,15.7055,112.4645,67987,ok
14,2966,133,r6,bf16,114.9001,1.3941,9.7078,105.1922,19007,ok
3,4544,1875,r6,bf16,122.2200,5.1575,13.5994,108.6206,207899,ok
139,2252,202,r6,bf16,117.1300,2.3168,10.5862,106.5438,18755,ok
40,3372,210,r6,bf16,116.2400,1.7847,12.8832,103.3568,22787,ok
1483,4968,3750,r6,bf16,345.4700,223.8373,234.4703,110.9997,2182049,ok
4,4121,2986,r6,bf16,120.1900,7.5344,15.7186,104.4714,305711,ok
12,6040,186,r6,bf16,118.3400,1.8045,13.4535,104.8865,37823,ok
402,2273,341,r6,bf16,124.7100,5.5872,13.9259,110.7841,42335,ok
4,2198,1723,r6,bf16,126.3900,3.1263,11.1986,115.1914,97271,ok
6,4865,2521,r6,bf16,125.8199,8.7566,16.5446,109.2753,302639,ok
1392,4728,5912,r6,bf16,468.1700,344.0889,353.3889,114.7811,3084985,ok
68,1994,465,r6,bf16,117.5799,2.0960,10.8157,106.7642,28799,ok
20,5908,656,r6,bf16,119.2000,3.9155,11.6687,107.5312,113363,ok
8,4868,4507,r6,bf16,128.2800,12.5219,21.3491,106.9309,547559,ok
1,6010,2104,r6,bf16,154.6700,30.3402,44.3279,110.3421,306016,ok
1859,4083,133,r6,bf16,145.7800,21.1595,29.7749,116.0052,143423,ok
169,2500,5876,r6,bf16,155.1399,25.9029,41.5730,113.5669,506919,ok
1149,5226,1994,r6,bf16,224.6000,107.8604,133.5400,91.0600,1004335,ok
7,5642,3096,r6,bf16,131.6901,13.3198,21.5468,110.1433,437624,ok
121,2343,279,r6,bf16,128.0600,2.8788,12.2522,115.8078,28670,ok
73,3829,624,r6,bf16,125.1800,3.6507,11.0218,114.1582,68249,ok
469,4227,350,r6,bf16,126.1199,10.1055,17.5885,108.5314,86801,ok
1,3890,461,r6,bf16,121.7099,8.0391,17.0636,104.6463,47491,ok
835,2522,1074,r6,bf16,139.4100,22.5675,32.6523,106.7577,219059,ok
4,5911,1547,r6,bf16,129.3300,5.8963,14.0315,115.2985,235845,ok
297,5412,745,r6,bf16,143.7600,14.3189,22.0102,121.7498,175181,ok
62,3240,1410,r6,bf16,128.4600,5.7836,15.3705,113.0895,138527,ok
13,4995,529,r6,bf16,127.9999,2.5522,12.5041,115.4958,78999,ok
341,1959,526,r6,bf16,127.9400,6.4509,15.8086,112.1314,57839,ok
38,5476,2102,r6,bf16,132.3690,8.2731,16.6189,115.7501,307019,ok
257,4027,4187,r6,bf16,173.0999,40.9513,50.1609,122.9390,674783,ok
240,4003,4525,r6,bf16,153.9600,40.5889,53.8739,100.0861,716543,ok
323,1954,3698,r6,bf16,146.0101,25.2955,32.6873,113.3228,327119,ok
4,4586,637,r6,bf16,120.8510,2.7329,11.2287,109.6223,69479,ok
19,2297,676,r6,bf16,118.1700,2.0332,11.6752,106.4948,43307,ok
1912,5026,2222,r6,bf16,309.5900,188.1688,196.8884,112.7016,1651679,ok
129,2466,165,r6,bf16,126.8300,2.5111,11.8046,115.0253,20439,ok
1155,5524,130,r6,bf16,134.7200,20.7971,29.4311,105.2889,135255,ok
980,4588,189,r6,bf16,129.7600,13.9980,21.2714,108.4886,98063,ok
3,2358,348,r6,bf16,125.8600,1.5041,9.9368,115.9232,21944,ok
921,3135,1033,r6,bf16,157.6700,32.2295,40.4957,117.1743,293174,ok
25,3295,340,r6,bf16,116.5291,1.8807,9.5041,107.0250,31745,ok
11,2576,388,r6,bf16,120.7900,1.7461,10.2434,110.5466,33011,ok
99,1974,4822,r6,bf16,135.8200,11.1886,21.3223,114.4977,292447,ok
49,3444,658,r6,bf16,117.6300,3.2882,11.2320,106.3980,69821,ok
251,4655,2102,r6,bf16,153.6100,31.6400,39.6205,113.9895,398156,ok
1478,3110,180,r6,bf16,129.1400,14.0804,21.7681,107.3719,92999,ok
418,4398,142,r6,bf16,132.1801,7.0762,14.8109,117.3692,55999,ok
42,4925,5031,r6,bf16,132.2801,17.6327,26.0694,106.2106,661439,ok
14,3324,720,r6,bf16,124.7399,2.4452,11.1680,113.5719,61775,ok
277,4352,808,r6,bf16,126.0401,11.9646,19.5914,106.4486,156841,ok
4,3802,142,r6,bf16,132.1599,1.2993,8.8307,123.3292,23159,ok
15,2748,167,r6,bf16,116.3700,1.3875,11.5577,104.8124,17467,ok
2,4804,743,r6,bf16,125.6800,2.8862,12.9064,112.7736,87551,ok
3,5690,437,r6,bf16,127.7700,2.3270,9.5250,118.2450,69299,ok
28,4309,234,r6,bf16,118.2200,1.8343,9.6021,108.6179,27879,ok
371,5133,861,r6,bf16,139.0401,18.8958,29.2618,109.7782,216110,ok
213,4454,5954,r6,bf16,170.1700,51.0836,61.2200,108.9500,978774,ok
351,2922,928,r6,bf16,127.4400,12.2057,20.6259,106.8141,134871,ok
20,3579,4107,r6,bf16,131.1300,8.6016,21.6816,109.4483,371447,ok
2,5433,904,r6,bf16,129.8090,3.6479,12.3898,117.4192,132095,ok
3,5689,274,r6,bf16,116.2599,1.8705,10.6634,105.5965,51974,ok
1,3321,1183,r6,bf16,137.3200,12.2170,21.6489,115.6711,99579,ok
1,3991,1136,r6,bf16,137.3801,14.0795,22.8536,114.5265,110303,ok
71,2111,512,r6,bf16,117.9900,2.1820,11.1505,106.8394,30803,ok
3,3310,540,r6,bf16,134.4600,1.9700,13.9438,120.5163,50049,ok
12,5355,1439,r6,bf16,125.8900,5.1556,13.9202,111.9698,198575,ok
2,4125,6056,r6,bf16,136.6200,13.8375,23.7488,112.8713,608255,ok
16,4705,1634,r6,bf16,128.0700,5.2557,14.1930,113.8770,191437,ok
36,3075,295,r6,bf16,127.2310,1.9098,10.5696,116.6614,31349,ok
24,2620,844,r6,bf16,118.9399,2.4648,10.2855,108.6544,59681,ok
158,5387,226,r6,bf16,122.0000,4.0865,13.0409,108.9591,46439,ok
456,4659,1460,r6,bf16,157.1600,31.0986,41.6271,115.5329,372071,ok
4,2088,219,r6,bf16,118.2100,1.3475,11.2834,106.9265,13123,ok
11,2696,2953,r6,bf16,128.9200,5.8179,13.1729,115.7471,207503,ok
13,2320,5594,r6,bf16,135.8000,8.6795,17.4647,118.3353,330219,ok
206,4888,881,r6,bf16,127.1090,10.3580,18.0225,109.0865,160523,ok
2,3798,719,r6,bf16,116.8600,2.3884,10.6332,106.2268,69119,ok
11,2127,438,r6,bf16,126.2201,1.7148,13.3766,112.8434,26723,ok
8,2907,2030,r6,bf16,118.1201,4.4165,13.1013,105.0188,143519,ok
2,2984,2420,r6,bf16,125.5800,4.9257,12.8914,112.6886,175103,ok
10,5197,3634,r6,bf16,127.3201,12.3913,20.4286,106.8915,466087,ok
4,4088,1526,r6,bf16,121.7400,4.0398,12.6361,109.1040,148223,ok
4,3674,809,r6,bf16,118.0500,2.6373,12.6080,105.4421,78357,ok
6,4401,4101,r6,bf16,126.8300,11.3138,25.6009,101.2290,448139,ok
878,2172,558,r6,bf16,131.0890,14.5766,23.3246,107.7644,107099,ok
2,3294,1672,r6,bf16,120.6000,3.8126,11.2202,109.3798,139775,ok
209,2054,200,r6,bf16,116.5509,3.2568,10.8291,105.7218,20093,ok
119,5071,1349,r6,bf16,135.1000,9.3818,18.7971,116.3029,220439,ok
2,2113,1216,r6,bf16,117.5200,2.4994,10.3052,107.2148,65279,ok
5,4582,414,r6,bf16,116.7110,2.0120,10.5512,106.1598,55727,ok
515,5483,1004,r6,bf16,146.1999,28.7664,36.9737,109.2262,308567,ok
203,4670,1452,r6,bf16,132.3310,14.6802,25.7544,106.5766,259739,ok
133,3072,4061,r6,bf16,134.3400,16.3442,25.2782,109.0618,395519,ok
4,2319,2118,r6,bf16,129.4001,4.3004,13.0157,116.3843,124677,ok
5,3517,4199,r6,bf16,133.0310,9.2785,16.6527,116.3784,357587,ok
15,4518,3705,r6,bf16,132.7000,11.0822,19.1882,113.5118,414467,ok
145,2135,948,r6,bf16,128.5401,5.2575,14.5489,113.9912,71671,ok
414,6128,759,r6,bf16,138.5800,19.4725,26.9607,111.6193,229247,ok
2,2883,889,r6,bf16,119.8000,2.6742,11.7273,108.0727,61823,ok
1126,2072,4438,r6,bf16,210.6000,94.7131,102.4839,108.1161,897259,ok
28,2157,2353,r6,bf16,137.1801,4.3861,12.7443,124.4358,132429,ok
2,2245,322,r6,bf16,125.1700,1.4043,11.3172,113.8528,20735,ok
63,4139,3582,r6,bf16,141.9301,15.6584,25.1632,116.7669,411179,ok
86,4031,828,r6,bf16,124.7000,4.6025,15.0755,109.6245,104831,ok
45,4152,366,r6,bf16,118.8400,2.3970,10.8343,108.0058,42272,ok
9,3964,1425,r6,bf16,118.6600,4.3682,11.8643,106.7958,145451,ok
4,2412,1073,r6,bf16,125.7501,2.6982,11.0366,114.7135,66005,ok
544,2760,253,r6,bf16,126.6199,6.0175,17.8506,108.7694,40743,ok
1,3558,994,r6,bf16,132.5309,11.7032,21.4241,111.1068,85791,ok
103,3627,1645,r6,bf16,134.1901,7.7712,16.4900,117.7001,182844,ok
719,2779,2794,r6,bf16,165.0491,48.4517,55.9689,109.0802,532883,ok
6,2822,871,r6,bf16,119.6000,2.7466,11.1414,108.4586,62467,ok
51,4529,143,r6,bf16,117.6600,2.1142,9.9720,107.6880,31175,ok
266,4904,130,r6,bf16,133.1300,5.8094,19.8650,113.2650,50543,ok
70,1963,220,r6,bf16,108.6500,1.7666,16.5150,92.1349,14463,ok
725,2048,4296,r6,bf16,163.4900,53.8720,67.8309,95.6591,602207,ok
155,4680,1752,r6,bf16,120.7599,14.2618,28.0884,92.6716,278165,ok
309,4499,4093,r6,bf16,159.5900,50.8686,65.6297,93.9604,796031,ok
15,2998,1586,r6,bf16,110.5999,3.5309,16.6341,93.9658,123863,ok
55,4228,535,r6,bf16,108.1800,3.0991,18.2684,89.9116,74289,ok
24,3031,150,r6,bf16,107.4800,1.4628,15.6827,91.7973,19487,ok
263,3722,3954,r6,bf16,146.9101,36.0625,50.5760,96.3341,599849,ok
265,3112,2580,r6,bf16,128.9999,21.0312,35.1143,93.8856,339674,ok
2,4025,4710,r6,bf16,118.3701,12.1194,28.9525,89.4175,454655,ok
846,2775,381,r6,bf16,132.3899,11.5777,27.6616,104.7283,81047,ok
9,5385,484,r6,bf16,110.2911,2.6218,16.8861,93.4050,67251,ok
23,2818,361,r6,bf16,107.9401,1.8631,16.5098,91.4302,27944,ok
719,3218,1016,r6,bf16,131.8400,26.4000,40.0967,91.7433,229007,ok
21,2837,613,r6,bf16,111.1301,2.2949,16.3856,94.7445,46344,ok
867,2661,1904,r6,bf16,153.4499,45.7050,60.8287,92.6212,393434,ok
5,5529,783,r6,bf16,128.3910,3.2145,24.5979,103.7931,119195,ok
10,3162,2248,r6,bf16,117.0001,5.0850,19.8724,97.1277,176399,ok
5199,4941,213,r7,bf16,174.9800,65.6266,80.3672,94.6129,435317,ok
5915,3346,5086,r7,bf16,917.2000,804.1476,819.6636,97.5364,6800759,ok
2343,5736,272,r7,bf16,155.7099,48.2755,62.7505,92.9594,367874,ok
5278,2631,3323,r7,bf16,472.3110,361.7739,374.8255,97.4855,3090359,ok
2324,5189,1661,r7,bf16,269.7001,162.6434,182.0155,87.6846,1442297,ok
2212,5709,690,r7,bf16,194.3799,84.4661,99.2466,95.1333,700379,ok
2378,5123,159,r7,bf16,140.6701,32.1649,46.4221,94.2480,226319,ok
2008,4527,183,r7,bf16,131.6000,24.7887,40.4925,91.1075,172079,ok
4575,2144,4867,r7,bf16,529.4100,412.7675,426.9829,102.4271,3286490,ok
2254,3696,1565,r7,bf16,226.0291,117.7555,132.8632,93.1658,993771,ok
2941,2147,851,r7,bf16,162.9799,54.6520,70.1307,92.8492,395436,ok
2838,5412,283,r7,bf16,167.6399,54.6393,69.7181,97.9219,415379,ok
2492,3846,717,r7,bf16,187.6300,79.2778,90.0889,97.5410,534563,ok
2682,2261,3309,r7,bf16,288.7601,162.1210,172.6521,116.1079,1433951,ok
2147,5495,4881,r7,bf16,631.6400,503.3884,513.0311,118.6089,4241132,ok
2235,5629,360,r7,bf16,160.4200,45.1843,53.0161,107.4039,345443,ok
4827,2802,721,r7,bf16,212.7900,93.7861,102.6723,110.1176,687587,ok
4388,3625,2381,r7,bf16,435.0401,305.3359,313.8036,121.2365,2628269,ok
3045,2065,486,r7,bf16,159.0290,32.6634,40.4186,118.6105,233035,ok
5373,4883,4620,r7,bf16,1148.0401,1019.0509,1026.8998,121.1402,8304464,ok
3811,2814,830,r7,bf16,206.0300,85.3811,94.6291,111.4008,645721,ok
3408,2554,3736,r7,bf16,389.3090,265.2614,274.4060,114.9030,2273999,ok
2058,2825,5646,r7,bf16,411.3399,284.3920,296.4324,114.9076,2525399,ok
3685,5756,132,r7,bf16,193.2200,71.5497,79.4357,113.7843,366029,ok
4936,3975,3528,r7,bf16,723.3700,603.8648,611.8286,111.5414,4764927,ok
4513,6143,476,r7,bf16,298.0900,174.1337,184.9161,113.1740,939839,ok
4562,5129,1879,r7,bf16,492.8000,360.4584,368.6778,124.1222,3040559,ok
4820,4979,369,r7,bf16,236.5300,118.6956,129.7796,106.7503,608633,ok
2670,3074,141,r7,bf16,141.3900,24.2475,34.1743,107.2157,152599,ok
5502,4932,215,r7,bf16,184.6600,68.2929,80.1527,104.5073,458951,ok
4976,2818,1345,r7,bf16,285.5300,160.0730,171.8568,113.6732,1355573,ok
3393,3222,1357,r7,bf16,249.3099,139.6482,153.9137,95.3962,1079649,ok
5517,3109,143,r7,bf16,149.4400,42.4312,56.5686,92.8714,294949,ok
5169,5810,2917,r7,bf16,835.3699,719.4961,734.9535,100.4164,5872957,ok
2305,3135,2402,r7,bf16,250.6510,142.7827,155.1246,95.5264,1276324,ok
5243,5281,4574,r7,bf16,1115.1000,999.5498,1015.5989,99.5011,8504999,ok
4050,2257,654,r7,bf16,172.8401,62.7707,80.0197,92.8204,478655,ok
5861,2240,4742,r7,bf16,661.2000,548.1254,563.8182,97.3818,4270211,ok
2918,3818,2988,r7,bf16,400.1000,277.3600,292.0782,108.0218,2375999,ok
2140,2189,819,r7,bf16,153.3510,46.0009,61.1164,92.2346,317771,ok
5497,5935,1616,r7,bf16,552.7700,440.1001,455.0061,97.7639,3592068,ok
2400,4832,552,r7,bf16,203.0600,88.0659,106.0988,96.9612,528579,ok
2612,3814,714,r7,bf16,179.7799,72.8401,84.2282,95.5517,538919,ok
3513,5936,150,r7,bf16,160.4100,50.8837,65.9582,94.4518,366129,ok
5304,3180,3385,r7,bf16,628.9199,516.8430,531.2557,97.6642,3838049,ok
5320,4525,804,r7,bf16,292.1300,179.3154,196.4293,95.7007,1436903,ok
3523,3842,595,r7,bf16,188.6899,83.4404,100.0843,88.6056,605274,ok
4404,5189,474,r7,bf16,263.3301,150.4606,165.4405,97.8895,784903,ok
5827,3695,401,r7,bf16,216.5800,107.8714,122.5902,93.9898,720243,ok
2321,4470,382,r7,bf16,149.5710,38.6794,53.6145,95.9565,283814,ok
4920,5777,504,r7,bf16,249.0700,141.1603,155.6371,93.4329,975567,ok
2981,2728,346,r7,bf16,137.8689,32.3699,46.5833,91.2857,221957,ok
6134,5029,3648,r7,bf16,996.4800,883.7270,898.6572,97.8228,7558559,ok
1984,5813,3111,r7,bf16,405.0600,297.2471,311.9937,93.0663,2720899,ok
5003,5642,633,r7,bf16,256.0901,147.7841,160.7691,95.3209,1211624,ok
2101,3724,1022,r7,bf16,176.4101,67.6060,84.3691,92.0410,595919,ok
2469,4554,5802,r7,bf16,630.3700,509.3341,518.9346,111.4354,4721255,ok
4418,4836,2553,r7,bf16,576.0000,440.9107,450.7419,125.2580,3647999,ok
4929,2313,1339,r7,bf16,249.7310,132.6214,142.4516,107.2794,1109998,ok
3897,5307,700,r7,bf16,260.9000,135.7066,146.8880,114.0120,1078307,ok
2600,3585,869,r7,bf16,196.5000,73.3602,81.4105,115.0895,605345,ok
1959,2033,267,r7,bf16,134.9699,17.2820,26.9982,107.9717,112367,ok
3406,4131,965,r7,bf16,249.5000,125.1623,134.1141,115.3860,1000031,ok
3748,6087,181,r7,bf16,181.5601,55.2457,63.4627,118.0974,396479,ok
2963,3622,2737,r7,bf16,373.7990,244.9716,254.0602,119.7388,2134109,ok
5367,3951,1624,r7,bf16,404.6899,284.8302,294.9579,109.7321,2316846,ok
5434,4824,1216,r7,bf16,416.1299,290.3160,298.8118,117.3181,2210079,ok
1948,3104,170,r7,bf16,136.2499,17.2486,26.8027,109.4473,116499,ok
5885,5022,491,r7,bf16,248.2400,127.9835,136.0179,112.2220,1002719,ok
2159,3701,503,r7,bf16,163.1711,40.5362,48.7070,114.4641,294755,ok
4454,5085,1295,r7,bf16,385.8691,259.0977,268.6786,117.1905,2127839,ok
4974,1940,318,r7,bf16,156.1400,37.5593,46.4536,109.6864,257087,ok
3169,3299,2980,r7,bf16,380.6200,261.4125,269.7977,110.8223,2215823,ok
2356,3739,1031,r7,bf16,210.3200,90.1653,99.4502,110.8698,739259,ok
4080,1952,153,r7,bf16,138.4000,22.2848,31.3220,107.0780,142783,ok
2135,3035,1299,r7,bf16,200.9710,79.3388,90.4665,110.5046,664487,ok
4510,4094,195,r7,bf16,159.2999,44.2663,51.9382,107.3617,313087,ok
5257,3039,3022,r7,bf16,501.9110,379.0057,388.7757,113.1353,3248063,ok
2344,2989,1720,r7,bf16,229.6800,109.8852,120.9750,108.7050,915935,ok
3996,3511,4566,r7,bf16,632.9300,505.1550,514.2218,118.7082,4413023,ok
4935,3840,1769,r7,bf16,387.3500,260.9486,271.2761,116.0739,2233139,ok
3113,3487,1473,r7,bf16,300.1799,181.7998,190.8331,109.3469,1174319,ok
5086,2424,756,r7,bf16,203.9999,87.9782,99.4950,104.5049,623351,ok
2379,2416,148,r7,bf16,137.6590,17.4327,26.7943,110.8647,104917,ok
2207,4634,462,r7,bf16,174.6201,48.8805,58.6366,115.9835,383171,ok
2738,2271,1196,r7,bf16,194.4901,73.2580,81.0925,113.3976,561599,ok
3113,2048,566,r7,bf16,153.2400,39.1536,49.7081,103.5320,279599,ok
4913,4631,5573,r7,bf16,1115.9000,982.7041,993.5314,122.3686,8620259,ok
5206,3426,2755,r7,bf16,549.6901,423.5276,431.9052,117.7849,3319271,ok
4787,3094,576,r7,bf16,220.5200,97.1550,104.8525,115.6675,646124,ok
3684,3214,1432,r7,bf16,294.5110,167.2980,175.2736,119.2374,1268591,ok
4948,5592,1549,r7,bf16,494.1600,367.5090,375.5952,118.5648,3048759,ok
3536,2469,604,r7,bf16,173.2300,52.5953,61.2909,111.9391,391799,ok
2493,4483,1040,r7,bf16,231.3510,106.6274,116.6132,114.7378,931499,ok
2296,2328,144,r7,bf16,134.9500,15.5530,24.1021,110.8479,101763,ok
2193,3946,1515,r7,bf16,237.1800,110.1120,119.9944,117.1856,957899,ok
3550,4810,1065,r7,bf16,312.8900,186.0498,193.8590,119.0311,1344743,ok
2588,4678,531,r7,bf16,230.6791,96.8959,104.2059,126.4732,549449,ok
2023,2470,719,r7,bf16,156.8400,34.2403,43.0441,113.7958,288599,ok
3918,4755,3597,r7,bf16,747.8000,614.4027,623.1060,124.6940,4738599,ok
4726,4602,1257,r7,bf16,364.4000,237.4495,245.0648,119.3351,1838879,ok
2405,4168,1887,r7,bf16,340.3000,214.5500,232.6215,107.6786,1379564,ok
2624,2957,401,r7,bf16,170.4700,42.4198,52.2396,118.2304,288575,ok
6113,4320,517,r7,bf16,260.2000,139.0545,149.8876,110.3124,1104149,ok
2409,2854,328,r7,bf16,140.4489,25.5289,36.0068,104.4421,192578,ok
5047,2390,557,r7,bf16,191.2110,68.6900,76.1713,115.0397,515754,ok
3578,2573,248,r7,bf16,145.8300,24.3542,37.4143,108.4157,166319,ok
5874,5493,143,r7,bf16,195.4600,77.7059,86.8907,108.5693,538015,ok
3572,2021,689,r7,bf16,165.4400,50.0489,60.1266,105.3134,379583,ok
2182,4895,280,r7,bf16,166.7599,40.1654,50.4866,116.2734,299987,ok
2725,2123,5434,r7,bf16,397.7701,271.7786,307.0627,90.7074,2271216,ok
3436,3138,1092,r7,bf16,240.6400,116.5387,125.8733,114.7667,859049,ok
2367,4855,391,r7,bf16,199.6900,77.1415,84.8015,114.8885,417847,ok
5142,4537,403,r7,bf16,227.9300,98.1011,107.6477,120.2823,795455,ok
3380,2705,4877,r7,bf16,492.5700,365.8103,379.7514,112.8186,3227795,ok
5155,3595,1853,r7,bf16,440.3100,311.5187,321.1191,119.1909,2408594,ok
2103,4873,515,r7,bf16,181.5089,60.8139,71.5073,110.0016,484574,ok
2625,2812,4004,r7,bf16,377.2801,249.4936,257.4257,119.8543,2116927,ok
2166,6048,773,r7,bf16,228.2200,105.7448,115.3697,112.8503,856127,ok
3984,3462,164,r7,bf16,164.9510,37.4951,46.6411,118.3099,244495,ok
4679,3062,831,r7,bf16,235.0700,115.3841,122.5295,112.5405,850247,ok
4993,2760,222,r7,bf16,151.9601,34.9038,44.7545,107.2056,236499,ok
2026,4285,167,r7,bf16,139.0800,23.1050,35.1602,103.9198,163743,ok
3830,2079,200,r7,bf16,146.7800,22.3918,29.7570,117.0230,143207,ok
3037,2697,195,r7,bf16,143.2300,24.7229,32.3118,110.9182,150435,ok
5742,5773,5319,r7,bf16,1639.5800,1504.7347,1513.9341,125.6459,11831567,ok
6006,5531,1149,r7,bf16,430.8800,300.5302,309.9641,120.9159,2529647,ok
3074,4551,976,r7,bf16,249.2400,123.9765,132.8506,116.3894,995327,ok
2502,4734,242,r7,bf16,152.6300,30.0396,38.4557,114.1743,213415,ok
4099,5795,1020,r7,bf16,330.4899,199.5707,208.0466,122.4433,1649007,ok
2275,2914,928,r7,bf16,173.9289,57.8309,65.0241,108.9048,488887,ok
3175,2285,1301,r7,bf16,207.6599,86.3746,95.5009,112.1590,704285,ok
5344,5945,260,r7,bf16,232.1199,107.9221,117.1906,114.9293,807365,ok
4130,1970,230,r7,bf16,138.5900,22.5516,33.8311,104.7589,144383,ok
3489,3888,336,r7,bf16,170.9900,51.1366,60.0932,110.8968,360002,ok
4513,5419,5473,r7,bf16,1235.7900,1111.1625,1119.0553,116.7346,9050854,ok
2168,4252,973,r7,bf16,224.6300,99.6226,107.2020,117.4280,693599,ok
4325,5686,390,r7,bf16,242.5100,125.8736,135.9645,106.5455,847259,ok
5352,2134,151,r7,bf16,154.0999,29.0839,37.7907,116.3092,194955,ok
5632,2596,2009,r7,bf16,380.4800,250.9596,259.8868,120.5932,2020703,ok
2480,3807,480,r7,bf16,170.0900,46.6031,55.1052,114.9848,343439,ok
4452,4567,4213,r7,bf16,798.8201,675.3208,685.5136,113.3064,5742791,ok
4888,3242,211,r7,bf16,155.6999,40.2023,48.3445,107.3555,274039,ok
4193,3201,1995,r7,bf16,349.5200,231.3632,239.8994,109.6206,1903199,ok
6060,2835,716,r7,bf16,237.3900,117.3549,125.5232,111.8668,888995,ok
2863,2791,329,r7,bf16,148.9801,32.3612,40.9180,108.0620,214169,ok
2895,2926,515,r7,bf16,170.4700,54.4376,65.1489,105.3211,376854,ok
5783,2971,138,r7,bf16,166.7200,42.4146,52.1961,114.5239,295919,ok
5898,3775,424,r7,bf16,221.6101,101.9051,110.1822,111.4279,753599,ok
4834,1971,3504,r7,bf16,405.4999,280.1900,288.0230,117.4769,2336767,ok
2206,1976,224,r7,bf16,129.5400,14.2256,23.5432,105.9968,82815,ok
5073,2038,4403,r7,bf16,496.3201,365.2864,373.5482,122.7719,3054799,ok
2697,2415,1621,r7,bf16,217.3600,92.6674,100.3666,116.9934,760512,ok
2546,3706,2468,r7,bf16,327.3700,195.6116,206.8350,120.5350,1698239,ok
4175,2778,1490,r7,bf16,279.7900,161.4892,172.1282,107.6618,1203047,ok
3991,1968,765,r7,bf16,177.4201,52.9684,61.4786,115.9415,419807,ok
4009,2994,240,r7,bf16,159.8500,37.1770,47.1621,112.6879,210767,ok
5551,1945,3651,r7,bf16,441.0900,315.5443,324.6380,116.4519,2752911,ok
2332,6083,4351,r7,bf16,625.6000,497.6139,507.2327,118.3673,4429247,ok
2137,4690,1703,r7,bf16,284.2700,157.6145,165.2843,118.9858,1304841,ok
5249,3421,431,r7,bf16,203.7199,85.0852,94.3373,109.3826,608147,ok
4817,4522,1025,r7,bf16,339.2100,214.7536,224.6306,114.5795,1684475,ok
6041,4700,880,r7,bf16,346.3799,227.2015,236.0275,110.3524,1663556,ok
5636,3459,3351,r7,bf16,674.0900,545.3789,553.2291,120.8609,4549607,ok
2036,2234,294,r7,bf16,133.6600,17.5685,26.1597,107.5004,130571,ok
2516,2262,151,r7,bf16,135.8500,16.3252,24.7890,111.0611,104327,ok
3682,3814,2136,r7,bf16,376.7400,246.1059,259.4012,117.3388,2072639,ok
3926,3253,734,r7,bf16,203.0900,88.1188,97.4957,105.5943,672047,ok
1953,3933,1505,r7,bf16,215.8000,99.0410,111.9720,103.8280,868619,ok
3976,5876,1952,r7,bf16,509.4100,378.7958,387.3996,122.0104,3207487,ok
2454,3907,1096,r7,bf16,219.1401,95.1490,105.7284,113.4116,791243,ok
4200,3836,2407,r7,bf16,435.7690,312.1725,320.5577,115.2113,2611739,ok
3272,3713,4610,r7,bf16,573.2100,449.7968,458.7002,114.5098,4055939,ok
2611,4150,2232,r7,bf16,346.0799,216.7829,225.8904,120.1896,1777841,ok
4991,3741,5561,r7,bf16,952.2000,820.4611,831.2210,120.9790,7092359,ok
5885,3491,740,r7,bf16,251.1599,132.9770,142.0737,109.0861,1052855,ok
2166,3802,429,r7,bf16,160.9300,42.4159,52.2525,108.6775,305759,ok
4275,4417,3662,r7,bf16,661.2299,541.4211,550.9961,110.2339,4726854,ok
4558,4923,3325,r7,bf16,695.2999,567.2394,576.8179,118.4821,5009159,ok
6115,2816,1255,r7,bf16,302.8710,184.1687,196.8650,106.0060,1429339,ok
