d0,d1,d2,size,log2_size,latency_us,kernel_us,program_us,wall_us,host_us
1,1,11,11,3.459432,0.838554,0.838554,15.533428,134.471105,118.937677
1,1,16,16,4.000000,0.839241,0.839241,15.569429,137.410010,121.840582
1,1,18,18,4.169925,0.839063,0.839063,16.271875,137.440045,121.168170
1,1,25,25,4.643856,0.838170,0.838170,16.512696,142.349978,125.837282
1,1,40,40,5.321928,0.860295,0.860295,16.183303,136.510003,120.326700
1,1,61,61,5.930737,0.838455,0.838455,15.884678,145.470025,129.585347
1,1,87,87,6.442943,0.847018,0.847018,16.040107,150.950043,134.909937
1,1,102,102,6.672425,0.838670,0.838670,17.281036,136.940042,119.659006
1,1,120,120,6.906891,0.838982,0.838982,15.642973,137.970084,122.327111
1,1,157,157,7.294621,0.861232,0.861232,16.480437,135.260052,118.779615
1,1,354,354,8.467606,0.860598,0.860598,20.822286,141.980010,121.157724
1,1,1138,1138,10.152285,0.936590,0.936590,19.810723,139.179989,119.369266
1,1,1470,1470,10.521600,0.919553,0.919553,15.647696,138.589996,122.942300
1,1,1753,1753,10.775610,0.916643,0.916643,15.778554,139.719923,123.941369
1,1,1915,1915,10.903129,0.962964,0.962964,23.965857,141.229946,117.264089
1,1,2151,2151,11.070792,0.937848,0.937848,16.457455,138.710020,122.252565
1,1,2887,2887,11.495355,0.963625,0.963625,17.447125,136.599992,119.152867
1,1,3457,3457,11.755305,1.029000,1.029000,16.993911,140.729942,123.736032
1,1,5671,5671,12.469387,1.075304,1.075304,16.565125,138.789997,122.224873
1,1,27859,27859,14.765856,1.715420,1.715420,18.147428,148.760038,130.612610
1,1,58917,58917,15.846396,2.627536,2.627536,17.296589,145.599945,128.303355
1,1,60577,60577,15.886483,2.643857,2.643857,18.654125,174.220069,155.565944
1,1,109348,109348,16.738567,4.057134,4.057134,20.040411,142.130069,122.089659
1,1,159502,159502,17.283215,5.439545,5.439545,21.957000,143.990037,122.033037
1,2,7734,15468,13.916999,1.083428,1.083428,16.962464,137.060066,120.097602
1,8,10,80,6.321928,0.847286,0.847286,17.553839,141.600030,124.046191
1,8,18,144,7.169925,0.850187,0.850187,15.936411,142.629957,126.693546
1,8,44,352,8.459432,0.847411,0.847411,16.252813,139.450072,123.197260
1,8,48,384,8.584963,0.872027,0.872027,16.087268,138.789997,122.702729
1,8,53,424,8.727920,0.875116,0.875116,17.228429,138.989999,121.761570
1,8,116,928,9.857981,0.853277,0.853277,19.160831,140.790013,121.629182
1,8,124,992,9.954196,0.860572,0.860572,18.159009,153.330038,135.171029
1,8,218,1744,10.768184,0.880688,0.880688,15.921241,140.759978,124.838736
1,8,281,2248,11.134426,0.922714,0.922714,16.549840,140.759978,124.210138
1,8,395,3160,11.625709,0.949982,0.949982,16.204000,138.950069,122.746069
1,8,425,3400,11.731319,0.884732,0.884732,16.513411,141.959987,125.446576
1,8,487,3896,11.927778,0.904991,0.904991,16.600259,144.429971,127.829712
1,8,553,4424,12.111136,0.937589,0.937589,16.779000,138.420030,121.641030
1,8,848,6784,12.727920,0.918062,0.918062,16.677402,139.090000,122.412598
1,8,921,7368,12.847057,0.923446,0.923446,15.707857,138.509902,122.802045
1,8,1572,12576,13.618386,0.980473,0.980473,15.927420,142.670004,126.742584
1,8,5534,44272,15.434107,1.219536,1.219536,15.943143,138.040050,122.096907
1,8,7159,57272,15.805542,1.274589,1.274589,17.251741,144.599937,127.348196
1,8,8659,69272,16.079985,1.398018,1.398018,16.600286,148.350024,131.749738
1,8,18677,149416,17.188975,1.931947,1.931947,18.177152,147.840008,129.662856
1,8,19347,154776,17.239822,1.943339,1.943339,17.056732,142.390956,125.334224
1,8,23842,190736,17.541218,2.134000,2.134000,17.765572,147.320097,129.554526
1,8,27070,216560,17.724407,2.328268,2.328268,17.278036,141.539960,124.261924
1,8,89778,718224,19.454074,5.507696,5.507696,20.796000,143.550918,122.754918
1,8,143046,1144368,20.126120,8.178009,8.178009,22.656696,147.119979,124.463283
1,14,94,1316,10.361944,0.879831,0.879831,15.202571,138.039934,122.837362
1,15,5,75,6.228819,0.846590,0.846590,16.033875,146.260019,130.226145
1,16,8,128,7.000000,0.863696,0.863696,15.779973,145.299942,129.519969
1,16,10,160,7.321928,0.880420,0.880420,15.708277,138.989999,123.281722
1,16,15,240,7.906891,0.914741,0.914741,18.250697,135.340029,117.089333
1,16,25,400,8.643856,0.887839,0.887839,15.661527,141.100027,125.438500
1,16,63,1008,9.977280,0.881134,0.881134,15.146000,154.369976,139.223976
1,16,160,2560,11.321928,0.910991,0.910991,23.433964,140.110031,116.676067
1,16,182,2912,11.507795,0.895268,0.895268,17.378580,140.429940,123.051360
1,16,185,2960,11.531381,0.903161,0.903161,15.896294,138.030038,122.133744
1,16,237,3792,11.888743,0.928000,0.928000,17.546420,139.840064,122.293644
1,16,277,4432,12.113742,0.908964,0.908964,16.979411,143.909943,126.930532
1,16,293,4688,12.194757,0.928161,0.928161,16.404688,142.200035,125.795348
1,16,341,5456,12.413628,0.912741,0.912741,17.009715,153.959962,136.950247
1,16,436,6976,12.768184,0.919116,0.919116,15.816875,139.579992,123.763117
1,16,438,7008,12.774787,0.924625,0.924625,16.471991,145.929982,129.457991
1,16,483,7728,12.915879,0.950830,0.950830,16.259589,138.220028,121.960439
1,16,544,8704,13.087463,0.925161,0.925161,16.448589,139.879994,123.431405
1,16,659,10544,13.364135,0.930446,0.930446,17.377428,138.949952,121.572524
1,16,1255,20080,14.293472,1.046607,1.046607,17.401259,141.949044,124.547785
1,16,1535,24560,14.584023,1.020295,1.020295,17.019446,138.700008,121.680562
1,16,1887,30192,14.881879,1.147777,1.147777,16.027857,138.628995,122.601138
1,16,2232,35712,15.124121,1.159482,1.159482,16.690018,140.019925,123.329908
1,16,2665,42640,15.379920,1.193786,1.193786,18.611268,146.070030,127.458762
1,16,3083,49328,15.590119,1.222741,1.222741,15.592554,139.820040,124.227487
1,16,8979,143664,17.132339,1.834991,1.834991,16.843848,140.730059,123.886210
1,16,9371,149936,17.193987,1.872589,1.872589,17.276848,136.189046,118.912198
1,16,11455,183280,17.483690,2.120072,2.120072,16.902750,147.740007,130.837257
1,16,12530,200480,17.613099,2.250848,2.250848,18.565312,141.789904,123.224591
1,16,15615,249840,17.930645,2.565009,2.565009,18.586303,142.288976,123.702673
1,16,17811,284976,18.120481,2.775598,2.775598,19.417277,141.829951,122.412674
1,16,18962,303392,18.210824,2.869313,2.869313,17.904009,151.491025,133.587017
1,16,23057,368912,18.492917,3.330715,3.330715,18.020812,142.949051,124.928239
1,16,47251,756016,19.528057,5.751196,5.751196,21.842456,150.389969,128.547514
1,16,74917,1198672,20.193006,8.505687,8.505687,26.862946,148.819992,121.957046
1,16,80231,1283696,20.291872,9.115446,9.115446,24.433437,144.660007,120.226570
1,16,107984,1727744,20.720458,11.878330,11.878330,26.681991,148.740015,122.058024
1,16,133762,2140192,21.029309,14.448232,14.448232,30.097277,152.499997,122.402720
1,16,140423,2246768,21.099420,15.140991,15.140991,29.809562,156.859984,127.050421
1,17,39,663,9.372865,0.913866,0.913866,14.616589,136.950985,122.334395
1,23,32710,752330,19.521006,5.973081,5.973081,22.091161,161.639997,139.548836
1,38,693,26334,14.684639,1.107036,1.107036,16.867697,145.570026,128.702329
1,64,12,768,9.584963,0.879910,0.879910,19.827312,143.010053,123.182741
1,64,16,1024,10.000000,0.880946,0.880946,15.795732,140.269985,124.474253
1,64,41,2624,11.357552,0.972857,0.972857,15.717134,147.079933,131.362799
1,64,76,4864,12.247928,0.929848,0.929848,15.810563,137.800002,121.989439
1,64,78,4992,12.285402,0.954732,0.954732,16.117259,144.379912,128.262653
1,64,137,8768,13.098032,0.986402,0.986402,15.559741,142.248929,126.689188
1,64,138,8832,13.108524,0.995366,0.995366,17.245134,141.069992,123.824858
1,64,645,41280,15.333155,1.256750,1.256750,17.780580,140.240067,122.459486
1,64,1002,64128,15.968667,1.342562,1.342562,17.475402,139.590004,122.114602
1,64,1025,65600,16.001408,1.368580,1.368580,15.912964,138.409901,122.496937
1,64,1130,72320,16.142107,1.437580,1.437580,16.744455,137.560070,120.815614
1,64,1961,125504,16.937374,1.795821,1.795821,16.613563,141.288969,124.675406
1,64,3389,216896,17.726644,2.349179,2.349179,16.857116,140.910037,124.052921
1,64,3494,223616,17.770664,2.364473,2.364473,17.376849,145.749073,128.372224
1,64,4137,264768,18.014369,2.664599,2.664599,17.752839,143.029029,125.276189
1,64,4919,314816,18.264149,2.997321,2.997321,18.844321,141.939963,123.095642
1,64,12279,785856,19.583905,5.966295,5.966295,21.323732,142.059987,120.736255
1,64,14850,950400,19.858175,7.039009,7.039009,21.754973,147.250015,125.495042
1,64,15177,971328,19.889599,7.112598,7.112598,21.408580,142.739969,121.331389
1,64,21843,1397952,20.414883,9.818339,9.818339,25.165545,154.809910,129.644365
1,64,26648,1705472,20.701740,11.754723,11.754723,25.800000,149.080064,123.280064
1,64,44133,2824512,21.429570,14.302982,14.302982,28.486286,153.000001,124.513715
1,64,47390,3032960,21.532295,15.255456,15.255456,29.452151,154.471025,125.018873
1,64,54202,3468928,21.726058,14.841411,14.841411,31.254714,153.569970,122.315256
1,64,70342,4501888,22.102099,19.026393,19.026393,35.846303,155.220041,119.373738
1,64,91122,5831808,22.475512,24.425857,24.425857,40.912866,165.899983,124.987117
1,64,93296,5970944,22.509528,25.006152,25.006152,39.876428,163.370045,123.493617
1,64,108771,6961344,22.730934,28.847410,28.847410,43.924009,167.480088,123.556079
1,92,10719,986148,19.911445,7.451018,7.451018,21.794410,144.379912,122.585502
1,128,9,1152,10.169925,0.879732,0.879732,19.208562,139.859971,120.651408
1,128,10,1280,10.321928,0.878902,0.878902,15.262723,139.049953,123.787230
1,128,11,1408,10.459432,0.880705,0.880705,16.621116,138.700008,122.078892
1,128,17,2176,11.087463,0.918125,0.918125,17.140116,141.200027,124.059911
1,128,21,2688,11.392317,0.898277,0.898277,15.550437,136.650051,121.099614
1,128,31,3968,11.954196,0.908705,0.908705,15.245866,139.150070,123.904204
1,128,59,7552,12.882643,0.946098,0.946098,16.236723,142.680015,126.443292
1,128,217,27776,14.761551,1.072598,1.072598,17.708429,141.380006,123.671577
1,128,233,29824,14.864186,1.092393,1.092393,15.769277,141.580007,125.810731
1,128,320,40960,15.321928,1.207179,1.207179,17.546991,138.959964,121.412973
1,128,434,55552,15.761551,1.279410,1.279410,16.269982,141.790020,125.520038
1,128,448,57344,15.807355,1.317143,1.317143,17.750134,139.851007,122.100873
1,128,1883,241024,17.878817,2.529000,2.529000,19.426313,141.890021,122.463709
1,128,2274,291072,18.151017,2.832741,2.832741,17.873143,140.271033,122.397890
1,128,3125,400000,18.609640,3.503170,3.503170,18.425411,151.340035,132.914624
1,128,5232,669696,19.353147,5.197616,5.197616,22.354321,151.139917,128.785595
1,128,6775,867200,19.726005,6.485661,6.485661,21.726964,144.320074,122.593110
1,128,21380,2736640,21.383974,14.034991,14.034991,28.810000,151.660061,122.850061
1,128,22820,2920960,21.478011,14.841938,14.841938,31.503429,157.990027,126.486599
1,128,36669,4693632,22.162273,19.782884,19.782884,34.983545,155.930058,120.946513
1,128,83299,10662272,23.346012,43.723009,43.723009,60.228446,180.140021,119.911575
1,128,83605,10701440,23.351302,44.008000,44.008000,60.634589,190.240098,129.605509
1,128,92977,11901056,23.504586,48.753696,48.753696,64.703277,192.360021,127.656744
1,128,107486,13758208,23.713789,56.116018,56.116018,70.559705,191.869913,121.310207
1,128,130017,16642176,23.988341,67.823161,67.823161,81.768277,206.280034,124.511757
1,128,141033,18052224,24.105673,73.535152,73.535152,86.659170,210.099970,123.440800
1,169,12,2028,10.985842,0.915277,0.915277,14.578259,143.369893,128.791634
1,192,5,960,9.906891,0.889813,0.889813,15.426009,136.659946,121.233938
1,242,258,62436,15.930090,1.387705,1.387705,18.055000,135.049922,116.994922
1,256,10,2560,11.321928,0.909090,0.909090,13.648705,136.110000,122.461295
1,256,12,3072,11.584963,0.919313,0.919313,16.441857,135.649927,119.208070
1,256,25,6400,12.643856,0.969268,0.969268,13.793134,137.620023,123.826889
1,256,29,7424,12.857981,0.925276,0.925276,14.077580,135.050039,120.972458
1,256,37,9472,13.209453,0.982562,0.982562,15.750268,135.689974,119.939706
1,256,41,10496,13.357552,0.935982,0.935982,15.856991,137.840048,121.983057
1,256,55,14080,13.781360,0.977134,0.977134,15.775866,137.239927,121.464061
1,256,78,19968,14.285402,1.031589,1.031589,15.755438,136.230025,120.474587
1,256,196,50176,15.614710,1.273152,1.273152,15.841420,141.769997,125.928577
1,256,245,62720,15.936638,1.376562,1.376562,18.644009,137.180090,118.536081
1,256,251,64256,15.971544,1.368045,1.368045,14.948589,139.169046,124.220456
1,256,391,100096,16.611025,1.620232,1.620232,17.234009,141.749973,124.515965
1,256,469,120064,16.873444,1.686536,1.686536,15.763134,140.449964,124.686830
1,256,589,150784,17.202124,1.911268,1.911268,17.645875,143.890036,126.244161
1,256,735,188160,17.521600,2.177634,2.177634,15.602455,138.200005,122.597549
1,256,780,199680,17.607330,2.267312,2.267312,16.345286,140.210032,123.864746
1,256,859,219904,17.746514,2.367812,2.367812,14.963688,166.120008,151.156320
1,256,1252,320512,18.290019,3.035973,3.035973,14.208277,138.259958,124.051682
1,256,1456,372736,18.507795,3.444929,3.444929,17.230277,137.199997,119.969720
1,256,26331,6740736,22.684475,28.101420,28.101420,41.684473,167.659950,125.975476
1,256,34889,8931584,23.090485,36.834857,36.834857,50.651687,174.129033,123.477345
1,256,51706,13236736,23.658044,55.089804,55.089804,67.850598,192.119973,124.269375
1,481,4,1924,10.909893,0.911304,0.911304,14.267000,149.589963,135.322963
1,488,69,33672,15.039262,1.142866,1.142866,15.243259,138.340052,123.096793
1,512,11,5632,12.459432,0.938473,0.938473,17.306152,139.110023,121.803871
1,512,14,7168,12.807355,0.923321,0.923321,13.645250,136.380084,122.734834
1,512,15,7680,12.906891,0.953857,0.953857,16.237670,142.810051,126.572382
1,512,36,18432,14.169925,1.013286,1.013286,13.616866,141.699915,128.083049
1,512,44,22528,14.459432,1.061393,1.061393,14.121420,139.810028,125.688609
1,512,58,29696,14.857981,1.134554,1.134554,15.208402,137.569965,122.361563
1,512,62,31744,14.954196,1.115991,1.115991,17.129991,135.320006,118.190015
1,512,64,32768,15.000000,1.103580,1.103580,13.367848,135.289971,121.922122
1,512,115,58880,15.845490,1.293241,1.293241,18.960411,136.849936,117.889526
1,512,155,79360,16.276124,1.451009,1.451009,17.631545,143.010053,125.378508
1,512,220,112640,16.781360,1.689848,1.689848,14.208839,135.969953,121.761113
1,512,227,116224,16.826548,1.677821,1.677821,17.246295,136.020011,118.773717
1,512,248,126976,16.954196,1.763375,1.763375,15.948116,138.559961,122.611845
1,512,326,166912,17.348728,2.090571,2.090571,16.101884,137.788942,121.687058
1,512,425,217600,17.731319,2.372009,2.372009,16.329750,142.810051,126.480301
1,512,492,251904,17.942515,2.617866,2.617866,15.110848,140.869990,125.759142
1,512,505,258560,17.980140,2.658732,2.658732,17.363036,143.320067,125.957031
1,512,1162,594944,19.182394,4.896330,4.896330,20.473018,139.040058,118.567040
1,512,1765,903680,19.785452,6.972161,6.972161,20.029286,143.329962,123.300676
1,512,2573,1317376,20.329236,9.769554,9.769554,22.667402,145.880040,123.212638
1,512,3305,1692160,20.690435,12.220732,12.220732,25.456268,149.920001,124.463733
1,512,4297,2200064,21.069114,15.587858,15.587858,28.608580,153.230038,124.621457
1,512,4379,2242048,21.096386,15.837624,15.837624,28.889991,150.860054,121.970063
1,512,4765,2439680,21.218260,17.242589,17.242589,30.836732,154.189998,123.353266
1,512,9846,5041152,22.265322,21.262715,21.262715,33.979589,157.100032,123.120443
1,512,11147,5707264,22.444368,24.048750,24.048750,38.985973,164.389960,125.403986
1,512,20139,10311168,23.297704,42.853152,42.853152,55.875429,177.870039,121.994610
1,512,21932,11229184,23.420750,46.236866,46.236866,58.657580,184.060074,125.402494
1,512,32120,16445440,23.971184,67.185018,67.185018,79.264732,201.469986,122.205254
1,512,39636,20293632,24.274524,82.942759,82.942759,96.217447,219.490030,123.272583
1,512,75832,38825984,25.210519,157.467000,157.467000,169.924607,292.239944,122.315336
1,531,80,42480,15.374496,1.232678,1.232678,14.398866,138.220028,123.821162
1,741,3,2223,11.118292,0.923768,0.923768,14.998553,137.449941,122.451387
1,1024,9,9216,13.169925,0.999688,0.999688,13.670991,133.930007,120.259016
1,1024,12,12288,13.584963,0.959366,0.959366,12.877009,160.470023,147.593014
1,1024,19,19456,14.247928,1.059285,1.059285,13.024420,135.959941,122.935521
1,1024,20,20480,14.321928,1.042759,1.042759,13.758982,137.220020,123.461038
1,1024,24,24576,14.584963,1.069893,1.069893,13.500750,135.669950,122.169200
1,1024,100,102400,16.643856,1.610714,1.610714,16.222143,141.190947,124.968804
1,1024,156,159744,17.285402,1.989590,1.989590,15.479830,136.999995,121.520165
1,1024,254,260096,17.988685,2.754429,2.754429,16.430875,141.940080,125.509205
1,1024,393,402432,18.618386,3.708393,3.708393,15.877830,137.250056,121.372225
1,1024,400,409600,18.643856,3.636572,3.636572,17.040152,139.390002,122.349850
1,1024,572,585728,19.159871,4.852116,4.852116,17.494286,141.940080,124.445794
1,1024,875,896000,19.773139,6.909580,6.909580,20.539545,143.179903,122.640358
1,1024,2040,2088960,20.994353,14.874125,14.874125,27.984268,151.099986,123.115719
1,1024,2680,2744320,21.388017,14.144286,14.144286,27.716857,156.129943,128.413086
1,1024,8643,8850432,23.077316,36.611562,36.611562,48.747714,169.189996,120.442282
1,1024,12377,12674048,23.595374,52.665589,52.665589,65.661250,184.929930,119.268680
1,1024,13783,14113792,23.750602,57.777964,57.777964,70.100000,195.400091,125.300091
1,1024,14142,14481408,23.787699,60.014902,60.014902,73.776839,195.820001,122.043161
1,1024,16650,17049600,24.023235,70.533018,70.533018,83.151143,204.880023,121.728881
1,1024,19991,20470784,24.287063,84.384678,84.384678,97.669295,217.669061,119.999767
1,1024,22608,23150592,24.464546,95.728697,95.728697,108.416250,229.859957,121.443708
1,1024,24190,24770560,24.562123,101.043143,101.043143,117.818000,244.530034,126.712034
2,1,11,22,4.459432,0.862313,0.862313,14.614991,142.499921,127.884930
2,1,12,24,4.584963,0.839152,0.839152,14.066009,136.180082,122.114074
2,1,165,330,8.366322,0.862098,0.862098,16.117723,139.340060,123.222336
2,1,181,362,8.499846,0.872339,0.872339,14.354991,138.820033,124.465041
2,1,229,458,8.839204,0.861161,0.861161,14.006411,139.659969,125.653559
2,1,270,540,9.076816,0.886464,0.886464,16.048875,163.799967,147.751092
2,1,289,578,9.174926,0.860875,0.860875,14.328821,144.570018,130.241197
2,1,473,946,9.885696,0.903107,0.903107,14.974143,134.839909,119.865766
2,1,482,964,9.912889,0.878116,0.878116,16.411554,185.320037,168.908484
2,1,4072,8144,12.991522,0.988000,0.988000,14.987580,136.449933,121.462353
2,1,5356,10712,13.386940,1.051464,1.051464,14.563330,137.910014,123.346684
2,1,9735,19470,14.248965,1.184946,1.184946,16.389134,150.530017,134.140883
2,1,19728,39456,15.267957,1.456142,1.456142,16.144714,135.631068,119.486353
2,1,26155,52310,15.674799,1.665259,1.665259,15.257982,141.769997,126.512015
2,2,846,3384,11.724514,0.926116,0.926116,14.427125,138.600008,124.172883
2,2,1119,4476,12.127994,0.972830,0.972830,14.413018,136.100105,121.687087
2,2,4086,16344,13.996473,1.083812,1.083812,13.553402,139.930053,126.376651
2,3,13607,81642,16.317024,2.079179,2.079179,15.778428,138.060073,122.281645
2,4,119,952,9.894818,0.891411,0.891411,13.969973,136.410003,122.440029
2,4,16255,130040,16.988596,2.063696,2.063696,14.744696,136.930030,122.185333
2,8,11,176,7.459432,0.880706,0.880706,13.394107,136.959949,123.565841
2,8,112,1792,10.807355,0.880848,0.880848,19.127821,142.490026,123.362204
2,8,151,2416,11.238405,0.887607,0.887607,16.520759,136.820017,120.299258
2,8,385,6160,12.588715,0.944143,0.944143,14.119580,137.580093,123.460513
2,8,1099,17584,14.101976,0.978143,0.978143,14.592884,137.579977,122.987093
2,8,1354,21664,14.403012,1.034428,1.034428,15.316429,138.130970,122.814541
2,8,6177,98832,16.592691,1.546009,1.546009,15.370545,137.720024,122.349480
2,8,13187,210992,17.686829,2.305741,2.305741,15.895447,140.269985,124.374539
2,8,13675,218800,17.739253,2.318303,2.318303,15.115598,149.670057,134.554459
2,11,1820,40040,15.289154,1.583420,1.583420,14.808143,135.819893,121.011751
2,13,942,24492,14.580023,1.296143,1.296143,14.863143,138.760079,123.896936
2,16,23,736,9.523562,0.897536,0.897536,14.038429,143.770012,129.731583
2,16,77,2464,11.266787,0.900840,0.900840,14.540973,138.289994,123.749021
2,16,92,2944,11.523562,0.898438,0.898438,15.068303,137.189985,122.121682
2,16,105,3360,11.714246,0.882348,0.882348,16.618304,137.030031,120.411727
2,16,130,4160,12.022368,0.934152,0.934152,14.623169,139.310025,124.686855
2,16,320,10240,13.321928,0.964848,0.964848,14.105446,142.831006,128.725560
2,16,2083,66656,16.024447,1.386035,1.386035,14.258875,139.790005,125.531130
2,19,7545,286710,18.129233,5.044107,5.044107,18.559857,142.989913,124.430056
2,23,2,92,6.523562,0.861724,0.861724,14.735098,137.379975,122.644877
2,50,18,1800,10.813781,0.970509,0.970509,14.123321,138.220028,124.096707
2,64,9,1152,10.169925,0.943080,0.943080,14.728161,136.110000,121.381839
2,64,15,1920,10.906891,0.943580,0.943580,14.499018,138.620031,124.121013
2,64,121,15488,13.918863,0.961822,0.961822,14.178116,133.940019,119.761903
2,64,1106,141568,17.111136,1.868893,1.868893,15.427196,136.699993,121.272797
2,64,22819,2920832,21.477948,15.213678,15.213678,27.593018,148.599967,121.006950
2,64,56582,7242496,22.788056,30.254437,30.254437,44.309446,169.591047,125.281601
2,75,1435,215250,17.715654,4.251509,4.251509,19.052580,175.439985,156.387405
2,78,5,780,9.607330,0.892098,0.892098,13.959134,137.908966,123.949832
2,128,49,12544,13.614710,1.044161,1.044161,15.679857,139.620039,123.940181
2,128,207,52992,15.693487,1.747857,1.747857,15.072848,138.030970,122.958121
2,128,242,61952,15.918863,1.785688,1.785688,15.029312,136.780087,121.750775
2,128,1607,411392,18.650154,6.725018,6.725018,20.683973,144.429971,123.745997
2,135,1154,311580,18.249243,5.798161,5.798161,18.313152,143.199926,124.886775
2,154,16,4928,12.266787,0.962286,0.962286,14.496732,142.570934,128.074202
2,157,25,7850,12.938477,1.083884,1.083884,14.458589,136.599992,122.141403
2,221,19,8398,13.035830,1.038304,1.038304,16.268286,138.849951,122.581666
2,256,30,15360,13.906891,1.119892,1.119892,15.419295,144.590042,129.170747
2,256,39,19968,14.285402,1.177356,1.177356,15.261830,138.649950,123.388119
2,256,75,38400,15.228819,1.425294,1.425294,14.517982,165.640027,151.122045
2,256,111,56832,15.794416,1.806393,1.806393,13.705313,146.818929,133.113617
2,256,221,113152,16.787903,2.506099,2.506099,17.208447,137.179974,119.971527
2,256,366,187392,17.515700,3.558295,3.558295,17.324134,138.370087,121.045954
2,256,8550,4377600,22.061709,52.278429,52.278429,66.055848,185.240060,119.184212
2,256,41183,21085696,24.329761,247.804187,247.804187,261.943465,385.159976,123.216511
2,279,28,15624,13.931476,1.169018,1.169018,13.584161,137.910014,124.325853
2,364,716,521248,18.991610,8.679884,8.679884,23.631464,144.140096,120.508632
2,456,5,4560,12.154818,0.959831,0.959831,13.705598,136.739924,123.034326
2,512,15,15360,13.906891,1.127884,1.127884,14.644160,135.409995,120.765835
2,512,59,60416,15.882643,1.779286,1.779286,16.335696,145.548955,129.213258
2,512,128,131072,17.000000,1.759402,1.759402,15.268161,137.289986,122.021826
2,512,692,708608,19.434628,10.943009,10.943009,24.271259,160.629977,136.358719
2,512,2005,2053120,20.969387,25.569598,25.569598,38.562723,166.320009,127.757286
2,512,6315,6466560,22.624567,76.839455,76.839455,90.187009,216.390006,126.202997
2,512,20296,20783104,24.308908,85.121848,85.121848,99.579705,222.969917,123.390211
2,821,26,42692,15.381678,1.613678,1.613678,15.295295,146.050006,130.754712
2,1024,54,110592,16.754888,2.523429,2.523429,15.517429,142.490026,126.972597
2,1024,94,192512,17.554589,3.680982,3.680982,18.306134,138.689997,120.383863
2,1024,133,272384,18.055282,4.768455,4.768455,18.859161,147.629995,128.770834
2,1024,273,559104,19.092757,8.815411,8.815411,24.556125,143.570011,119.013886
2,1024,408,835584,19.672425,6.432973,6.432973,20.598134,142.219942,121.621808
2,1024,596,1220608,20.219169,18.173536,18.173536,33.240884,161.699951,128.459067
2,1024,3456,7077888,22.754888,29.923232,29.923232,44.471000,170.059968,125.588968
2,1024,5518,11300864,23.429930,133.648437,133.648437,147.536580,267.599942,120.063362
2,1024,8888,18202624,24.117643,74.352955,74.352955,88.194455,211.009989,122.815533
2,1291,84,216888,17.726591,4.283277,4.283277,17.635714,142.440083,124.804369
2,2348,29,136184,17.055198,2.988572,2.988572,16.457125,134.779955,118.322830
2,3232,31,200384,17.612408,3.834428,3.834428,18.189687,137.579977,119.390289
3,1,20478,61434,15.906750,1.624125,1.624125,15.608277,147.519982,131.911706
3,2,9848,59088,15.850578,1.788884,1.788884,16.719866,167.940045,151.220179
3,3,2,18,4.169925,0.887723,0.887723,14.871170,136.120012,121.248842
3,3,418,3762,11.877284,0.934276,0.934276,14.799705,137.359952,122.560246
3,4,80,960,9.906891,0.910411,0.910411,15.444437,139.569980,124.125543
3,5,525,7875,12.943064,1.065536,1.065536,15.424286,140.880002,125.455716
3,9,3151,85077,16.376482,1.975009,1.975009,16.015696,137.600000,121.584304
3,16,474,22752,14.473706,1.034759,1.034759,15.802563,135.909999,120.107436
3,24,11,792,9.629357,0.962187,0.962187,15.606437,137.810013,122.203576
3,36,13,1404,10.455327,0.948384,0.948384,16.026134,137.089984,121.063850
3,44,3,396,8.629357,0.878723,0.878723,14.189625,140.499906,126.310281
3,137,82,33702,15.040547,1.330572,1.330572,16.849750,135.379960,118.530210
3,438,25,32850,15.003606,1.221063,1.221063,15.062286,137.450057,122.387771
3,564,4,6768,12.724514,1.000563,1.000563,15.748428,138.570089,122.821660
3,578,110,190740,17.541248,2.348277,2.348277,18.042295,139.520038,121.477743
3,1124,55,185460,17.500749,2.255161,2.255161,17.333821,145.560014,128.226193
3,1727,1276,6610956,22.656427,27.595437,27.595437,40.565143,170.300016,129.734873
3,1961,5031,29597373,24.818966,124.499152,124.499152,137.947589,260.700006,122.752417
3,2902,2,17412,14.087794,1.137715,1.137715,14.664304,135.950046,121.285742
4,1,10,40,5.321928,0.848777,0.848777,15.626411,134.269008,118.642598
4,1,40,160,7.321928,0.850295,0.850295,14.041991,140.790013,126.748022
4,1,48,192,7.584963,0.850125,0.850125,16.054009,139.459968,123.405959
4,1,3395,13580,13.729196,1.034554,1.034554,15.638009,138.000003,122.361994
4,1,4899,19596,14.258272,1.074054,1.074054,14.759250,141.159981,126.400731
4,1,18706,74824,16.191213,1.668562,1.668562,15.601589,137.769966,122.168377
4,1,23203,92812,16.502024,1.747705,1.747705,15.683696,150.299980,134.616284
4,1,29764,119056,16.861281,2.061973,2.061973,14.890563,144.540099,129.649537
4,2,14,112,6.807355,0.906241,0.906241,14.652268,140.369986,125.717718
4,2,20,160,7.321928,0.883544,0.883544,14.607839,141.040073,126.432233
4,2,10418,83344,16.346791,2.130206,2.130206,16.470411,138.789997,122.319586
4,3,641,7692,12.909143,0.972321,0.972321,15.457589,136.720017,121.262427
4,6,149,3576,11.804131,0.937580,0.937580,15.868554,138.200005,122.331451
4,7,12,336,8.392317,0.910535,0.910535,15.172822,144.699938,129.527116
4,8,663,21216,14.372865,1.036161,1.036161,15.153241,135.759939,120.606698
4,8,926,29632,14.854868,1.118625,1.118625,14.512714,140.810036,126.297322
4,8,2856,91392,16.479780,1.547411,1.547411,15.732134,142.080011,126.347877
4,8,2951,94432,16.526988,1.563456,1.563456,14.845143,135.290087,120.444945
4,8,8645,276640,18.077650,2.728357,2.728357,19.789875,139.079988,119.290113
4,8,16181,517792,18.982013,4.252312,4.252312,17.344714,149.019994,131.675280
4,10,4,160,7.321928,0.897946,0.897946,15.628580,136.459945,120.831364
4,16,22,1408,10.459432,0.935107,0.935107,15.232312,137.230032,121.997720
4,16,333,21312,14.379378,1.042277,1.042277,15.769857,137.630035,121.860178
4,16,534,34176,15.060696,1.160536,1.160536,14.107973,143.129961,129.021987
4,16,573,36672,15.162391,1.195509,1.195509,15.007259,139.239943,124.232684
4,16,665,42560,15.377211,1.240554,1.240554,15.194563,137.850060,122.655498
4,16,747,47808,15.544964,1.238875,1.238875,14.429732,138.259958,123.830226
4,16,10344,662016,19.336507,5.203036,5.203036,20.812152,150.250038,129.437886
4,16,38836,2485504,21.245107,16.633009,16.633009,29.946598,152.179971,122.233373
4,29,1363,158108,17.270551,2.447589,2.447589,15.182447,138.959964,123.777517
4,30,23774,2852880,21.443988,18.833732,18.833732,32.681304,152.890105,120.208801
4,37,15,2220,11.116344,0.941598,0.941598,15.002313,136.228977,121.226664
4,43,18,3096,11.596190,0.977304,0.977304,14.953687,133.879948,118.926261
4,48,17741,3406272,21.699762,14.664303,14.664303,28.295706,152.140041,123.844335
4,56,183,40992,15.323055,1.325964,1.325964,14.204723,141.109922,126.905199
4,64,16,4096,12.000000,0.932419,0.932419,13.282553,179.799972,166.517419
4,64,25,6400,12.643856,1.030026,1.030026,14.907580,161.009026,146.101446
4,64,32,8192,13.000000,0.979277,0.979277,13.753277,138.369971,124.616694
4,64,354,90624,16.467606,1.579652,1.579652,15.425438,134.879956,119.454519
4,64,4571,1170176,20.158294,8.689437,8.689437,22.550428,144.049991,121.499563
4,64,9150,2342400,21.159556,16.284973,16.284973,29.759723,152.079971,122.320247
4,64,10548,2700288,21.364682,14.362045,14.362045,27.793572,150.720007,122.926435
4,64,15205,3892480,21.892258,16.854661,16.854661,31.513161,187.310041,155.796880
4,128,74,37888,15.209453,1.289723,1.289723,14.690402,135.899987,121.209585
4,128,79,40448,15.303781,1.286785,1.286785,14.684991,136.908959,122.223967
4,128,135,69120,16.076816,1.565438,1.565438,16.060161,138.120027,122.059867
4,128,176,90112,16.459432,1.526911,1.526911,15.751303,146.050006,130.298703
4,128,608,311296,18.247928,2.958447,2.958447,16.177866,144.180027,128.002161
4,128,639,327168,18.319672,3.951125,3.951125,17.857429,147.270039,129.412610
4,128,1345,688640,19.393390,7.160581,7.160581,21.845706,143.510057,121.664351
4,128,1377,705024,19.427313,7.348518,7.348518,20.605580,139.900018,119.294437
4,128,1579,808448,19.624795,8.209152,8.209152,20.813000,142.670935,121.857935
4,140,19,10640,13.377211,1.070152,1.070152,14.618268,136.840041,122.221773
4,222,564,500832,18.933967,6.087483,6.087483,20.404286,143.629964,123.225679
4,256,18,18432,14.169925,1.026437,1.026437,14.389839,141.180004,126.790164
4,256,31,31744,14.954196,1.237857,1.237857,15.034000,137.110939,122.076939
4,256,132,135168,17.044394,2.164589,2.164589,17.297723,137.949944,120.652221
4,256,399,408576,18.640245,4.670553,4.670553,21.422295,139.010022,117.587728
4,256,601,615424,19.231221,6.458616,6.458616,21.166723,143.720070,122.553347
4,256,1060,1085440,20.049849,10.625268,10.625268,24.318732,147.659914,123.341181
4,256,1075,1100800,20.070121,10.922411,10.922411,24.141553,151.969958,127.828405
4,256,1721,1762304,20.749031,16.804009,16.804009,29.335714,154.520036,125.184321
4,256,3575,3660800,21.803728,22.692428,22.692428,37.483420,168.729923,131.246503
4,256,4186,4286464,22.031357,26.491973,26.491973,39.679875,157.810049,118.130174
4,256,7388,7565312,22.850968,45.612259,45.612259,59.798589,186.720048,126.921459
4,256,8233,8430592,23.007203,50.946366,50.946366,64.554286,187.220052,122.665766
4,256,27451,28109824,24.744571,166.079357,166.079357,181.233429,302.950037,121.716608
4,390,7,10920,13.414685,1.000857,1.000857,15.096884,136.540039,121.443155
4,401,20,32080,14.969387,1.295741,1.295741,15.443286,137.299998,121.856712
4,512,17,34816,15.087463,1.239866,1.239866,16.431893,137.749012,121.317119
4,512,25,51200,15.643856,1.369554,1.369554,15.771134,140.179996,124.408862
4,512,75,153600,17.228819,2.354589,2.354589,16.846402,136.259943,119.413542
4,512,359,735232,19.487840,7.510857,7.510857,18.346125,148.240011,129.893886
4,512,574,1175552,20.164907,11.570830,11.570830,21.788027,151.360058,129.572031
4,983,2832,11135424,23.408653,70.487107,70.487107,81.913714,219.900045,137.986330
4,1007,9540,38427120,25.195622,231.845875,231.845875,244.740134,370.569993,125.829859
4,1024,16,65536,16.000000,1.366589,1.366589,12.002009,140.869990,128.867981
4,1024,20,81920,16.321928,1.683884,1.683884,12.905143,138.471019,125.565877
4,1024,277,1134592,20.113742,11.122571,11.122571,22.523866,153.020024,130.496158
4,1024,884,3620864,21.787903,22.867161,22.867161,33.643848,158.100040,124.456191
4,1060,18,76320,16.219774,1.661286,1.661286,13.237143,139.220036,125.982893
4,1457,1239,7220892,22.783746,46.090554,46.090554,56.831723,186.210033,129.378309
4,3678,38,559056,19.092633,6.053393,6.053393,17.295562,168.848899,151.553337
4,3862,860,13285280,23.663325,81.715670,81.715670,94.097723,216.100016,122.002292
4,3964,15,237840,17.859632,3.148027,3.148027,16.316009,140.339951,124.023942
5,1,136,680,9.409391,0.879697,0.879697,14.623143,136.371003,121.747861
5,4,333,6660,12.701306,0.952687,0.952687,12.267402,135.869021,123.601619
5,5,24,600,9.228819,0.913982,0.913982,12.488464,138.669973,126.181509
5,10,1211,60550,15.885839,1.627956,1.627956,14.537303,139.311072,124.773769
5,11,3021,166155,17.342170,2.454089,2.454089,13.535134,138.349948,124.814813
5,20,3,300,8.228819,0.921821,0.921821,14.034848,143.809943,129.775094
5,59,4,1180,10.204571,0.905455,0.905455,12.859393,141.349039,128.489646
5,72,47,16920,14.046442,1.098839,1.098839,12.832000,138.520030,125.688030
5,134,45,30150,14.879870,1.339723,1.339723,14.029982,136.259943,122.229961
5,169,30,25350,14.629698,1.178723,1.178723,14.606848,137.689989,123.083141
5,291,7583,11033265,23.395356,47.394679,47.394679,58.617562,185.179990,126.562427
5,297,11593,17215605,24.037214,73.168044,73.168044,84.639027,210.699975,126.060948
5,410,12,24600,14.586371,1.181134,1.181134,12.210750,159.060000,146.849250
5,3763,3,56445,15.784558,1.655152,1.655152,12.529420,138.020026,125.490607
6,1,39,234,7.870365,0.863116,0.863116,10.608581,146.590057,135.981476
6,1,243,1458,10.509775,0.880321,0.880321,12.501000,147.109968,134.608968
6,6,19922,717192,19.452000,6.994187,6.994187,18.887143,143.129029,124.241886
6,13,498,38844,15.245404,1.245723,1.245723,12.965312,136.579969,123.614656
6,36,18,3888,11.924813,0.997874,0.997874,14.960590,141.480006,126.519417
6,132,22886,18125712,24.111534,77.316063,77.316063,89.020839,213.669031,124.648191
6,288,11249,19438272,24.212397,79.541723,79.541723,90.576125,216.760091,126.183965
7,1,206,1442,10.493855,0.900830,0.900830,13.551973,138.400006,124.848033
7,1,6190,43330,15.403079,1.273125,1.273125,13.250000,156.369992,143.119992
7,2,33,462,8.851749,0.932678,0.932678,11.975589,140.780001,128.804412
7,12,18153,1524852,20.540238,12.005670,12.005670,23.097402,147.850020,124.752618
7,17,293,34867,15.089575,1.360973,1.360973,13.535857,141.000026,127.464169
7,123,375,322875,18.300616,3.128018,3.128018,13.736839,139.749027,126.012187
7,341,6,14322,13.805945,1.002045,1.002045,13.064553,136.410003,123.345449
7,705,5,24675,14.590762,1.107277,1.107277,12.006545,141.510041,129.503497
7,3155,4,88340,16.430779,1.777500,1.777500,13.124607,138.319912,125.195305
8,1,12,96,6.584963,0.878714,0.878714,12.498384,137.859955,125.361571
8,1,18,144,7.169925,0.889438,0.889438,13.708402,138.689997,124.981595
8,1,20,160,7.321928,0.874714,0.874714,12.200696,138.179981,125.979285
8,1,81,648,9.339850,0.878286,0.878286,13.880687,137.299998,123.419310
8,1,1755,14040,13.777255,0.958179,0.958179,12.048571,138.220028,126.171457
8,1,25099,200792,17.615342,2.248803,2.248803,12.984982,137.760071,124.775089
8,1,89964,719712,19.457060,5.441679,5.441679,18.178688,140.939956,122.761268
8,2,37,592,9.209453,0.893044,0.893044,12.604018,141.280005,128.675987
8,4,7,224,7.807355,0.913116,0.913116,13.890715,138.449948,124.559234
8,5,9250,370000,18.497166,3.337536,3.337536,14.665277,140.220043,125.554766
8,8,11,704,9.459432,0.935384,0.935384,11.984438,137.499999,125.515562
8,8,15,960,9.906891,0.911179,0.911179,12.186455,138.379983,126.193527
8,8,32,2048,11.000000,0.941759,0.941759,13.491125,137.840048,124.348923
8,8,199,12736,13.636625,0.981027,0.981027,15.723393,136.599992,120.876600
8,8,228,14592,13.832890,1.021581,1.021581,13.343670,140.680000,127.336331
8,8,920,58880,15.845490,1.342705,1.342705,11.943420,138.849951,126.906532
8,8,7120,455680,18.797662,3.796598,3.796598,20.073179,139.669981,119.596802
8,8,22643,1449152,20.466777,10.082759,10.082759,20.611268,145.331025,124.719757
8,8,27168,1738752,20.729621,11.995366,11.995366,23.321857,145.929982,122.608125
8,8,118270,7569280,22.851725,31.580580,31.580580,44.539411,168.259954,123.720543
8,12,25651,2462496,21.231690,16.538982,16.538982,28.261143,152.820023,124.558880
8,16,86,11008,13.426265,0.984831,0.984831,12.030437,139.510026,127.479589
8,16,124,15872,13.954196,0.959143,0.959143,13.765241,136.179966,122.414725
8,16,215,27520,14.748193,1.094142,1.094142,14.416982,140.060089,125.643106
8,16,2141,274048,18.064069,2.723982,2.723982,14.645866,145.119964,130.474098
8,16,4059,519552,18.986909,4.238214,4.238214,17.189295,148.960040,131.770745
8,16,9572,1225216,20.224605,8.838670,8.838670,19.358455,148.689956,129.331501
8,16,72227,9245056,23.140251,38.282991,38.282991,50.623714,174.080022,123.456307
8,64,68,34816,15.087463,1.350036,1.350036,12.437884,136.340037,123.902153
8,64,83,42496,15.375039,1.351857,1.351857,12.561125,139.210024,126.648899
8,64,89,45568,15.475733,1.406428,1.406428,14.672018,140.120042,125.448025
8,64,322,164864,17.330917,2.261527,2.261527,12.054866,138.369971,126.315105
8,64,2655,1359360,20.374496,9.992009,9.992009,23.471143,174.910994,151.439851
8,64,10393,5321216,22.343325,23.104973,23.104973,34.052563,159.729971,125.677408
8,64,11067,5666304,22.433977,24.163161,24.163161,34.932268,161.080039,126.147771
8,64,12593,6447616,22.620334,27.522473,27.522473,41.499822,167.440041,125.940219
8,64,31938,16352256,23.962986,66.842866,66.842866,78.001277,204.890035,126.888758
8,128,17,17408,14.087463,1.033429,1.033429,13.486107,139.610027,126.123920
8,128,29,29696,14.857981,1.091893,1.091893,13.670563,154.069974,140.399411
8,128,46,47104,15.523562,1.225045,1.225045,12.798152,146.190054,133.391902
8,128,345,353280,18.430453,3.200848,3.200848,15.248696,138.890115,123.641418
8,128,360,368640,18.491853,3.308741,3.308741,14.232545,143.020065,128.787520
8,128,486,497664,18.924813,4.146393,4.146393,15.847134,150.079955,134.232821
8,128,6234,6383616,22.605942,26.513411,26.513411,38.030000,165.090081,127.060081
8,128,9651,9882624,23.236463,40.535759,40.535759,53.480277,180.890085,127.409808
8,221,70,123760,16.917186,1.839000,1.839000,13.128554,135.690090,122.561536
8,256,8,16384,14.000000,0.957955,0.957955,13.782545,137.889991,124.107446
8,256,11,22528,14.459432,1.043714,1.043714,12.768696,137.399998,124.631302
8,256,20,40960,15.321928,1.196723,1.196723,12.050161,138.659962,126.609801
8,256,143,292864,18.159871,2.788402,2.788402,17.122750,139.629003,122.506253
8,256,577,1181696,20.172428,8.497562,8.497562,19.977732,146.290986,126.313254
8,256,1571,3217408,21.617467,13.719026,13.719026,25.805428,149.019994,123.214565
8,256,2637,5400576,22.364682,22.769429,22.769429,36.991723,157.369999,120.378276
8,512,23,94208,16.523562,1.554170,1.554170,12.519857,141.069992,128.550135
8,512,31,126976,16.954196,1.752544,1.752544,12.763152,176.210073,163.446921
8,512,354,1449984,20.467606,10.667179,10.667179,22.043170,144.588994,122.545824
8,512,749,3067904,21.548822,15.910241,15.910241,27.973402,152.140041,124.166639
8,557,2,8912,13.121534,1.026277,1.026277,14.698741,142.959994,128.261253
8,1024,16,131072,17.000000,1.793295,1.793295,14.229527,139.239943,125.010416
8,1024,24,196608,17.584963,2.185857,2.185857,16.070420,144.010060,127.939641
8,1024,60,491520,18.906891,4.186116,4.186116,17.448446,140.591059,123.142613
8,1024,77,630784,19.266787,5.165652,5.165652,16.789277,143.860001,127.070724
8,1024,187,1531904,20.546894,11.187723,11.187723,23.333009,146.509963,123.176954
8,1024,223,1826816,20.800900,13.166705,13.166705,26.505669,151.019893,124.514223
8,1024,384,3145728,21.584963,16.127170,16.127170,29.458411,155.388960,125.930549
8,1024,469,3842048,21.873444,16.620884,16.620884,29.778554,153.080095,123.301541
8,1024,729,5971968,22.509775,24.966107,24.966107,37.740295,170.669984,132.929690
8,1024,4111,33677312,25.005274,136.569303,136.569303,150.322411,282.870024,132.547613
9,1,1747,15723,13.940589,1.071741,1.071741,15.201161,136.829913,121.628752
9,26,7,1638,10.677720,0.940098,0.940098,13.334134,137.779978,124.445844
9,3539,3,95553,16.544014,2.079027,2.079027,14.421304,140.200020,125.778716
10,4,5776,231040,17.817783,3.030285,3.030285,16.984170,145.140104,128.155934
10,5,9643,482150,18.879123,5.859973,5.859973,20.107187,143.670011,123.562824
10,14,4,560,9.129283,0.912447,0.912447,12.913267,137.220020,124.306753
10,26,567,147420,17.169573,2.312143,2.312143,13.949964,144.229038,130.279073
10,95,27,25650,14.646671,1.183509,1.183509,13.788839,139.000011,125.211171
10,111,3,3330,11.701306,0.945000,0.945000,14.289875,138.360076,124.070200
10,125,7,8750,13.095067,0.924831,0.924831,13.546616,135.459937,121.913321
10,265,770,2040500,20.960491,17.008116,17.008116,29.783446,156.110036,126.326590
10,836,5,41800,15.351215,1.386410,1.386410,14.532563,145.540107,131.007545
10,878,450,3951000,21.913786,17.331991,17.331991,30.065295,167.059945,136.994650
11,1,8,88,6.459432,0.876696,0.876696,13.263125,143.809011,130.545886
11,83,6,5478,12.419434,0.950250,0.950250,13.550009,136.530027,122.980018
11,262,840,2420880,21.207100,18.229938,18.229938,29.878741,158.750103,128.871362
11,748,215,1769020,20.754519,13.005000,13.005000,25.397420,159.339979,133.942560
12,1,25,300,8.228819,0.902616,0.902616,13.064857,137.430034,124.365177
12,1,41,492,8.942515,0.880125,0.880125,15.012875,138.579984,123.567109
12,1,286,3432,11.744834,0.925723,0.925723,12.745696,141.851022,129.105326
12,1,506,6072,12.567956,0.925768,0.925768,15.145429,138.300005,123.154577
12,1,1094,13128,13.680360,1.000116,1.000116,14.339857,140.408985,126.069128
12,1,2566,30792,14.910268,1.175598,1.175598,14.089009,139.410025,125.321017
12,1,3427,41124,15.327693,1.264250,1.264250,13.830562,139.559968,125.729406
12,1,3931,47172,15.525643,1.301848,1.301848,14.057277,137.280091,123.222814
12,1,19418,233016,17.830069,2.872161,2.872161,14.303465,142.129953,127.826489
12,1,34892,418704,18.675571,4.515035,4.515035,19.837866,141.350087,121.512221
12,6,363,26136,14.673751,1.125482,1.125482,13.416991,145.409955,131.992964
12,8,10,960,9.906891,0.984447,0.984447,13.775580,137.959956,124.184376
12,8,18,1728,10.754888,0.969009,0.969009,13.794277,140.808988,127.014712
12,8,111,10656,13.379378,0.941973,0.941973,13.471830,138.859963,125.388133
12,8,1592,152832,17.221587,1.955723,1.955723,15.928589,139.899901,123.971312
12,8,2334,224064,17.773551,2.396616,2.396616,15.355000,141.720055,126.365055
12,8,3732,358272,18.450696,3.326875,3.326875,17.079446,144.499936,127.420490
12,8,6959,668064,19.349627,5.227857,5.227857,16.995991,143.459998,126.464007
12,8,8378,804288,19.617353,5.998393,5.998393,19.151759,145.509955,126.358197
12,13,8,1248,10.285402,0.950777,0.950777,13.473295,139.191048,125.717754
12,15,37,6660,12.701306,1.051437,1.051437,14.032295,137.459952,123.427658
12,16,89,17088,14.060696,1.104884,1.104884,13.682152,138.540054,124.857902
12,16,212,40704,15.312883,1.240893,1.240893,13.608982,138.449948,124.840966
12,16,243,46656,15.509775,1.220732,1.220732,13.283884,138.469972,125.186088
12,16,671,128832,16.975131,1.898143,1.898143,16.681884,148.999970,132.318087
12,16,2788,535296,19.029977,4.391438,4.391438,16.763982,144.729973,127.965991
12,16,11515,2210880,21.076189,15.194054,15.194054,27.826170,151.799992,123.973822
12,35,4,1680,10.714246,0.916536,0.916536,12.691295,140.739954,128.048659
12,64,69,52992,15.693487,1.594974,1.594974,13.256294,143.699930,130.443636
12,64,898,689664,19.395534,6.098545,6.098545,18.676321,145.079917,126.403596
12,64,1830,1405440,20.422590,10.741866,10.741866,24.330259,147.719984,123.389725
12,64,21131,16228608,23.952036,67.562553,67.562553,79.106724,204.559998,125.453274
12,64,27367,21017856,24.325112,86.791036,86.791036,98.722830,224.629999,125.907169
12,128,10,15360,13.906891,1.002437,1.002437,13.297161,148.940017,135.642856
12,128,37,56832,15.794416,1.413652,1.413652,14.394313,141.780009,127.385696
12,128,947,1454592,20.472183,10.378866,10.378866,22.732571,147.709972,124.977401
12,128,1580,2426880,21.210671,16.665393,16.665393,28.352705,161.919976,133.567270
12,128,4945,7595520,22.856717,31.486518,31.486518,45.728295,167.059945,121.331650
12,128,10629,16326144,23.960681,67.103045,67.103045,80.412866,203.780015,123.367149
12,256,116,356352,18.442943,3.427822,3.427822,19.444982,140.649965,121.204983
12,256,382,1173504,20.162391,8.770402,8.770402,21.105098,147.490064,126.384965
12,427,202,1035048,19.981266,9.493304,9.493304,21.301402,150.530017,129.228615
12,444,5400,28771200,24.778122,120.717732,120.717732,133.979143,281.209941,147.230798
12,512,12,73728,16.169925,1.543598,1.543598,14.499571,142.839970,128.340399
12,512,45,276480,18.076816,2.939848,2.939848,18.270688,145.539991,127.269303
12,512,66,405504,18.629357,3.856572,3.856572,16.914250,152.080087,135.165837
12,512,91,559104,19.092757,4.825875,4.825875,16.582536,144.270016,127.687480
12,512,183,1124352,20.100662,8.434866,8.434866,20.061116,147.309969,127.248853
12,512,788,4841472,22.207014,20.643768,20.643768,32.042420,159.800053,127.757633
12,512,799,4909056,22.227014,20.783429,20.783429,32.512697,162.540004,130.027307
12,512,880,5406720,22.366322,22.888241,22.888241,35.110411,166.050973,130.940563
12,512,1695,10414080,23.312032,43.350161,43.350161,55.234437,188.459991,133.225554
12,1024,54,663552,19.339850,5.466535,5.466535,17.522455,145.709957,128.187502
12,1024,111,1363968,20.379378,10.143563,10.143563,23.546973,151.479966,127.932993
12,1024,292,3588096,21.774787,15.647616,15.647616,28.780312,158.739975,129.959662
12,1024,317,3895296,21.893302,16.778741,16.778741,28.578598,158.929965,130.351367
12,1024,765,9400320,23.164278,39.490277,39.490277,50.556839,178.960036,128.403197
13,1,200,2600,11.344296,0.905411,0.905411,14.898884,141.580007,126.681123
13,4,18,936,9.870365,0.949437,0.949437,12.818848,144.249992,131.431144
13,4,6298,327496,18.321118,3.920723,3.920723,16.450312,164.160039,147.709727
13,12,5,780,9.607330,0.961116,0.961116,13.635420,143.580022,129.944603
13,13,370,62530,15.932261,1.441732,1.441732,13.921143,159.690040,145.768897
13,34,5083,2246686,21.099367,18.581678,18.581678,29.853286,162.100070,132.246784
13,426,466,2580708,21.299335,14.991536,14.991536,27.736170,156.339956,128.603787
13,1208,682,10710128,23.352472,47.483875,47.483875,60.934866,185.320037,124.385171
14,1,60,840,9.714246,0.894571,0.894571,12.359419,140.900025,128.540606
14,1,180,2520,11.299208,0.890991,0.890991,13.668982,145.189930,131.520948
14,1,2148,30072,14.876133,1.128830,1.128830,13.580857,143.159996,129.579139
14,1,4401,61614,15.910971,1.390804,1.390804,13.702848,145.350001,131.647152
14,1,11138,155932,17.250557,2.134884,2.134884,14.297866,148.848980,134.551114
14,1,24145,338030,18.366792,3.458438,3.458438,17.507973,144.909951,127.401978
14,1,50660,709240,19.435914,6.008571,6.008571,17.680723,146.680046,128.999323
14,1,52426,733964,19.485350,6.305000,6.305000,21.033822,148.250023,127.216201
14,1,69813,977382,19.898563,7.988143,7.988143,19.753536,148.819992,129.066457
14,3,5266,221172,17.754809,2.611991,2.611991,14.081723,139.779993,125.698270
14,8,1237,138544,17.079985,1.801089,1.801089,16.358098,143.709010,127.350913
14,8,6606,739872,19.496916,5.674036,5.674036,19.428018,144.460006,125.031988
14,8,22064,2471168,21.236762,16.632572,16.632572,29.953161,162.789947,132.836787
14,8,40534,4539808,22.114200,19.307009,19.307009,32.025295,191.300060,159.274765
14,8,49373,5529776,22.398790,23.081991,23.081991,35.921714,161.889941,125.968226
14,14,902,176792,17.431693,2.428402,2.428402,14.001687,157.199916,143.198229
14,16,9,2016,10.977280,1.013697,1.013697,12.733420,144.139980,131.406560
14,16,12,2688,11.392317,1.055152,1.055152,12.100402,146.609964,134.509562
14,16,235,52640,15.683872,1.281688,1.281688,14.136714,141.780009,127.643294
14,16,2042,457408,18.803122,3.880911,3.880911,21.037553,144.199003,123.161449
14,16,2130,477120,18.863993,4.145143,4.145143,18.494581,148.129999,129.635418
14,16,2925,655200,19.321576,5.183402,5.183402,17.066688,145.309954,128.243266
14,16,3531,790944,19.593216,6.143384,6.143384,17.627295,144.110061,126.482766
14,16,14373,3219552,21.618429,13.842500,13.842500,26.238705,152.489985,126.251280
14,16,117551,26331424,24.650282,108.747669,108.747669,121.577268,253.239996,131.662728
14,34,31961,15213436,23.858843,70.909741,70.909741,82.591018,210.689963,128.098945
14,64,82,73472,16.164907,1.691982,1.691982,14.757107,173.749984,158.992877
14,64,528,473088,18.851749,4.723571,4.723571,16.383018,148.500083,132.117065
14,64,563,504448,18.944346,4.734920,4.734920,20.188857,144.229969,124.041112
14,64,2665,2387840,21.187275,16.893142,16.893142,29.380420,166.659942,137.279522
14,64,6442,5772032,22.460648,24.628697,24.628697,36.338125,169.109902,132.771778
14,64,24927,22334592,24.412777,91.315831,91.315831,105.737402,232.480001,126.742599
14,64,35429,31744384,24.919998,130.707884,130.707884,143.135714,274.640042,131.504328
14,128,345,618240,19.237807,5.011438,5.011438,16.872428,148.631050,131.758622
14,128,2550,4569600,22.123636,19.479500,19.479500,31.755580,168.560073,136.804493
14,128,8541,15305472,23.867544,63.206340,63.206340,76.171134,206.411001,130.239867
14,256,38,136192,17.055282,1.849295,1.849295,14.310000,168.619910,154.309910
14,256,45,161280,17.299208,2.113902,2.113902,13.983866,144.149992,130.166125
14,256,100,358400,18.451211,3.428107,3.428107,19.154723,147.420098,128.265375
14,256,176,630784,19.266787,5.128714,5.128714,17.072973,144.980033,127.907060
14,256,2606,9339904,23.154976,39.409008,39.409008,51.519857,181.139912,129.620055
14,256,3367,12067328,23.524603,50.247099,50.247099,63.244723,189.990038,126.745315
14,256,4396,15755264,23.909331,65.380857,65.380857,77.518822,213.020016,135.501194
14,256,8550,30643200,24.869064,124.578027,124.578027,137.735179,273.250043,135.514865
14,512,9,64512,15.977280,1.402562,1.402562,14.521393,141.580007,127.058614
14,512,10,71680,16.129283,1.431071,1.431071,14.196723,142.810051,128.613328
14,512,11,78848,16.266787,1.555295,1.555295,13.580982,142.409001,128.828018
14,512,12,86016,16.392317,1.536991,1.536991,13.472446,143.559999,130.087553
14,512,32,229376,17.807355,2.463625,2.463625,13.569831,145.250000,131.680170
14,512,50,358400,18.451211,3.641598,3.641598,17.416152,146.329985,128.913833
14,512,287,2057216,20.972262,14.678688,14.678688,26.595723,154.999900,128.404177
14,512,320,2293760,21.129283,16.220509,16.220509,28.268848,196.779962,168.511114
14,512,3278,23496704,24.485955,97.132455,97.132455,111.530259,237.669912,126.139653
14,781,7,76538,16.223889,1.557428,1.557428,14.201009,150.360051,136.159042
14,1024,9,129024,16.977280,1.876447,1.876447,14.592545,141.969067,127.376522
14,1024,13,186368,17.507795,2.331848,2.331848,13.762714,141.149969,127.387255
14,1024,40,573440,19.129283,4.646330,4.646330,18.037152,150.220003,132.182851
14,1024,47,673792,19.361944,5.445812,5.445812,18.363295,148.689956,130.326662
14,1024,1619,23209984,24.468242,96.539392,96.539392,108.298134,236.379914,128.081780
14,2014,8,225568,17.783203,2.401464,2.401464,13.431268,143.459998,130.028730
15,8,5879,705480,19.428246,5.561134,5.561134,17.875259,146.719976,128.844718
15,15,21,4725,12.206099,1.109696,1.109696,14.540259,141.920056,127.379797
15,134,21,42210,15.365297,1.507340,1.507340,13.593884,149.769941,136.176057
15,499,9,67365,16.039712,1.378473,1.378473,13.572428,141.740078,128.167650
16,1,15,240,7.906891,0.883402,0.883402,12.022429,141.850091,129.827662
16,1,20,320,8.321928,0.903259,0.903259,12.143268,142.380013,130.236745
16,1,40,640,9.321928,0.884563,0.884563,15.020268,140.110962,125.090694
16,1,53,848,9.727920,0.881848,0.881848,13.966821,155.920046,141.953225
16,1,79,1264,10.303781,0.904723,0.904723,13.618732,143.630081,130.011349
16,1,333,5328,12.379378,0.941955,0.941955,12.858741,143.139972,130.281231
16,1,2351,37616,15.199059,1.184294,1.184294,13.033268,142.200035,129.166767
16,2,3,96,6.584963,0.881402,0.881402,17.975187,141.480006,123.504819
16,6,33,3168,11.629357,0.956428,0.956428,12.913598,145.539991,132.626393
16,8,9,1152,10.169925,0.927956,0.927956,15.742473,139.749958,124.007485
16,8,10,1280,10.321928,0.959679,0.959679,14.016848,143.349054,129.332206
16,8,17,2176,11.087463,0.965143,0.965143,13.446982,144.970021,131.523039
16,8,51,6528,12.672425,1.008571,1.008571,13.512420,141.940080,128.427660
16,8,2041,261248,17.995060,2.666392,2.666392,16.808839,143.880025,127.071185
16,8,13056,1671168,20.672425,11.559643,11.559643,23.541018,148.980063,125.439046
16,8,40482,5181696,22.304993,21.791000,21.791000,33.556125,164.200086,130.643961
16,8,93910,12020480,23.518991,49.589044,49.589044,61.503285,202.880008,141.376723
16,16,39,9984,13.285402,1.105143,1.105143,12.812027,144.419959,131.607932
16,16,43,11008,13.426265,1.104928,1.104928,15.793607,148.460036,132.666429
16,16,63,16128,13.977280,1.129134,1.129134,18.094857,145.350001,127.255144
16,16,146,37376,15.189825,1.400188,1.400188,13.850009,141.629018,127.779009
16,16,173,44288,15.434628,1.367598,1.367598,13.228009,140.808988,127.580979
16,16,9012,2307072,21.137632,16.065679,16.065679,28.068009,162.360026,134.292017
16,16,9780,2503680,21.255619,17.507169,17.507169,28.376304,156.290946,127.914642
16,16,21146,5413376,22.368097,23.130831,23.130831,35.218571,164.750032,129.531461
16,16,26641,6820096,22.701361,28.595125,28.595125,41.113572,167.829916,126.716344
16,16,49270,12613120,23.588422,51.748750,51.748750,65.515875,195.230008,129.714133
16,17,192,52224,15.672425,1.384152,1.384152,13.429964,142.959994,129.530030
16,64,249,254976,17.960002,2.700571,2.700571,15.522107,143.530080,128.007973
16,128,72,147456,17.169925,1.860866,1.860866,13.562580,143.999932,130.437352
16,128,82,167936,17.357552,1.998750,1.998750,13.566268,142.629957,129.063689
16,128,680,1392640,20.409391,9.936554,9.936554,22.306991,158.130075,135.823084
16,128,992,2031616,20.954196,14.038419,14.038419,26.230438,156.410970,130.180532
16,128,1404,2875392,21.455327,14.294956,14.294956,26.117134,155.579997,129.462864
16,128,1865,3819520,21.864960,16.247875,16.247875,27.888143,155.500020,127.611877
16,128,8750,17920000,24.095067,73.095295,73.095295,85.553294,212.490093,126.936798
16,128,16636,34070528,25.022021,137.832322,137.832322,150.623563,278.258929,127.635366
16,256,20,81920,16.321928,1.449277,1.449277,15.724866,140.749034,125.024168
16,256,29,118784,16.857981,1.738527,1.738527,13.025822,143.969082,130.943261
16,256,40,163840,17.321928,2.037589,2.037589,13.854553,147.289946,133.435392
16,256,50,204800,17.643856,2.330750,2.330750,15.137143,144.109945,128.972802
16,256,59,241664,17.882643,2.519009,2.519009,13.699241,145.149999,131.450758
16,256,77,315392,18.266787,3.055527,3.055527,15.265580,153.500005,138.234424
16,256,1053,4313088,22.040290,18.264098,18.264098,32.128839,159.829040,127.700201
16,512,15,122880,16.906891,1.737125,1.737125,13.498420,144.180027,130.681607
16,512,16,131072,17.000000,1.774821,1.774821,13.751152,143.780024,130.028872
16,512,654,5357568,22.353147,22.722553,22.722553,33.928848,161.390053,127.461205
16,512,1214,9945088,23.245553,40.925822,40.925822,53.156982,185.700017,132.543035
16,512,2522,20660224,24.300353,84.237018,84.237018,96.634563,225.470983,128.836421
16,1024,12,196608,17.584963,2.261768,2.261768,14.529000,149.900094,135.371094
16,1024,22,360448,18.459432,3.257554,3.257554,14.737152,159.649993,144.912841
16,1024,77,1261568,20.266787,9.241277,9.241277,23.333143,159.970019,136.636876
16,1024,441,7225344,22.784635,30.437598,30.437598,42.898152,169.849955,126.951803
16,1024,593,9715712,23.211888,40.480401,40.480401,54.198125,189.949991,135.751866
16,1024,897,14696448,23.808964,61.149268,61.149268,72.116455,196.720008,124.603553
16,1024,1871,30654464,24.869594,124.233277,124.233277,137.595447,265.479903,127.884456
17,44,655,489940,18.902246,5.140982,5.140982,17.404982,151.231070,133.826088
18,2,8219,295884,18.174672,5.162536,5.162536,17.670188,148.460036,130.789849
18,3,495,26730,14.706172,1.271705,1.271705,15.118714,141.150085,126.031371
18,7,16,2016,10.977280,0.992973,0.992973,13.543553,141.609926,128.066372
18,22,19912,7885152,22.910707,35.784893,35.784893,48.568178,176.590052,128.021874
18,31,4707,2626506,21.324713,13.881991,13.881991,25.047125,156.290014,131.242889
18,36,9,5832,12.509775,1.076420,1.076420,12.960446,141.609926,128.649479
19,4,11,836,9.707359,0.928018,0.928018,18.269696,141.938915,123.669219
19,381,42,304038,18.213892,3.301125,3.301125,15.807536,145.270023,129.462488
20,2,1511,60440,15.883216,1.783187,1.783187,13.386125,143.409939,130.023814
20,3,2,120,6.906891,0.861223,0.861223,13.555438,141.069992,127.514554
20,28,16111,9022160,23.105041,42.424295,42.424295,55.432562,181.369949,125.937387
20,85,381,647700,19.304966,5.396553,5.396553,18.355839,146.850012,128.494173
20,405,382,3094200,21.561135,16.333473,16.333473,28.746411,165.679958,136.933547
21,2,20,840,9.714246,0.952830,0.952830,14.288973,140.549964,126.260991
21,68,156,222768,17.765182,3.544982,3.544982,17.572402,143.809943,126.237541
21,77,1072,1733424,20.725193,13.743554,13.743554,26.144107,156.710041,130.565934
21,1442,30,908460,19.793063,7.716062,7.716062,19.875000,149.909989,130.034989
22,11,9072,2195424,21.066068,16.818554,16.818554,30.658420,159.249990,128.591570
22,41,1421,1281742,20.289674,10.951661,10.951661,24.730009,150.499982,125.769973
22,678,183,2729628,21.380273,15.559464,15.559464,28.316437,181.159936,152.843498
22,1669,21,771078,19.556517,6.956554,6.956554,19.270732,147.890067,128.619334
24,3,339,24408,14.575066,1.090625,1.090625,14.059991,142.290955,128.230965
24,5,12174,1460880,20.478406,10.569687,10.569687,21.905857,152.369961,130.464104
24,623,18,269136,18.037976,2.761294,2.761294,14.736563,148.150022,133.413460
24,2039,58,2838288,21.436590,15.070669,15.070669,27.354732,158.290030,130.935297
25,275,25,171875,17.391000,2.960964,2.960964,16.800866,144.309015,127.508149
25,610,18,274500,18.066447,3.334286,3.334286,15.823741,142.580015,126.756274
25,2635,13,856375,19.707883,8.007170,8.007170,22.304884,168.649945,146.345061
26,93,2351,5684718,22.438657,25.178822,25.178822,38.047161,165.671110,127.623950
27,6,6,972,9.924813,0.929009,0.929009,14.289705,148.219988,133.930283
27,923,478,11912238,23.505941,52.543286,52.543286,64.300893,193.829997,129.529104
28,11,190,58520,15.836642,1.544732,1.544732,15.992295,142.109930,126.117635
28,15,2432,1021440,19.962173,8.112000,8.112000,21.523875,148.209976,126.686101
29,2,138,8004,12.966505,1.133705,1.133705,14.260259,143.100042,128.839783
30,5,7,1050,10.036174,0.911384,0.911384,16.803277,144.600053,127.796776
31,18,16,8928,13.124121,1.200813,1.200813,13.936982,140.549964,126.612982
31,78,203,490854,18.904934,5.121313,5.121313,16.588696,146.419974,129.831278
31,292,163,1475476,20.492749,14.224562,14.224562,30.538991,155.880000,125.341008
32,1,12,384,8.584963,0.901947,0.901947,13.432554,210.009981,196.577427
32,1,448,14336,13.807355,0.981830,0.981830,13.415562,145.970960,132.555398
32,1,11293,361376,18.463141,3.273875,3.273875,16.346563,145.208905,128.862343
32,1,34939,1118048,20.092551,8.024437,8.024437,20.573705,149.249914,128.676209
32,2,4453,284992,18.120562,5.009473,5.009473,18.574152,147.448969,128.874817
32,8,18,4608,12.169925,1.017393,1.017393,15.561688,142.839970,127.278282
32,8,114,29184,14.832890,1.098393,1.098393,16.685170,145.680038,128.994869
32,8,3244,830464,19.663558,6.514696,6.514696,19.685134,148.309045,128.623911
32,8,6310,1615360,20.623424,11.639617,11.639617,25.292134,151.560060,126.267926
32,8,7948,2034688,20.956376,14.408366,14.408366,26.769991,173.770008,147.000016
32,8,8610,2204160,21.071798,15.464867,15.464867,29.888955,161.368982,131.480027
32,8,31402,8038912,22.938569,33.902044,33.902044,47.059277,175.100053,128.040776
32,8,31502,8064512,22.943156,33.894723,33.894723,46.707598,180.440024,133.732425
32,16,18,9216,13.169925,1.155562,1.155562,14.123590,139.800017,125.676427
32,16,38,19456,14.247928,1.346340,1.346340,13.744446,143.109937,129.365491
32,16,331,169472,17.370687,2.247268,2.247268,14.605393,148.800085,134.194692
32,16,368,188416,17.523562,2.230866,2.230866,14.816437,143.809943,128.993505
32,16,738,377856,18.527477,3.608447,3.608447,16.825000,146.219973,129.394972
32,16,978,500736,18.933691,4.410295,4.410295,16.645304,150.409993,133.764689
32,16,4098,2098176,21.000704,15.187857,15.187857,28.938732,155.569986,126.631253
32,16,4596,2353152,21.166163,16.412455,16.412455,30.662295,156.100024,125.437730
32,16,8015,4103680,21.968487,17.403089,17.403089,29.004991,184.859033,155.854042
32,16,12803,6555136,22.644194,28.066884,28.066884,41.428580,166.009995,124.581415
32,16,15098,7730176,22.882070,32.475169,32.475169,45.749554,203.000032,157.250479
32,16,15725,8051200,22.940772,34.194393,34.194393,46.835732,174.870016,128.034284
32,64,18,36864,15.169925,1.409402,1.409402,13.856562,139.509910,125.653347
32,64,98,200704,17.614710,2.675259,2.675259,16.671437,143.270940,126.599502
32,64,1544,3162112,21.592457,14.866669,14.866669,28.104732,154.840061,126.735329
32,64,2988,6119424,22.544964,26.368330,26.368330,38.823563,170.590007,131.766444
32,64,5563,11393024,23.441647,48.271161,48.271161,60.798294,195.289962,134.491667
32,104,718,2389504,21.188280,17.930848,17.930848,29.966152,162.179931,132.213779
32,128,9,36864,15.169925,1.144572,1.144572,13.580000,142.309931,128.729931
32,128,53,217088,17.727920,2.338232,2.338232,15.834277,142.090023,126.255746
32,128,216,884736,19.754888,6.659741,6.659741,20.493964,166.840036,146.346072
32,128,656,2686976,21.357552,18.231045,18.231045,31.239563,161.151052,129.911490
32,256,59,483328,18.882643,4.171830,4.171830,19.055527,141.929951,122.874425
32,256,176,1441792,20.459432,10.558973,10.558973,24.262723,151.880085,127.617362
32,256,1966,16105472,23.941048,65.748437,65.748437,78.974000,206.060009,127.086009
32,512,11,180224,17.459432,2.074839,2.074839,19.185026,143.699930,124.514904
32,512,185,3031040,21.531381,15.919518,15.919518,28.427152,157.010043,128.582891
32,512,285,4669440,22.154818,19.784840,19.784840,32.798991,157.110044,124.311053
32,1024,15,491520,18.906891,4.205429,4.205429,17.706705,145.760016,128.053310
32,1024,368,12058624,23.523562,50.126732,50.126732,63.147187,189.219951,126.072763
32,1024,474,15532032,23.888743,63.553572,63.553572,76.081027,230.920035,154.839009
33,8,23,6072,12.567956,1.088063,1.088063,13.949589,147.780054,133.830465
33,251,120,993960,19.922828,7.475313,7.475313,21.839741,154.410023,132.570282
33,725,822,19666350,24.229226,85.866268,85.866268,100.450991,226.409989,125.958998
34,3,40,4080,11.994353,0.997999,0.997999,13.143286,140.310032,127.166746
35,3,16,1680,10.714246,0.934384,0.934384,12.872152,151.820015,138.947863
36,189,5081,34571124,25.043064,145.037241,145.037241,159.908304,288.570067,128.661763
37,21,4001,3108777,21.567916,14.760446,14.760446,29.209589,158.639974,129.430385
38,417,41,649686,19.309383,6.533714,6.533714,23.456973,149.099971,125.642998
39,26,2439,2473146,21.237916,18.497392,18.497392,31.845018,184.840057,152.995039
39,1983,18,1392066,20.408796,10.683589,10.683589,23.843134,150.479958,126.636824
40,3,5,600,9.228819,0.920553,0.920553,15.642259,148.628955,132.986696
41,2,168,13776,13.749869,1.223045,1.223045,14.711027,141.499913,126.788886
43,5,10907,2345005,21.161160,18.129831,18.129831,31.355295,158.470008,127.114713
43,545,6,140610,17.101340,2.145018,2.145018,15.043884,143.270008,128.226124
44,17,37812,28283376,24.753451,126.437857,126.437857,139.257268,274.460064,135.202796
45,364,3,49140,15.584610,1.318277,1.318277,15.756571,139.340060,123.583488
46,12,3,1656,10.693487,0.931830,0.931830,15.973849,143.569894,127.596046
46,67,575,1772150,20.757069,14.545116,14.545116,27.545723,155.079993,127.534270
50,7,229,80150,16.290415,1.623045,1.623045,15.096304,141.559984,126.463680
50,57,486,1385100,20.401559,11.835732,11.835732,24.623277,154.100009,129.476732
50,152,385,2926000,21.480498,16.714294,16.714294,30.444277,158.270006,127.825729
51,3,12282,1879146,20.841646,14.484295,14.484295,27.503714,159.019954,131.516239
52,1881,5,489060,18.899652,4.570884,4.570884,17.512000,146.378996,128.866996
53,175,665,6167875,22.556342,30.402973,30.402973,43.316134,169.570092,126.253958
54,9,2058,1000188,19.931840,8.321964,8.321964,22.389447,148.248975,125.859529
54,102,2783,15328764,23.869738,65.930875,65.930875,78.789580,205.030083,126.240502
54,156,3869,32592456,24.958035,138.984536,138.984536,151.548839,277.559971,126.011132
55,2,115,12650,13.626850,1.085455,1.085455,14.194000,143.070007,128.876007
55,711,8,312840,18.255065,3.155589,3.155589,15.629839,151.910004,136.280165
58,25,9,13050,13.671762,1.162286,1.162286,14.095857,140.819931,126.724074
62,1855,24,2760240,21.396362,15.161741,15.161741,27.692268,155.939953,128.247686
64,11,2,1408,10.459432,0.929277,0.929277,13.658866,143.251033,129.592167
64,482,124,3825152,21.867086,16.903303,16.903303,30.739152,156.549970,125.810818
65,1,2,130,7.022368,0.838581,0.838581,14.752277,154.369976,139.617699
68,2,5221,710056,19.437573,11.042036,11.042036,23.322991,149.599975,126.276984
68,164,9,100368,16.614940,2.009402,2.009402,14.472295,144.051039,129.578744
69,2750,20,3795000,21.855668,17.194571,17.194571,30.764420,164.980069,134.215649
72,116,70,584640,19.157189,5.107161,5.107161,17.446125,150.030013,132.583888
73,23,13,21827,14.413826,1.217750,1.217750,14.764973,143.249985,128.485012
76,3,9438,2151864,21.037155,15.710090,15.710090,32.038152,171.359978,139.321826
76,286,136,2956096,21.495262,17.189732,17.189732,31.428438,156.649970,125.221533
77,151,3,34881,15.090154,1.308312,1.308312,14.788420,142.359990,127.571570
78,9,6,4212,12.040290,0.928893,0.928893,14.900857,142.780016,127.879159
81,2,10234,1657908,20.660933,20.420456,20.420456,33.077303,161.620090,128.542786
82,9,94,69372,16.082066,1.619840,1.619840,15.141554,143.789919,128.648365
82,855,2,140220,17.097333,3.071794,3.071794,17.346455,145.480037,128.133581
86,3,7,1806,10.818582,0.905429,0.905429,13.190696,160.739990,147.549294
93,4,3517,1308324,20.319288,12.953848,12.953848,25.738268,153.871020,128.132753
96,6,15923,9171648,23.128750,37.984839,37.984839,51.602687,235.289102,183.686415
96,19,48,87552,16.417853,1.730696,1.730696,14.654286,142.488978,127.834692
97,1511,23,3371041,21.684763,15.457688,15.457688,28.332589,156.959984,128.627395
99,18,563,1003266,19.936273,8.879589,8.879589,21.782143,152.610010,130.827867
100,431,7,301700,18.202755,3.431170,3.431170,16.145250,141.930068,125.784818
103,33,4,13596,13.730895,1.028875,1.028875,16.968116,143.370009,126.401893
104,9,12723,11908728,23.505516,49.690277,49.690277,62.429991,190.839986,128.409995
106,14,35,51940,15.664558,1.421393,1.421393,14.657571,142.959994,128.302423
110,5,4,2200,11.103288,0.912428,0.912428,12.976411,162.000069,149.023659
111,312,45,1558440,20.571671,12.539000,12.539000,28.106134,152.679975,124.573841
111,314,21,731934,19.481354,6.557295,6.557295,19.347286,148.630003,129.282716
116,3,14,4872,12.250298,0.963563,0.963563,15.204303,143.720070,128.515766
117,4,618,289224,18.141828,3.677687,3.677687,15.802384,146.160019,130.357635
119,966,8,919632,19.810697,7.445437,7.445437,20.379438,153.171015,132.791577
120,1946,12,2802240,21.418149,15.085964,15.085964,28.782143,155.219925,126.437782
121,4,8,3872,11.918863,0.887009,0.887009,14.980723,139.980111,124.999388
124,14,961,1668296,20.669944,12.120455,12.120455,24.540286,151.179964,126.639678
125,2,10390,2597500,21.308692,31.580143,31.580143,45.395866,170.739950,125.344084
125,65,212,1722500,20.716073,12.538437,12.538437,25.475562,180.869945,155.394383
134,22,836,2464528,21.232880,18.634446,18.634446,31.341134,159.449992,128.108858
134,1923,76,19583832,24.223160,87.601027,87.601027,100.028571,227.009994,126.981423
136,3,2,816,9.672425,0.928553,0.928553,13.491250,142.710982,129.219732
136,134,6,109344,16.738515,2.396152,2.396152,16.277027,145.419966,129.142940
138,45,3516,21834360,24.380097,94.723179,94.723179,107.813143,242.259935,134.446793
138,220,4,121440,16.889884,2.227723,2.227723,19.134277,143.549987,124.415710
142,141,28,560616,19.096653,7.824661,7.824661,21.113696,149.250031,128.136334
145,6,3,2610,11.349834,0.932420,0.932420,18.828143,142.259989,123.431846
146,1,12,1752,10.774787,0.907170,0.907170,13.018830,144.460006,131.441175
149,13,122,236314,17.850346,2.638357,2.638357,16.342295,143.890036,127.547742
154,4,24770,15258320,23.863093,93.901447,93.901447,107.391428,238.990062,131.598633
154,5,3,2310,11.173677,0.967795,0.967795,15.489982,145.320082,129.830100
155,159,18,443610,18.758932,5.835304,5.835304,18.646303,146.348961,127.702657
156,4060,3,1900080,20.857629,13.923607,13.923607,28.723018,155.739952,127.016934
161,10,17,27370,14.740308,1.320991,1.320991,16.916009,143.739977,126.823968
164,761,4,499216,18.929305,5.457295,5.457295,18.500447,143.379904,124.879458
172,4,73,50224,15.616089,1.637187,1.637187,15.956420,141.539960,125.583540
175,3,32,16800,14.036174,1.042705,1.042705,13.795554,145.030092,131.234538
177,24,123,522504,18.995083,4.435759,4.435759,17.028982,148.999970,131.970988
181,6,17548,19057128,24.183827,80.692027,80.692027,94.131268,220.599934,126.468666
182,218,3,119028,16.860941,1.798545,1.798545,16.070857,142.899924,126.829067
182,2095,7,2669030,21.347884,14.730402,14.730402,27.849000,154.868932,127.019933
183,2,17633,6453678,22.621690,79.152679,79.152679,94.631268,222.270028,127.638760
185,35,20,129500,16.982593,2.309991,2.309991,16.954705,131.489942,114.535237
185,2051,19,7209265,22.781421,33.905036,33.905036,48.280830,161.139993,112.859163
190,10,1508,2865200,21.450204,15.142518,15.142518,28.320339,144.271064,115.950724
199,6,17,20298,14.309050,1.110151,1.110151,15.535554,126.399915,110.864361
201,206,12,496872,18.922515,5.171723,5.171723,19.965714,136.659015,116.693301
201,298,533,31925634,24.928212,162.257446,162.257446,175.703420,287.479954,111.776534
208,16,4,13312,13.700440,1.043072,1.043072,15.584554,127.359992,111.775438
211,1,8,1688,10.721099,0.915544,0.915544,17.163553,126.049970,108.886417
220,2,201,88440,16.432411,2.372456,2.372456,15.902598,129.480031,113.577433
226,803,3,544434,19.054398,4.897661,4.897661,19.465687,134.200091,114.734403
231,524,78,9441432,23.170574,44.318188,44.318188,57.472839,169.929932,112.457093
242,143,11,380666,18.538166,3.593500,3.593500,19.179446,127.939973,108.760527
243,38,376,3471984,21.727329,15.743911,15.743911,30.946429,141.099910,110.153482
244,8,286,558272,19.090609,4.874402,4.874402,21.522277,131.589011,110.066734
244,51,7,87108,16.410518,1.633875,1.633875,16.169277,125.369988,109.200712
245,23,260,1465100,20.482568,10.977714,10.977714,25.467848,133.879948,108.412100
252,666,52,8727264,23.057098,37.511294,37.511294,54.055875,165.750040,111.694165
261,33,4,34452,15.072300,1.434285,1.434285,14.572116,128.490035,113.917919
269,5,5227,7030315,22.745158,29.978937,29.978937,43.676169,170.800020,127.123851
276,23,94,596712,19.186675,6.302250,6.302250,21.739304,129.619963,107.880659
279,1260,3,1054620,20.008292,8.031152,8.031152,25.150500,131.419976,106.269476
279,1396,64,24926976,24.571205,104.537625,104.537625,120.031125,267.489930,147.458805
285,2,2423,1381110,20.397397,17.568054,17.568054,32.197607,148.540013,116.342406
293,1,7115,2084695,20.991405,14.949705,14.949705,31.252705,139.660086,108.407380
307,2,9,5526,12.432020,1.005402,1.005402,14.815428,126.319937,111.504509
316,156,10,492960,18.911111,4.988152,4.988152,18.105848,131.579931,113.474083
332,3725,10,12367000,23.559992,53.458590,53.458590,66.513884,177.250942,110.737058
333,3,931,930069,19.826978,7.744134,7.744134,21.761723,142.890029,121.128305
334,1,1240,414160,18.659829,3.734268,3.734268,17.850580,127.990032,110.139451
342,371,24,3045168,21.538090,16.472786,16.472786,30.737732,143.331010,112.593278
344,133,2,91504,16.481547,2.404848,2.404848,17.598964,128.830899,111.231935
345,922,26,8270340,22.979515,38.590071,38.590071,52.181554,167.889986,115.708432
370,4,689,1019720,19.959742,10.561437,10.561437,24.807143,137.050054,112.242911
373,91,389,13203827,23.654453,57.583062,57.583062,70.611286,184.799079,114.187793
380,4,54,82080,16.324743,1.633116,1.633116,15.535848,128.620071,113.084223
382,4,216,330048,18.332316,3.083313,3.083313,16.299107,128.669897,112.370790
409,3,263,322701,18.299839,3.657554,3.657554,16.952857,130.199944,113.247087
417,16,1417,9454224,23.172528,42.723849,42.723849,57.013018,166.040030,109.027012
421,1,500,210500,17.683461,2.382982,2.382982,16.096831,131.109962,115.013132
445,42,14,261660,17.997334,3.293866,3.293866,18.767696,132.060028,113.292331
447,6,2,5364,12.389094,0.953660,0.953660,15.191125,128.809945,113.618820
449,9,4381,17703621,24.077541,75.906982,75.906982,89.922134,199.000002,109.077868
452,1,718,324536,18.308019,3.291590,3.291590,17.505848,134.840026,117.334177
452,42,260,4935840,22.234864,24.263143,24.263143,37.957714,150.669948,112.712234
458,1265,65,37659050,25.166493,158.522893,158.522893,172.443866,283.629983,111.186117
472,12,7,39648,15.274960,1.229304,1.229304,16.667420,131.540000,114.872581
473,1,43538,20593474,24.295684,85.693705,85.693705,101.058562,246.930053,145.871490
477,73,27,940167,19.842558,8.274000,8.274000,22.607259,133.750029,111.142770
478,319,15,2287230,21.125170,17.329554,17.329554,31.002562,147.010083,116.007521
479,48,51,1172592,20.161270,9.324268,9.324268,22.760857,131.820096,109.059239
483,138,7,466578,18.831759,4.350036,4.350036,17.755429,136.140035,118.384607
486,1,1546,751356,19.519137,6.220696,6.220696,19.315411,131.580047,112.264637
521,1061,36,19900116,24.246274,90.404294,90.404294,105.988446,217.059976,111.071530
525,460,16,3864000,21.881664,18.447393,18.447393,32.471437,139.750890,107.279452
539,2,988,1065064,20.022509,16.530616,16.530616,29.980714,140.190008,110.209294
546,22,831,9981972,23.250893,44.837054,44.837054,58.713027,167.099992,108.386965
554,6,9,29916,14.868630,1.241884,1.241884,14.104411,127.029954,112.925544
559,12,1035,6942780,22.727082,31.985366,31.985366,44.992143,154.720037,109.727895
595,35,112,2332400,21.153384,17.556018,17.556018,30.828268,140.870921,110.042654
604,361,9,1962396,20.904185,14.807821,14.807821,29.018580,138.580101,109.561520
609,5,24,73080,16.157189,1.427000,1.427000,15.133848,128.129963,112.996115
624,8,6,29952,14.870365,1.096866,1.096866,14.311295,127.129955,112.818661
647,34,7,153986,17.232440,2.339974,2.339974,17.610991,128.970947,111.359956
664,580,3,1155360,20.139911,9.456830,9.456830,22.388286,139.110023,116.721737
689,16,47,518128,18.982949,4.705295,4.705295,19.657553,127.090025,107.432471
694,564,2,782832,19.578343,13.123170,13.123170,28.396018,139.510958,111.114940
729,71,134,6935706,22.725611,32.950875,32.950875,47.598009,160.260010,112.662001
756,53,602,24120936,24.523783,100.580027,100.580027,114.849277,227.940036,113.090759
760,2,68,103360,16.657318,2.428143,2.428143,16.038393,127.400039,111.361646
797,204,5,812940,19.632789,7.102687,7.102687,20.944152,130.669912,109.725761
802,21,8,134736,17.039776,2.012625,2.012625,15.821714,140.660093,124.838379
822,9,79,584442,19.156700,5.265143,5.265143,21.048027,127.870007,106.821981
840,137,5,575400,19.134206,5.206286,5.206286,19.876866,135.999988,116.123122
843,308,51,13241844,23.658601,59.178893,59.178893,72.853098,181.569951,108.716852
941,71,423,28261053,24.752312,126.665857,126.665857,139.861277,256.840023,116.978746
964,5,67,322940,18.300907,3.348027,3.348027,19.270161,131.750014,112.479853
964,7,2,13496,13.720244,1.122715,1.122715,14.431419,127.540086,113.108667
970,25,659,15980750,23.929832,70.204830,70.204830,84.318428,194.610911,110.292483
974,1,4728,4605072,22.134792,20.104607,20.104607,34.802723,143.320067,108.517344
1003,2,7,14042,13.777461,1.120241,1.120241,14.196991,130.279921,116.082930
1010,927,39,36514530,25.121967,152.120911,152.120911,165.832259,276.179984,110.347725
1047,6,3605,22646610,24.432792,96.769143,96.769143,110.118884,223.779934,113.661050
1054,1,3,3162,11.626622,0.994848,0.994848,15.360848,123.910024,108.549176
1073,3,17,54723,15.739860,1.714268,1.714268,15.331420,126.639963,111.308543
1122,3,6,20196,14.301782,1.098848,1.098848,15.915268,126.849976,110.934708
1124,4,4,17984,14.134426,1.058491,1.058491,14.801277,127.590029,112.788752
1178,23,2,54188,15.725686,1.780697,1.780697,15.057134,129.080028,114.022894
1188,25,48,1425600,20.443138,11.134429,11.134429,25.325402,132.979942,107.654540
1189,1,8924,10610636,23.339008,44.628580,44.628580,57.944875,188.480015,130.535140
1201,44,28,1479632,20.496807,12.345714,12.345714,27.249964,137.900002,110.650038
1233,8,12,118368,16.852920,1.785080,1.785080,15.477705,126.159983,110.682277
1302,201,20,5234040,22.319494,25.213955,25.213955,38.579866,158.659997,120.080131
1311,11,15,216315,17.722774,2.712330,2.712330,17.860571,125.349965,107.489393
1329,959,10,12745110,23.603440,56.359429,56.359429,69.912402,180.330011,110.417609
1333,36,207,9933516,23.243873,44.434598,44.434598,58.810294,168.548897,109.738602
1349,761,3,3079767,21.554390,13.441170,13.441170,26.846143,147.980056,121.133913
1357,2,2,5428,12.406205,0.953312,0.953312,14.950277,126.230065,111.279788
1388,13,124,2237456,21.093428,15.804741,15.804741,29.387143,141.400029,112.012886
1406,78,3,329004,18.327746,3.198857,3.198857,16.243152,127.170002,110.926850
1497,636,10,9520920,23.182670,40.165705,40.165705,53.460965,172.380009,118.919044
1534,3,48,220896,17.753008,2.458839,2.458839,16.249866,131.840003,115.590136
1682,1,7793,13107826,23.643925,53.849982,53.849982,69.759286,190.671068,120.911782
1687,114,2,384636,18.553134,6.654107,6.654107,19.940875,133.330934,113.390059
1788,46,270,22206960,24.404509,91.670232,91.670232,105.131696,216.329005,111.197308
1819,1724,10,31359560,24.902402,134.728866,134.728866,149.029723,261.860085,112.830362
1924,3,2468,14245296,23.763982,61.330420,61.330420,74.969161,185.400015,110.430854
